run,best_epoch,validation_RMSE_MW
roll_1_15min_LSTM_seed17,10,1.6783308248676354
roll_1_15min_LSTM_seed42,10,1.672723464432696
roll_1_15min_LSTM_seed2026,16,1.6702623030288926
roll_1_15min_GRU_seed17,30,1.6181266338915916
roll_1_15min_GRU_seed42,20,1.6277404856116804
roll_1_15min_GRU_seed2026,7,1.6999872691022682
roll_2_15min_LSTM_seed17,15,1.3799727163738627
roll_2_15min_LSTM_seed42,18,1.3717183508466027
roll_2_15min_LSTM_seed2026,7,1.3953187634402489
roll_2_15min_GRU_seed17,12,1.3814167473916827
roll_2_15min_GRU_seed42,17,1.3991386949671902
roll_2_15min_GRU_seed2026,12,1.399138255962119
roll_3_15min_LSTM_seed17,28,1.8706055361053242
roll_3_15min_LSTM_seed42,22,1.8754963462561458
roll_3_15min_LSTM_seed2026,32,1.8033469481629816
roll_3_15min_GRU_seed17,16,1.8561095811151476
roll_3_15min_GRU_seed42,23,1.8729593253841925
roll_3_15min_GRU_seed2026,26,1.8221161464406221
roll_1_60min_LSTM_seed17,8,2.4813970479239513
roll_1_60min_LSTM_seed42,9,2.460932424120572
roll_1_60min_LSTM_seed2026,6,2.491585538969106
roll_1_60min_GRU_seed17,10,2.4844257896434043
roll_1_60min_GRU_seed42,15,2.5239726429552856
roll_1_60min_GRU_seed2026,7,2.5816045991737284
roll_2_60min_LSTM_seed17,18,2.332007498856517
roll_2_60min_LSTM_seed42,24,2.2237278823078643
roll_2_60min_LSTM_seed2026,21,2.248807841879054
roll_2_60min_GRU_seed17,14,2.3013042000912427
roll_2_60min_GRU_seed42,20,2.3113960792191848
roll_2_60min_GRU_seed2026,15,2.311885853014627
roll_3_60min_LSTM_seed17,9,2.5300356702577558
roll_3_60min_LSTM_seed42,32,2.33062601130751
roll_3_60min_LSTM_seed2026,18,2.4316696948478542
roll_3_60min_GRU_seed17,16,2.3447569072537635
roll_3_60min_GRU_seed42,18,2.401575725437125
roll_3_60min_GRU_seed2026,17,2.2763436234626733
