latitude,longitude,elevation,utc_offset_seconds,timezone,timezone_abbreviation
-23.75,134.0,558.0,34200,Australia/Darwin,GMT+9:30

time,temperature_2m (°C),relative_humidity_2m (%),precipitation (mm),cloud_cover (%),shortwave_radiation (W/m²),direct_normal_irradiance (W/m²),diffuse_radiation (W/m²),global_tilted_irradiance (W/m²),wind_speed_10m (m/s),wind_direction_10m (°),surface_pressure (hPa)
2024-01-01T00:00,24.2,14,0.00,95,0.0,0.0,0.0,0.0,3.22,120,950.6
2024-01-01T01:00,23.6,15,0.00,93,0.0,0.0,0.0,0.0,3.22,116,950.1
2024-01-01T02:00,22.0,18,0.00,62,0.0,0.0,0.0,0.0,3.30,104,949.6
2024-01-01T03:00,21.2,19,0.00,17,0.0,0.0,0.0,0.0,3.18,103,949.7
2024-01-01T04:00,19.6,22,0.00,23,0.0,0.0,0.0,0.0,2.96,102,949.7
2024-01-01T05:00,19.1,23,0.00,41,0.0,0.0,0.0,0.0,2.75,100,950.3
2024-01-01T06:00,20.6,23,0.00,4,23.0,102.5,14.0,13.7,2.67,103,951.3
2024-01-01T07:00,26.4,19,0.00,2,199.0,566.3,62.0,127.7,2.32,97,952.9
2024-01-01T08:00,29.2,18,0.00,1,444.0,786.4,86.0,361.1,3.61,95,953.2
2024-01-01T09:00,30.6,17,0.00,1,679.0,890.0,102.0,601.7,3.60,90,952.9
2024-01-01T10:00,32.4,14,0.00,20,880.0,951.8,111.0,811.9,2.73,98,952.8
2024-01-01T11:00,33.4,12,0.00,80,989.0,927.1,133.0,932.4,2.20,129,952.3
2024-01-01T12:00,35.2,11,0.00,100,1040.0,805.8,245.0,992.9,2.30,146,951.5
2024-01-01T13:00,35.6,11,0.00,100,864.0,394.6,472.0,833.0,2.14,143,950.6
2024-01-01T14:00,35.9,10,0.00,100,685.0,235.4,463.0,660.8,2.16,146,949.8
2024-01-01T15:00,36.4,10,0.00,100,618.0,279.9,383.0,590.4,2.51,151,949.2
2024-01-01T16:00,36.3,10,0.00,100,500.0,259.6,321.0,471.5,3.00,154,949.1
2024-01-01T17:00,35.8,10,0.00,100,349.0,274.3,211.0,317.0,3.61,146,948.8
2024-01-01T18:00,34.9,11,0.00,99,178.0,248.9,105.0,146.1,4.25,139,949.1
2024-01-01T19:00,33.5,12,0.00,89,36.0,44.0,31.0,30.3,3.54,133,949.7
2024-01-01T20:00,31.3,14,0.00,46,0.0,0.0,0.0,0.0,3.33,131,949.6
2024-01-01T21:00,30.4,15,0.00,13,0.0,0.0,0.0,0.0,3.26,130,949.6
2024-01-01T22:00,28.9,17,0.00,1,0.0,0.0,0.0,0.0,2.88,124,949.5
2024-01-01T23:00,27.1,20,0.00,0,0.0,0.0,0.0,0.0,2.82,117,948.7
2024-01-02T00:00,26.3,20,0.00,0,0.0,0.0,0.0,0.0,2.82,107,948.3
2024-01-02T01:00,24.9,22,0.00,0,0.0,0.0,0.0,0.0,2.82,96,947.8
2024-01-02T02:00,23.1,25,0.00,0,0.0,0.0,0.0,0.0,2.80,88,947.1
2024-01-02T03:00,22.6,26,0.00,0,0.0,0.0,0.0,0.0,2.94,80,947.3
2024-01-02T04:00,22.1,27,0.00,0,0.0,0.0,0.0,0.0,3.29,70,946.9
2024-01-02T05:00,21.6,28,0.00,0,0.0,0.0,0.0,0.0,3.49,66,947.6
2024-01-02T06:00,23.1,26,0.00,0,22.0,115.4,12.0,11.8,3.58,63,948.4
2024-01-02T07:00,29.1,21,0.00,0,195.0,567.4,59.0,123.7,3.12,50,950.2
2024-01-02T08:00,33.1,16,0.00,0,434.0,772.3,84.0,352.9,3.78,53,950.5
2024-01-02T09:00,34.5,14,0.00,0,668.0,876.9,101.0,592.1,3.83,49,950.3
2024-01-02T10:00,36.0,14,0.00,0,868.0,935.9,113.0,801.3,3.47,41,949.6
2024-01-02T11:00,38.4,15,0.00,0,1014.0,969.1,120.0,955.8,2.78,30,949.3
2024-01-02T12:00,39.6,13,0.00,0,1096.0,984.6,125.0,1043.2,2.28,38,948.4
2024-01-02T13:00,40.3,12,0.00,2,1105.0,986.4,125.0,1053.5,1.97,60,947.5
2024-01-02T14:00,40.8,12,0.00,11,1041.0,974.8,121.0,984.5,2.12,71,946.7
2024-01-02T15:00,41.3,12,0.00,12,910.0,945.9,115.0,845.8,2.04,79,945.8
2024-01-02T16:00,41.1,12,0.00,90,641.0,687.8,166.0,582.4,1.80,93,945.1
2024-01-02T17:00,40.7,12,0.00,99,348.0,497.6,97.0,297.2,2.21,95,944.7
2024-01-02T18:00,39.5,9,0.00,89,121.0,78.1,98.0,109.5,2.91,94,944.8
2024-01-02T19:00,38.2,10,0.00,93,21.0,26.2,18.0,17.6,2.90,88,944.9
2024-01-02T20:00,35.8,12,0.00,83,0.0,0.0,0.0,0.0,3.71,85,944.5
2024-01-02T21:00,34.5,14,0.00,25,0.0,0.0,0.0,0.0,4.59,79,944.7
2024-01-02T22:00,32.7,15,0.00,4,0.0,0.0,0.0,0.0,4.49,69,945.1
2024-01-02T23:00,31.5,17,0.00,6,0.0,0.0,0.0,0.0,4.08,59,945.2
2024-01-03T00:00,30.8,17,0.00,5,0.0,0.0,0.0,0.0,3.75,44,945.0
2024-01-03T01:00,29.6,19,0.00,14,0.0,0.0,0.0,0.0,4.02,27,944.6
2024-01-03T02:00,27.9,21,0.00,28,0.0,0.0,0.0,0.0,4.34,15,944.0
2024-01-03T03:00,27.3,21,0.00,56,0.0,0.0,0.0,0.0,4.44,8,944.1
2024-01-03T04:00,27.4,21,0.00,73,0.0,0.0,0.0,0.0,4.41,4,944.3
2024-01-03T05:00,28.7,19,0.00,66,0.0,0.0,0.0,0.0,4.31,356,945.2
2024-01-03T06:00,28.6,19,0.00,63,14.0,58.5,9.0,8.8,3.79,342,946.0
2024-01-03T07:00,31.8,18,0.00,68,149.0,315.9,74.0,108.4,2.47,291,948.7
2024-01-03T08:00,35.3,15,0.00,61,431.0,766.9,85.0,350.6,2.47,256,949.6
2024-01-03T09:00,35.7,16,0.00,37,658.0,857.5,105.0,583.9,4.13,238,949.5
2024-01-03T10:00,35.8,17,0.00,30,858.0,900.2,133.0,793.7,3.96,227,949.5
2024-01-03T11:00,36.9,19,0.00,34,1009.0,961.3,123.0,951.6,3.50,233,949.2
2024-01-03T12:00,38.5,17,0.00,65,1088.0,978.8,123.0,1036.1,3.85,242,948.7
2024-01-03T13:00,39.3,16,0.00,97,1090.0,973.2,123.0,1040.0,4.21,242,947.9
2024-01-03T14:00,39.6,16,0.00,100,1043.0,978.5,119.0,986.9,4.25,240,947.0
2024-01-03T15:00,40.3,15,0.00,100,890.0,883.1,147.0,829.7,4.56,232,946.8
2024-01-03T16:00,40.0,16,0.00,100,255.0,13.0,246.0,248.0,4.60,224,946.5
2024-01-03T17:00,39.1,18,0.00,100,184.0,9.9,179.0,178.7,4.60,214,946.6
2024-01-03T18:00,38.7,18,0.00,99,87.0,6.8,85.0,84.2,4.53,211,946.8
2024-01-03T19:00,34.7,21,0.00,83,25.0,34.8,21.0,20.5,3.26,227,947.1
2024-01-03T20:00,32.4,24,0.00,71,0.0,0.0,0.0,0.0,2.78,218,946.4
2024-01-03T21:00,31.8,23,0.00,43,0.0,0.0,0.0,0.0,2.38,202,947.1
2024-01-03T22:00,31.8,24,0.00,33,0.0,0.0,0.0,0.0,2.81,184,947.8
2024-01-03T23:00,30.8,27,0.00,61,0.0,0.0,0.0,0.0,3.21,176,948.4
2024-01-04T00:00,29.5,30,0.00,39,0.0,0.0,0.0,0.0,3.21,176,948.1
2024-01-04T01:00,29.0,32,0.00,47,0.0,0.0,0.0,0.0,2.94,190,948.4
2024-01-04T02:00,27.6,35,0.00,60,0.0,0.0,0.0,0.0,3.61,194,948.4
2024-01-04T03:00,27.4,35,0.00,70,0.0,0.0,0.0,0.0,4.85,194,949.0
2024-01-04T04:00,27.5,35,0.00,48,0.0,0.0,0.0,0.0,5.16,202,949.9
2024-01-04T05:00,26.6,34,0.00,52,0.0,0.0,0.0,0.0,5.23,206,950.2
2024-01-04T06:00,26.3,35,0.00,76,16.0,59.3,11.0,10.8,5.17,195,950.9
2024-01-04T07:00,26.0,50,0.10,75,128.0,280.8,62.0,92.1,6.57,213,951.9
2024-01-04T08:00,26.0,51,0.30,69,243.0,307.3,105.0,209.2,7.20,207,952.6
2024-01-04T09:00,26.8,43,0.00,33,444.0,429.1,168.0,404.3,6.43,195,951.8
2024-01-04T10:00,29.1,33,0.00,65,656.0,560.9,205.0,613.2,5.31,177,951.4
2024-01-04T11:00,31.8,30,0.00,52,861.0,630.9,280.0,818.8,4.27,159,951.1
2024-01-04T12:00,34.0,28,0.00,57,884.0,689.9,204.0,845.0,3.44,154,950.3
2024-01-04T13:00,35.2,26,0.00,27,931.0,745.7,190.0,890.9,1.94,145,949.8
2024-01-04T14:00,36.4,24,0.00,66,851.0,731.3,160.0,807.9,1.00,127,949.5
2024-01-04T15:00,36.8,23,0.00,95,818.0,809.8,136.0,763.2,0.64,51,948.9
2024-01-04T16:00,37.2,22,0.00,95,474.0,355.1,228.0,440.8,2.13,41,949.0
2024-01-04T17:00,37.0,23,0.00,96,316.0,361.1,133.0,278.2,2.48,40,948.7
2024-01-04T18:00,36.3,21,0.00,97,153.0,195.3,95.0,128.0,2.44,19,949.1
2024-01-04T19:00,34.4,24,0.00,82,25.0,77.9,16.0,15.7,4.25,49,948.7
2024-01-04T20:00,33.1,26,0.00,74,0.0,0.0,0.0,0.0,2.91,41,948.8
2024-01-04T21:00,32.5,27,0.00,74,0.0,0.0,0.0,0.0,2.25,32,949.1
2024-01-04T22:00,30.5,31,0.00,14,0.0,0.0,0.0,0.0,2.44,19,949.0
2024-01-04T23:00,29.3,33,0.00,27,0.0,0.0,0.0,0.0,1.80,357,948.1
2024-01-05T00:00,29.4,32,0.00,53,0.0,0.0,0.0,0.0,0.92,319,948.0
2024-01-05T01:00,29.3,32,0.00,60,0.0,0.0,0.0,0.0,0.81,240,947.4
2024-01-05T02:00,28.2,35,0.00,58,0.0,0.0,0.0,0.0,2.26,167,947.2
2024-01-05T03:00,28.5,34,0.00,18,0.0,0.0,0.0,0.0,3.10,159,947.7
2024-01-05T04:00,27.9,36,0.00,28,0.0,0.0,0.0,0.0,3.40,152,948.1
2024-01-05T05:00,27.1,40,0.00,66,0.0,0.0,0.0,0.0,3.44,144,948.7
2024-01-05T06:00,27.6,39,0.00,70,16.0,72.2,10.0,9.8,3.47,147,949.8
2024-01-05T07:00,31.3,39,0.00,26,159.0,403.9,65.0,108.2,2.19,133,951.5
2024-01-05T08:00,32.6,40,0.00,40,345.0,536.9,105.0,288.1,3.01,96,951.6
2024-01-05T09:00,33.4,37,0.00,46,566.0,687.5,125.0,506.3,3.55,80,951.2
2024-01-05T10:00,34.9,33,0.00,52,780.0,778.5,155.0,724.2,3.51,87,950.7
2024-01-05T11:00,36.5,28,0.00,50,871.0,749.9,181.0,825.0,2.75,100,950.5
2024-01-05T12:00,38.8,22,0.00,16,937.0,762.2,186.0,895.3,1.97,114,950.0
2024-01-05T13:00,39.6,21,0.00,36,900.0,663.1,241.0,863.2,1.72,126,949.5
2024-01-05T14:00,39.8,20,0.00,53,871.0,697.1,212.0,828.9,2.15,152,948.4
2024-01-05T15:00,38.4,22,0.00,80,492.0,396.2,158.0,463.3,2.82,157,947.4
2024-01-05T16:00,36.7,24,0.00,83,318.0,209.0,173.0,297.7,2.82,27,949.1
2024-01-05T17:00,37.2,24,0.40,82,281.0,332.7,112.0,246.6,4.52,28,949.5
2024-01-05T18:00,35.0,28,0.00,95,103.0,137.6,62.0,85.6,3.01,84,949.6
2024-01-05T19:00,32.3,33,0.00,77,25.0,77.6,16.0,15.7,2.34,130,948.5
2024-01-05T20:00,30.8,39,0.00,65,0.0,0.0,0.0,0.0,3.01,174,948.9
2024-01-05T21:00,28.9,44,0.00,46,0.0,0.0,0.0,0.0,3.85,189,949.0
2024-01-05T22:00,27.7,47,0.10,93,0.0,0.0,0.0,0.0,5.49,190,949.6
2024-01-05T23:00,27.4,48,0.00,99,0.0,0.0,0.0,0.0,7.53,175,950.1
2024-01-06T00:00,27.4,47,0.00,85,0.0,0.0,0.0,0.0,6.87,164,950.6
2024-01-06T01:00,27.5,48,0.00,82,0.0,0.0,0.0,0.0,5.99,165,950.3
2024-01-06T02:00,25.5,55,0.00,51,0.0,0.0,0.0,0.0,5.61,158,949.3
2024-01-06T03:00,25.2,57,0.00,21,0.0,0.0,0.0,0.0,5.02,145,949.3
2024-01-06T04:00,24.8,60,0.00,38,0.0,0.0,0.0,0.0,4.05,140,949.6
2024-01-06T05:00,24.2,63,0.00,41,0.0,0.0,0.0,0.0,3.33,139,949.8
2024-01-06T06:00,24.4,61,0.00,30,15.0,73.3,9.0,8.8,3.41,130,950.3
2024-01-06T07:00,26.1,59,0.00,40,155.0,364.6,71.0,109.0,2.91,153,951.5
2024-01-06T08:00,27.6,53,0.00,52,365.0,633.8,83.0,299.1,2.84,129,951.5
2024-01-06T09:00,29.0,49,0.00,81,564.0,637.7,156.0,507.9,2.95,114,950.9
2024-01-06T10:00,30.6,44,0.00,80,767.0,673.7,227.0,716.8,2.28,113,950.5
2024-01-06T11:00,33.3,37,0.00,76,913.0,746.2,227.0,866.5,1.14,75,950.3
2024-01-06T12:00,34.7,31,0.00,96,902.0,574.7,336.0,866.3,1.26,342,949.2
2024-01-06T13:00,35.5,29,0.00,96,927.0,579.5,351.0,892.0,1.53,302,948.3
2024-01-06T14:00,37.0,26,0.00,87,881.0,649.1,267.0,840.6,1.30,270,947.3
2024-01-06T15:00,36.7,26,0.00,84,659.0,438.5,289.0,624.8,1.56,230,946.1
2024-01-06T16:00,36.4,26,0.00,90,312.0,234.6,149.0,290.5,1.75,204,945.6
2024-01-06T17:00,34.5,33,1.00,81,264.0,222.0,151.0,239.4,1.79,27,945.5
2024-01-06T18:00,32.6,40,0.40,79,117.0,150.5,72.0,98.0,5.95,17,947.4
2024-01-06T19:00,30.0,52,0.00,85,19.0,17.2,17.0,16.6,4.40,357,946.4
2024-01-06T20:00,28.9,58,0.00,76,0.0,0.0,0.0,0.0,3.75,351,946.2
2024-01-06T21:00,29.0,59,0.00,89,0.0,0.0,0.0,0.0,3.21,355,946.9
2024-01-06T22:00,28.5,62,0.00,98,0.0,0.0,0.0,0.0,3.44,352,947.1
2024-01-06T23:00,27.9,63,0.10,100,0.0,0.0,0.0,0.0,3.33,327,947.3
2024-01-07T00:00,27.3,64,0.00,99,0.0,0.0,0.0,0.0,3.58,306,947.2
2024-01-07T01:00,26.5,66,0.10,100,0.0,0.0,0.0,0.0,3.20,309,947.2
2024-01-07T02:00,25.7,69,0.20,100,0.0,0.0,0.0,0.0,3.69,319,946.9
2024-01-07T03:00,25.6,69,0.00,87,0.0,0.0,0.0,0.0,3.64,328,946.8
2024-01-07T04:00,25.4,70,0.00,78,0.0,0.0,0.0,0.0,3.54,344,946.9
2024-01-07T05:00,24.9,73,0.00,69,0.0,0.0,0.0,0.0,2.80,358,946.9
2024-01-07T06:00,25.1,73,0.00,66,12.0,37.2,9.0,8.8,2.30,360,947.6
2024-01-07T07:00,28.6,63,0.00,73,157.0,412.2,63.0,105.6,0.85,315,948.7
2024-01-07T08:00,30.9,51,0.00,72,332.0,510.3,106.0,278.3,0.85,315,949.4
2024-01-07T09:00,32.2,44,0.00,47,615.0,772.7,122.0,549.1,1.00,307,949.6
2024-01-07T10:00,33.2,40,0.00,20,799.0,788.5,168.0,743.1,1.57,297,948.9
2024-01-07T11:00,34.9,37,0.00,24,946.0,839.5,175.0,896.2,2.06,284,948.6
2024-01-07T12:00,36.4,30,0.00,37,942.0,789.2,165.0,900.7,2.83,262,947.8
2024-01-07T13:00,37.5,25,0.00,34,880.0,687.1,197.0,844.5,3.08,257,946.8
2024-01-07T14:00,38.4,23,0.00,42,798.0,690.0,145.0,759.0,2.85,252,946.0
2024-01-07T15:00,38.5,21,0.00,69,687.0,641.7,145.0,644.1,2.66,250,945.0
2024-01-07T16:00,38.8,20,0.00,46,505.0,554.7,119.0,460.1,2.30,214,944.6
2024-01-07T17:00,37.1,23,0.00,44,339.0,462.6,103.0,293.2,5.54,173,944.8
2024-01-07T18:00,36.7,24,0.00,50,156.0,329.9,57.0,117.1,7.68,145,945.8
2024-01-07T19:00,31.5,48,0.00,8,38.0,162.3,19.0,18.7,6.95,120,946.8
2024-01-07T20:00,28.2,59,0.00,23,0.0,0.0,0.0,0.0,6.84,117,948.0
2024-01-07T21:00,26.2,73,0.00,13,0.0,0.0,0.0,0.0,6.20,111,949.1
2024-01-07T22:00,25.3,77,0.00,21,0.0,0.0,0.0,0.0,4.74,97,949.5
2024-01-07T23:00,24.6,80,0.00,28,0.0,0.0,0.0,0.0,3.81,85,949.4
2024-01-08T00:00,24.7,80,0.00,26,0.0,0.0,0.0,0.0,2.92,96,949.1
2024-01-08T01:00,24.5,81,0.00,27,0.0,0.0,0.0,0.0,2.50,106,948.9
2024-01-08T02:00,23.8,85,0.10,19,0.0,0.0,0.0,0.0,2.62,108,948.2
2024-01-08T03:00,23.6,87,0.00,18,0.0,0.0,0.0,0.0,2.22,98,948.5
2024-01-08T04:00,23.0,89,0.00,23,0.0,0.0,0.0,0.0,2.01,84,948.5
2024-01-08T05:00,22.9,90,0.00,42,0.0,0.0,0.0,0.0,1.73,80,949.3
2024-01-08T06:00,23.4,88,0.00,25,13.0,62.9,8.0,7.8,1.80,109,949.9
2024-01-08T07:00,26.8,73,0.00,21,154.0,456.4,51.0,97.7,0.51,101,951.5
2024-01-08T08:00,28.3,66,0.00,10,316.0,521.8,86.0,261.9,1.14,142,951.6
2024-01-08T09:00,28.8,63,0.00,5,475.0,570.4,112.0,426.2,1.63,137,951.0
2024-01-08T10:00,29.9,58,0.10,5,678.0,672.1,141.0,630.8,1.66,123,950.6
2024-01-08T11:00,31.5,52,0.10,41,814.0,716.0,157.0,771.8,1.63,101,950.1
2024-01-08T12:00,33.0,47,0.00,41,940.0,788.4,164.0,899.3,1.50,94,949.9
2024-01-08T13:00,34.0,43,0.00,36,786.0,555.2,234.0,756.1,1.49,110,949.1
2024-01-08T14:00,35.0,39,0.10,36,696.0,528.1,196.0,664.5,2.02,123,948.7
2024-01-08T15:00,33.9,39,0.00,56,603.0,477.9,199.0,569.3,2.52,124,947.7
2024-01-08T16:00,35.1,36,1.50,69,420.0,351.6,175.0,389.5,3.72,126,948.2
2024-01-08T17:00,32.6,45,0.10,58,285.0,383.5,89.0,247.3,4.72,111,948.4
2024-01-08T18:00,32.4,45,0.00,59,139.0,289.1,52.0,105.1,3.26,108,948.5
2024-01-08T19:00,30.0,57,0.00,45,30.0,110.7,17.0,16.7,3.32,83,947.9
2024-01-08T20:00,28.9,61,0.00,19,0.0,0.0,0.0,0.0,3.10,92,948.0
2024-01-08T21:00,28.6,64,0.00,16,0.0,0.0,0.0,0.0,3.50,92,948.8
2024-01-08T22:00,28.0,67,0.00,22,0.0,0.0,0.0,0.0,3.60,88,949.3
2024-01-08T23:00,27.4,68,0.00,21,0.0,0.0,0.0,0.0,3.61,85,949.4
2024-01-09T00:00,26.9,70,0.00,21,0.0,0.0,0.0,0.0,3.32,83,948.9
2024-01-09T01:00,26.4,71,0.00,21,0.0,0.0,0.0,0.0,2.92,84,948.5
2024-01-09T02:00,25.3,76,0.00,24,0.0,0.0,0.0,0.0,2.40,92,947.8
2024-01-09T03:00,24.7,80,0.00,35,0.0,0.0,0.0,0.0,2.34,110,948.1
2024-01-09T04:00,24.2,81,0.00,27,0.0,0.0,0.0,0.0,2.69,121,948.4
2024-01-09T05:00,23.2,85,0.00,39,0.0,0.0,0.0,0.0,2.64,119,948.9
2024-01-09T06:00,23.6,85,0.00,11,13.0,63.9,8.0,7.8,2.79,111,949.4
2024-01-09T07:00,28.5,57,0.00,30,156.0,452.3,55.0,100.4,1.63,133,950.5
2024-01-09T08:00,30.0,46,0.00,11,387.0,699.8,80.0,315.7,2.21,108,951.0
2024-01-09T09:00,31.2,37,0.00,20,618.0,822.5,96.0,549.7,2.80,88,950.9
2024-01-09T10:00,32.4,33,0.00,12,815.0,882.5,111.0,755.4,2.92,84,950.6
2024-01-09T11:00,33.4,31,0.00,16,992.0,943.5,127.0,939.0,2.70,90,949.9
2024-01-09T12:00,35.8,26,0.00,16,1092.0,983.9,124.0,1044.0,2.60,106,949.3
2024-01-09T13:00,36.7,23,0.00,29,1096.0,973.6,128.0,1051.5,2.75,123,948.4
2024-01-09T14:00,37.6,20,0.00,31,1004.0,912.1,140.0,955.2,3.12,130,947.6
2024-01-09T15:00,38.4,17,0.00,54,886.0,867.5,152.0,830.6,3.68,135,946.7
2024-01-09T16:00,37.9,17,0.00,31,698.0,808.5,134.0,635.0,4.24,135,946.3
2024-01-09T17:00,37.0,18,0.00,10,485.0,738.3,107.0,414.6,4.82,132,945.9
2024-01-09T18:00,36.3,17,0.00,2,260.0,636.2,68.0,187.1,5.28,127,946.3
2024-01-09T19:00,33.9,20,0.00,26,54.0,263.0,23.0,22.6,4.22,104,947.0
2024-01-09T20:00,31.3,27,0.00,28,0.0,0.0,0.0,0.0,4.10,90,947.4
2024-01-09T21:00,29.8,32,0.00,21,0.0,0.0,0.0,0.0,3.63,82,947.6
2024-01-09T22:00,28.6,35,0.00,14,0.0,0.0,0.0,0.0,3.34,81,947.8
2024-01-09T23:00,26.9,40,0.00,27,0.0,0.0,0.0,0.0,3.26,79,947.9
2024-01-10T00:00,27.0,38,0.00,20,0.0,0.0,0.0,0.0,3.04,81,947.8
2024-01-10T01:00,25.7,42,0.00,34,0.0,0.0,0.0,0.0,2.91,86,947.4
2024-01-10T02:00,24.4,47,0.00,36,0.0,0.0,0.0,0.0,3.01,94,946.7
2024-01-10T03:00,23.4,49,0.00,45,0.0,0.0,0.0,0.0,3.11,94,946.7
2024-01-10T04:00,23.0,50,0.00,83,0.0,0.0,0.0,0.0,3.01,84,947.1
2024-01-10T05:00,22.2,51,0.00,89,0.0,0.0,0.0,0.0,2.82,73,947.7
2024-01-10T06:00,23.1,48,0.00,89,14.0,38.9,11.0,10.8,2.51,67,948.5
2024-01-10T07:00,28.4,41,0.00,93,170.0,466.2,67.0,112.7,2.55,79,950.5
2024-01-10T08:00,31.1,32,0.00,93,405.0,680.2,108.0,335.4,3.59,103,950.8
2024-01-10T09:00,32.1,26,0.00,93,623.0,733.1,159.0,560.8,4.83,103,950.6
2024-01-10T10:00,33.0,24,0.00,85,789.0,694.3,236.0,739.0,4.40,107,950.3
2024-01-10T11:00,33.8,22,0.00,52,924.0,701.9,281.0,880.6,3.94,114,950.1
2024-01-10T12:00,35.4,19,0.00,39,1017.0,744.3,285.0,976.7,3.69,131,949.4
2024-01-10T13:00,36.4,18,0.00,3,1067.0,867.0,205.0,1026.2,4.02,145,949.0
2024-01-10T14:00,37.2,15,0.00,6,994.0,825.2,212.0,948.6,4.70,151,948.1
2024-01-10T15:00,37.5,14,0.00,3,916.0,917.7,139.0,858.8,5.32,152,947.4
2024-01-10T16:00,37.4,13,0.00,5,737.0,890.6,115.0,669.2,5.73,151,946.8
2024-01-10T17:00,37.2,14,0.00,1,514.0,830.8,88.0,436.4,6.24,148,946.7
2024-01-10T18:00,36.3,12,0.00,0,268.0,671.1,65.0,191.9,6.44,144,946.9
2024-01-10T19:00,34.5,13,0.00,0,56.0,279.1,23.0,22.6,4.34,142,947.6
2024-01-10T20:00,31.2,16,0.00,0,0.0,0.0,0.0,0.0,3.11,135,946.8
2024-01-10T21:00,29.2,20,0.00,0,0.0,0.0,0.0,0.0,2.42,120,947.0
2024-01-10T22:00,27.0,23,0.00,0,0.0,0.0,0.0,0.0,2.41,95,947.3
2024-01-10T23:00,25.8,27,0.00,0,0.0,0.0,0.0,0.0,2.38,68,947.2
2024-01-11T00:00,25.4,29,0.00,0,0.0,0.0,0.0,0.0,2.41,48,946.9
2024-01-11T01:00,26.7,29,0.00,0,0.0,0.0,0.0,0.0,1.39,30,946.6
2024-01-11T02:00,27.3,28,0.00,2,0.0,0.0,0.0,0.0,0.50,270,946.1
2024-01-11T03:00,24.1,34,0.00,15,0.0,0.0,0.0,0.0,2.50,180,945.9
2024-01-11T04:00,24.5,35,0.00,23,0.0,0.0,0.0,0.0,3.04,163,946.2
2024-01-11T05:00,24.5,39,0.00,1,0.0,0.0,0.0,0.0,3.55,140,946.9
2024-01-11T06:00,25.1,41,0.00,3,13.0,52.7,9.0,8.8,3.94,120,947.6
2024-01-11T07:00,30.0,35,0.00,21,153.0,407.2,64.0,103.1,4.14,110,949.6
2024-01-11T08:00,33.1,31,0.00,8,394.0,688.0,95.0,324.4,5.77,104,949.9
2024-01-11T09:00,34.2,28,0.00,0,633.0,833.2,107.0,564.7,7.03,96,949.6
2024-01-11T10:00,35.6,26,0.00,1,814.0,858.9,131.0,756.7,7.32,95,949.3
2024-01-11T11:00,36.8,22,0.00,1,984.0,941.8,122.0,932.7,6.51,101,948.7
2024-01-11T12:00,38.4,22,0.00,23,1082.0,976.5,122.0,1036.1,6.02,105,948.2
2024-01-11T13:00,39.2,21,0.00,17,1049.0,904.1,150.0,1009.0,6.07,110,947.4
2024-01-11T14:00,39.7,20,0.00,35,999.0,875.5,169.0,953.0,6.36,114,946.7
2024-01-11T15:00,39.8,19,0.00,73,906.0,935.9,113.0,849.2,6.62,117,945.8
2024-01-11T16:00,40.0,18,0.00,50,654.0,759.5,123.0,596.3,6.65,111,946.4
2024-01-11T17:00,39.0,19,0.00,24,392.0,504.4,133.0,343.4,6.33,111,945.3
2024-01-11T18:00,37.8,17,0.00,30,228.0,514.6,72.0,169.6,6.09,113,945.5
2024-01-11T19:00,36.1,20,0.00,45,47.0,219.4,21.0,20.7,5.19,124,945.9
2024-01-11T20:00,34.3,22,0.00,6,0.0,0.0,0.0,0.0,5.40,129,945.7
2024-01-11T21:00,33.2,23,0.00,2,0.0,0.0,0.0,0.0,5.56,128,946.2
2024-01-11T22:00,32.8,21,0.00,5,0.0,0.0,0.0,0.0,5.46,125,946.8
2024-01-11T23:00,31.2,24,0.00,7,0.0,0.0,0.0,0.0,5.11,121,946.7
2024-01-12T00:00,31.1,22,0.00,18,0.0,0.0,0.0,0.0,4.79,116,946.7
2024-01-12T01:00,30.7,22,0.00,43,0.0,0.0,0.0,0.0,4.43,115,946.2
2024-01-12T02:00,28.8,28,0.00,69,0.0,0.0,0.0,0.0,4.57,113,945.6
2024-01-12T03:00,28.3,38,0.00,58,0.0,0.0,0.0,0.0,4.47,100,945.5
2024-01-12T04:00,26.4,47,0.00,46,0.0,0.0,0.0,0.0,3.77,79,945.5
2024-01-12T05:00,25.1,57,0.00,44,0.0,0.0,0.0,0.0,3.44,64,945.4
2024-01-12T06:00,25.5,60,0.00,17,12.0,67.0,7.0,6.9,2.95,62,945.8
2024-01-12T07:00,28.2,53,0.00,27,159.0,499.5,51.0,98.8,4.98,52,948.2
2024-01-12T08:00,29.9,47,0.00,44,379.0,688.9,81.0,310.1,5.59,46,948.4
2024-01-12T09:00,31.4,44,0.00,54,584.0,751.2,111.0,522.7,5.02,44,948.2
2024-01-12T10:00,33.2,39,0.00,8,783.0,835.0,120.0,728.2,4.05,50,948.0
2024-01-12T11:00,34.9,35,0.00,8,955.0,914.2,119.0,906.0,3.99,68,947.2
2024-01-12T12:00,36.2,32,0.00,6,925.0,779.4,159.0,887.6,4.34,82,946.6
2024-01-12T13:00,36.8,31,0.00,8,732.0,445.5,289.0,707.7,4.70,92,945.5
2024-01-12T14:00,38.0,29,0.00,15,758.0,590.5,198.0,725.5,5.36,99,944.7
2024-01-12T15:00,38.4,28,0.00,24,725.0,656.9,168.0,683.6,6.02,101,944.1
2024-01-12T16:00,37.8,28,0.20,32,446.0,490.1,103.0,408.7,6.65,106,943.6
2024-01-12T17:00,36.2,32,0.00,62,295.0,361.7,109.0,260.2,7.30,113,944.2
2024-01-12T18:00,33.7,40,0.00,35,210.0,451.1,73.0,159.0,6.80,91,944.7
2024-01-12T19:00,33.5,38,0.00,50,40.0,176.8,19.0,18.7,6.28,112,944.7
2024-01-12T20:00,32.2,43,0.00,35,0.0,0.0,0.0,0.0,5.80,75,945.7
2024-01-12T21:00,31.1,48,0.00,20,0.0,0.0,0.0,0.0,6.04,63,946.0
2024-01-12T22:00,30.3,52,0.00,25,0.0,0.0,0.0,0.0,5.19,62,946.9
2024-01-12T23:00,29.7,54,0.00,29,0.0,0.0,0.0,0.0,5.10,62,946.9
2024-01-13T00:00,29.4,54,0.00,26,0.0,0.0,0.0,0.0,4.25,63,946.5
2024-01-13T01:00,28.6,58,0.00,18,0.0,0.0,0.0,0.0,3.35,63,946.2
2024-01-13T02:00,27.1,62,0.00,21,0.0,0.0,0.0,0.0,2.42,66,945.6
2024-01-13T03:00,26.8,63,0.00,16,0.0,0.0,0.0,0.0,1.94,78,945.5
2024-01-13T04:00,26.3,65,0.00,2,0.0,0.0,0.0,0.0,2.00,93,945.6
2024-01-13T05:00,26.0,65,0.00,1,0.0,0.0,0.0,0.0,2.40,107,945.8
2024-01-13T06:00,26.9,60,0.00,0,12.0,68.1,7.0,6.9,2.95,114,946.6
2024-01-13T07:00,29.8,46,0.00,0,163.0,523.6,51.0,100.3,3.91,103,947.5
2024-01-13T08:00,31.8,40,0.00,0,396.0,733.9,80.0,323.3,4.60,88,947.6
2024-01-13T09:00,33.2,37,0.00,1,623.0,831.2,101.0,556.3,4.92,77,947.4
2024-01-13T10:00,34.7,32,0.00,21,811.0,883.0,111.0,754.2,5.99,75,947.3
2024-01-13T11:00,36.2,28,0.00,12,895.0,825.3,141.0,850.7,6.08,81,946.9
2024-01-13T12:00,37.2,25,0.00,21,972.0,839.8,147.0,933.1,6.31,86,946.1
2024-01-13T13:00,38.0,22,0.00,30,966.0,812.6,158.0,931.6,6.60,92,945.7
2024-01-13T14:00,38.8,20,0.00,23,853.0,711.6,178.0,816.0,6.63,95,945.0
2024-01-13T15:00,39.4,19,0.00,27,791.0,774.4,134.0,744.6,6.76,98,944.3
2024-01-13T16:00,39.2,18,0.00,56,634.0,745.3,112.0,579.1,6.97,98,943.8
2024-01-13T17:00,38.4,18,0.00,24,415.0,645.0,83.0,356.3,7.42,94,943.7
2024-01-13T18:00,37.2,19,0.00,45,169.0,292.6,80.0,135.4,7.80,90,944.0
2024-01-13T19:00,35.1,25,0.00,14,43.0,184.9,21.0,20.6,6.64,84,944.2
2024-01-13T20:00,33.5,28,0.00,16,0.0,0.0,0.0,0.0,6.81,80,944.5
2024-01-13T21:00,32.7,30,0.00,33,0.0,0.0,0.0,0.0,6.31,75,945.0
2024-01-13T22:00,31.8,32,0.00,25,0.0,0.0,0.0,0.0,5.63,70,945.9
2024-01-13T23:00,30.4,35,0.00,38,0.0,0.0,0.0,0.0,4.88,67,946.0
2024-01-14T00:00,29.2,37,0.00,30,0.0,0.0,0.0,0.0,4.22,68,945.5
2024-01-14T01:00,28.6,39,0.00,4,0.0,0.0,0.0,0.0,3.76,73,944.9
2024-01-14T02:00,27.1,41,0.00,3,0.0,0.0,0.0,0.0,3.32,83,944.8
2024-01-14T03:00,27.1,41,0.00,7,0.0,0.0,0.0,0.0,3.00,92,944.8
2024-01-14T04:00,26.3,43,0.00,4,0.0,0.0,0.0,0.0,3.06,101,944.9
2024-01-14T05:00,26.4,42,0.00,3,0.0,0.0,0.0,0.0,3.45,107,945.1
2024-01-14T06:00,26.6,42,0.00,6,11.0,55.4,7.0,6.9,4.05,106,945.8
2024-01-14T07:00,30.6,33,0.00,0,158.0,500.9,52.0,98.4,3.61,93,947.3
2024-01-14T08:00,33.4,26,0.00,0,399.0,744.3,80.0,325.9,4.72,85,947.6
2024-01-14T09:00,34.9,25,0.00,0,634.0,858.9,96.0,566.0,4.62,68,947.6
2024-01-14T10:00,36.5,22,0.00,0,835.0,918.4,108.0,776.9,5.48,75,947.1
2024-01-14T11:00,37.6,20,0.00,56,984.0,950.8,116.0,935.0,6.60,88,946.6
2024-01-14T12:00,37.4,19,0.00,81,843.0,574.3,279.0,812.7,6.91,93,945.3
2024-01-14T13:00,38.8,17,0.00,95,848.0,531.0,320.0,821.0,6.82,94,944.8
2024-01-14T14:00,39.4,15,0.00,92,711.0,360.4,369.0,685.9,6.72,94,944.0
2024-01-14T15:00,39.1,15,0.00,87,551.0,320.4,279.0,526.7,6.74,96,943.3
2024-01-14T16:00,38.9,16,0.00,37,290.0,41.4,261.0,280.9,6.99,99,942.9
2024-01-14T17:00,38.4,16,0.00,64,265.0,151.4,187.0,247.3,7.04,101,942.6
2024-01-14T18:00,37.9,17,0.00,81,152.0,137.9,110.0,134.6,6.75,102,942.8
2024-01-14T19:00,36.6,19,0.00,61,34.0,117.5,20.0,19.6,5.49,100,943.4
2024-01-14T20:00,34.8,22,0.00,78,0.0,0.0,0.0,0.0,5.35,98,943.1
2024-01-14T21:00,34.0,25,0.00,81,0.0,0.0,0.0,0.0,5.32,95,943.8
2024-01-14T22:00,32.9,27,0.00,96,0.0,0.0,0.0,0.0,5.00,91,944.4
2024-01-14T23:00,31.4,29,0.00,87,0.0,0.0,0.0,0.0,4.40,93,944.1
2024-01-15T00:00,30.9,29,0.00,88,0.0,0.0,0.0,0.0,4.23,97,943.7
2024-01-15T01:00,29.9,31,0.00,86,0.0,0.0,0.0,0.0,3.85,99,943.1
2024-01-15T02:00,29.3,33,0.00,66,0.0,0.0,0.0,0.0,3.50,90,942.8
2024-01-15T03:00,28.3,36,0.00,34,0.0,0.0,0.0,0.0,3.28,78,942.9
2024-01-15T04:00,28.0,36,0.00,18,0.0,0.0,0.0,0.0,2.73,66,942.9
2024-01-15T05:00,27.0,39,0.00,7,0.0,0.0,0.0,0.0,2.22,54,943.2
2024-01-15T06:00,27.3,38,0.00,4,11.0,56.3,7.0,6.9,1.98,49,944.0
2024-01-15T07:00,30.8,35,0.00,28,159.0,516.1,51.0,98.0,2.76,44,944.8
2024-01-15T08:00,34.1,31,0.00,29,389.0,715.0,84.0,319.2,4.04,48,945.7
2024-01-15T09:00,34.8,30,0.00,68,616.0,801.9,115.0,552.6,5.08,54,945.6
2024-01-15T10:00,36.3,26,0.00,94,803.0,800.9,170.0,751.2,5.29,68,945.5
2024-01-15T11:00,37.8,22,0.00,98,961.0,869.4,168.0,915.5,5.35,82,945.2
2024-01-15T12:00,39.0,20,0.00,98,1050.0,912.8,154.0,1009.8,5.33,96,944.6
2024-01-15T13:00,39.8,18,0.00,92,1046.0,913.2,138.0,1010.8,5.53,103,943.9
2024-01-15T14:00,40.1,17,0.00,86,825.0,711.2,150.0,790.3,5.82,106,942.9
2024-01-15T15:00,39.8,17,0.00,70,670.0,602.9,158.0,633.9,6.26,107,941.9
2024-01-15T16:00,39.8,17,0.00,62,549.0,580.3,142.0,506.2,6.50,104,941.1
2024-01-15T17:00,38.5,19,0.00,41,361.0,480.9,113.0,317.1,6.59,100,940.9
2024-01-15T18:00,37.9,20,0.00,69,166.0,285.4,79.0,133.8,6.51,93,941.4
2024-01-15T19:00,36.6,22,0.00,37,41.0,167.7,21.0,20.6,6.34,84,941.2
2024-01-15T20:00,35.1,25,0.00,38,0.0,0.0,0.0,0.0,5.30,79,941.2
2024-01-15T21:00,34.6,26,0.00,45,0.0,0.0,0.0,0.0,4.95,76,941.6
2024-01-15T22:00,33.2,29,0.00,47,0.0,0.0,0.0,0.0,4.55,71,942.2
2024-01-15T23:00,31.9,32,0.00,37,0.0,0.0,0.0,0.0,4.56,64,942.0
2024-01-16T00:00,31.1,34,0.00,37,0.0,0.0,0.0,0.0,4.12,61,941.8
2024-01-16T01:00,30.3,37,0.00,72,0.0,0.0,0.0,0.0,3.88,55,941.3
2024-01-16T02:00,29.7,40,0.00,90,0.0,0.0,0.0,0.0,3.47,46,940.9
2024-01-16T03:00,29.0,42,0.00,96,0.0,0.0,0.0,0.0,2.86,36,940.8
2024-01-16T04:00,28.6,45,0.00,98,0.0,0.0,0.0,0.0,2.46,27,941.1
2024-01-16T05:00,27.6,49,0.00,88,0.0,0.0,0.0,0.0,2.15,22,941.1
2024-01-16T06:00,27.9,49,0.00,91,9.0,28.6,7.0,6.8,2.12,19,941.9
2024-01-16T07:00,31.8,46,0.00,97,146.0,406.0,62.0,97.9,2.16,13,942.9
2024-01-16T08:00,33.7,40,0.00,100,352.0,525.3,129.0,299.6,2.96,12,943.2
2024-01-16T09:00,34.2,37,0.00,100,554.0,553.7,209.0,507.6,3.45,22,943.3
2024-01-16T10:00,35.3,33,0.00,100,692.0,558.8,251.0,653.2,3.91,40,943.2
2024-01-16T11:00,36.2,31,0.00,100,726.0,464.2,303.0,697.1,4.11,49,943.0
2024-01-16T12:00,36.8,29,0.00,100,813.0,490.2,332.0,785.9,4.06,52,942.4
2024-01-16T13:00,36.9,29,0.00,100,704.0,393.3,313.0,683.3,3.69,57,941.9
2024-01-16T14:00,37.2,27,0.00,100,730.0,451.9,301.0,703.5,3.18,66,941.0
2024-01-16T15:00,37.7,27,0.00,100,696.0,523.8,251.0,662.5,2.89,76,940.3
2024-01-16T16:00,37.1,27,0.00,100,300.0,142.5,200.0,285.7,2.92,84,939.9
2024-01-16T17:00,36.2,30,0.00,99,252.0,151.1,174.0,235.0,3.34,99,939.5
2024-01-16T18:00,34.0,32,0.00,97,124.0,78.7,100.0,113.3,4.00,103,940.0
2024-01-16T19:00,33.8,34,0.00,97,26.0,67.0,18.0,17.6,4.30,93,940.1
2024-01-16T20:00,33.3,36,0.00,94,0.0,0.0,0.0,0.0,4.20,91,940.8
2024-01-16T21:00,32.7,39,0.00,88,0.0,0.0,0.0,0.0,5.60,71,941.3
2024-01-16T22:00,31.5,45,0.00,87,0.0,0.0,0.0,0.0,5.99,62,942.5
2024-01-16T23:00,30.4,50,0.00,60,0.0,0.0,0.0,0.0,4.25,60,942.3
2024-01-17T00:00,29.6,52,0.00,41,0.0,0.0,0.0,0.0,3.07,71,941.9
2024-01-17T01:00,28.9,54,0.10,49,0.0,0.0,0.0,0.0,2.69,75,941.8
2024-01-17T02:00,27.9,58,0.10,54,0.0,0.0,0.0,0.0,2.33,59,941.6
2024-01-17T03:00,27.4,61,0.00,51,0.0,0.0,0.0,0.0,1.72,54,941.7
2024-01-17T04:00,26.7,64,0.00,89,0.0,0.0,0.0,0.0,1.30,86,941.6
2024-01-17T05:00,26.0,67,0.00,95,0.0,0.0,0.0,0.0,2.19,114,942.0
2024-01-17T06:00,26.3,65,0.00,85,7.0,14.6,6.0,5.9,4.38,125,942.9
2024-01-17T07:00,27.8,61,0.00,84,106.0,195.6,66.0,82.1,4.44,126,944.6
2024-01-17T08:00,29.1,56,0.00,60,314.0,414.3,139.0,272.2,4.24,124,944.9
2024-01-17T09:00,30.1,52,0.00,87,531.0,513.3,212.0,488.1,4.25,117,944.7
2024-01-17T10:00,31.6,46,0.00,96,670.0,516.6,263.0,634.0,4.70,117,944.5
2024-01-17T11:00,33.5,41,0.00,95,794.0,522.8,318.0,762.5,5.10,118,943.8
2024-01-17T12:00,34.5,38,0.00,98,670.0,351.7,325.0,648.9,5.41,118,942.9
2024-01-17T13:00,35.6,35,0.00,97,768.0,412.4,358.0,746.1,5.91,118,942.2
2024-01-17T14:00,36.8,33,0.00,95,705.0,431.8,295.0,680.0,6.36,120,941.3
2024-01-17T15:00,37.2,31,0.00,86,656.0,503.6,228.0,624.7,6.66,116,940.8
2024-01-17T16:00,36.6,32,0.10,86,352.0,215.0,201.0,333.1,6.96,125,940.1
2024-01-17T17:00,35.5,34,0.00,76,256.0,234.3,135.0,233.2,6.45,139,940.3
2024-01-17T18:00,35.1,35,0.00,70,156.0,186.8,99.0,134.2,7.00,134,940.7
2024-01-17T19:00,32.6,43,0.20,73,30.0,41.9,25.0,24.4,8.02,140,941.1
2024-01-17T20:00,30.2,49,0.00,58,0.0,0.0,0.0,0.0,8.06,143,942.0
2024-01-17T21:00,28.9,55,0.00,72,0.0,0.0,0.0,0.0,7.96,141,942.7
2024-01-17T22:00,28.7,55,0.00,78,0.0,0.0,0.0,0.0,7.78,134,943.4
2024-01-17T23:00,27.7,56,0.00,82,0.0,0.0,0.0,0.0,7.53,130,942.9
2024-01-18T00:00,27.9,55,0.00,89,0.0,0.0,0.0,0.0,7.75,129,942.8
2024-01-18T01:00,27.9,56,0.00,68,0.0,0.0,0.0,0.0,7.80,131,942.4
2024-01-18T02:00,27.1,64,0.00,62,0.0,0.0,0.0,0.0,8.13,134,941.8
2024-01-18T03:00,26.5,68,0.00,73,0.0,0.0,0.0,0.0,8.35,136,941.9
2024-01-18T04:00,25.9,69,0.00,58,0.0,0.0,0.0,0.0,7.78,133,941.9
2024-01-18T05:00,25.5,69,0.00,66,0.0,0.0,0.0,0.0,7.40,128,942.5
2024-01-18T06:00,25.4,68,0.00,79,7.0,14.8,6.0,5.9,6.56,128,943.0
2024-01-18T07:00,27.2,62,0.00,45,106.0,207.8,64.0,81.0,6.72,127,943.8
2024-01-18T08:00,29.2,54,0.00,26,284.0,290.2,162.0,253.4,7.42,127,944.0
2024-01-18T09:00,30.2,50,0.00,31,493.0,435.7,223.0,456.0,7.66,126,944.0
2024-01-18T10:00,31.0,48,0.00,49,616.0,410.6,293.0,585.8,7.46,122,944.0
2024-01-18T11:00,32.8,43,0.00,75,773.0,478.2,338.0,743.6,7.60,117,943.8
2024-01-18T12:00,33.8,40,0.00,93,858.0,588.5,281.0,829.8,7.38,117,943.2
2024-01-18T13:00,35.4,37,0.00,96,967.0,666.0,305.0,939.2,7.61,115,942.4
2024-01-18T14:00,36.2,34,0.00,85,897.0,675.0,256.0,863.7,7.79,114,942.2
2024-01-18T15:00,36.2,34,0.00,72,758.0,588.1,258.0,722.4,7.96,115,941.3
2024-01-18T16:00,36.0,35,0.00,64,404.0,279.0,208.0,381.1,7.92,116,940.8
2024-01-18T17:00,34.4,39,0.00,67,326.0,332.9,154.0,295.0,7.51,117,940.0
2024-01-18T18:00,33.2,42,0.00,91,113.0,78.6,89.0,102.8,8.42,120,940.7
2024-01-18T19:00,31.1,51,0.00,93,33.0,67.0,25.0,24.4,8.41,125,941.5
2024-01-18T20:00,30.7,53,0.00,94,0.0,0.0,0.0,0.0,7.58,126,941.6
2024-01-18T21:00,30.8,52,0.00,87,0.0,0.0,0.0,0.0,6.69,125,942.7
2024-01-18T22:00,29.5,57,0.10,86,0.0,0.0,0.0,0.0,5.85,123,942.4
2024-01-18T23:00,28.3,63,0.10,66,0.0,0.0,0.0,0.0,5.94,126,942.1
2024-01-19T00:00,27.5,67,0.10,43,0.0,0.0,0.0,0.0,6.11,130,941.5
2024-01-19T01:00,27.4,67,0.00,36,0.0,0.0,0.0,0.0,6.88,126,941.5
2024-01-19T02:00,26.7,68,0.00,70,0.0,0.0,0.0,0.0,6.49,119,941.4
2024-01-19T03:00,26.5,72,0.00,85,0.0,0.0,0.0,0.0,5.68,116,941.2
2024-01-19T04:00,26.3,74,0.00,86,0.0,0.0,0.0,0.0,5.46,114,941.4
2024-01-19T05:00,26.0,75,0.00,73,0.0,0.0,0.0,0.0,5.46,114,941.3
2024-01-19T06:00,26.4,72,0.00,75,7.0,30.3,5.0,4.9,4.88,118,941.8
2024-01-19T07:00,27.3,68,0.00,37,131.0,380.7,55.0,87.0,5.32,131,942.7
2024-01-19T08:00,29.8,58,0.00,28,326.0,518.8,109.0,276.3,6.30,132,943.4
2024-01-19T09:00,30.9,51,0.00,74,514.0,631.0,124.0,465.9,7.55,122,943.4
2024-01-19T10:00,32.8,45,0.00,56,613.0,548.8,182.0,578.3,7.60,117,943.7
2024-01-19T11:00,34.8,39,0.00,44,899.0,761.4,207.0,861.1,7.72,109,943.3
2024-01-19T12:00,35.8,37,0.00,59,999.0,865.4,151.0,964.9,7.28,106,942.9
2024-01-19T13:00,36.9,34,0.00,22,958.0,787.8,175.0,930.8,7.01,104,942.0
2024-01-19T14:00,38.2,32,0.00,16,900.0,784.4,155.0,865.8,7.12,107,940.9
2024-01-19T15:00,38.5,31,0.00,24,773.0,721.9,159.0,734.0,7.34,110,940.2
2024-01-19T16:00,38.0,31,0.00,14,700.0,845.1,106.0,644.3,7.58,113,939.6
2024-01-19T17:00,34.5,41,0.00,7,455.0,628.8,130.0,401.0,7.76,112,939.0
2024-01-19T18:00,33.7,46,0.10,35,200.0,452.1,62.0,152.8,7.54,112,939.2
2024-01-19T19:00,34.4,37,0.00,63,44.0,192.6,21.0,20.6,6.82,104,940.6
2024-01-19T20:00,32.7,43,0.00,62,0.0,0.0,0.0,0.0,6.18,99,940.9
2024-01-19T21:00,32.2,46,0.00,62,0.0,0.0,0.0,0.0,6.12,95,941.2
2024-01-19T22:00,31.4,50,0.00,76,0.0,0.0,0.0,0.0,5.70,88,942.0
2024-01-19T23:00,30.5,54,0.00,88,0.0,0.0,0.0,0.0,5.05,82,942.3
2024-01-20T00:00,30.0,56,0.00,96,0.0,0.0,0.0,0.0,4.32,85,942.0
2024-01-20T01:00,29.2,61,0.00,100,0.0,0.0,0.0,0.0,4.10,93,941.6
2024-01-20T02:00,28.4,63,0.00,100,0.0,0.0,0.0,0.0,4.00,91,941.0
2024-01-20T03:00,28.0,65,0.00,100,0.0,0.0,0.0,0.0,3.61,85,941.5
2024-01-20T04:00,27.4,66,0.00,100,0.0,0.0,0.0,0.0,3.06,79,941.5
2024-01-20T05:00,26.7,69,0.00,100,0.0,0.0,0.0,0.0,2.43,81,942.1
2024-01-20T06:00,26.9,69,0.00,100,7.0,0.0,7.0,6.8,2.30,90,942.6
2024-01-20T07:00,29.5,60,0.00,100,117.0,182.6,81.0,94.8,2.87,119,944.0
2024-01-20T08:00,31.0,54,0.00,100,288.0,281.1,171.0,258.7,4.70,119,944.0
2024-01-20T09:00,32.2,49,0.00,100,514.0,468.9,225.0,475.6,6.65,111,944.4
2024-01-20T10:00,33.4,44,0.00,100,632.0,434.9,291.0,601.5,7.84,107,944.4
2024-01-20T11:00,34.6,40,0.00,100,849.0,570.5,331.0,817.1,8.20,103,944.3
2024-01-20T12:00,35.1,39,0.00,100,674.0,405.3,277.0,653.6,8.32,100,943.6
2024-01-20T13:00,35.8,37,0.00,100,764.0,459.9,307.0,743.9,8.16,97,942.8
2024-01-20T14:00,35.6,36,0.00,100,550.0,363.2,205.0,531.4,7.65,97,942.2
2024-01-20T15:00,35.5,36,0.00,100,442.0,329.1,162.0,422.5,6.87,98,941.9
2024-01-20T16:00,36.0,35,0.00,100,418.0,203.4,275.0,398.8,6.55,102,941.4
2024-01-20T17:00,35.8,35,0.00,100,272.0,127.7,206.0,256.9,6.72,105,941.4
2024-01-20T18:00,35.5,35,0.00,100,123.0,42.6,110.0,116.1,6.87,103,941.8
2024-01-20T19:00,33.0,43,0.00,99,29.0,8.4,28.0,27.3,5.71,94,942.4
2024-01-20T20:00,32.5,44,0.00,99,0.0,0.0,0.0,0.0,4.80,92,942.2
2024-01-20T21:00,32.4,43,0.00,98,0.0,0.0,0.0,0.0,4.11,94,942.6
2024-01-20T22:00,31.5,46,0.00,95,0.0,0.0,0.0,0.0,4.61,94,942.9
2024-01-20T23:00,31.0,49,0.00,96,0.0,0.0,0.0,0.0,5.64,83,942.8
2024-01-21T00:00,30.4,55,0.00,92,0.0,0.0,0.0,0.0,5.66,73,942.8
2024-01-21T01:00,29.1,61,0.00,94,0.0,0.0,0.0,0.0,5.28,71,942.1
2024-01-21T02:00,28.3,65,0.00,97,0.0,0.0,0.0,0.0,5.29,75,941.8
2024-01-21T03:00,27.5,69,0.00,97,0.0,0.0,0.0,0.0,5.15,72,942.0
2024-01-21T04:00,27.1,72,0.00,97,0.0,0.0,0.0,0.0,4.68,70,942.3
2024-01-21T05:00,26.5,76,0.00,81,0.0,0.0,0.0,0.0,4.12,76,942.8
2024-01-21T06:00,26.5,77,0.00,100,6.0,0.0,6.0,5.9,4.02,84,943.3
2024-01-21T07:00,28.8,69,0.00,100,106.0,154.1,76.0,87.2,4.26,81,945.1
2024-01-21T08:00,30.3,62,0.00,97,276.0,268.1,165.0,248.3,4.83,84,945.6
2024-01-21T09:00,31.9,54,0.00,98,453.0,327.0,252.0,424.3,5.40,90,945.4
2024-01-21T10:00,33.1,49,0.00,100,508.0,252.9,310.0,487.2,5.70,89,945.1
2024-01-21T11:00,32.9,50,0.10,100,393.0,106.9,296.0,381.5,6.20,88,944.6
2024-01-21T12:00,33.8,47,0.00,100,412.0,76.6,337.0,401.4,6.61,87,943.8
2024-01-21T13:00,34.9,43,0.00,100,548.0,103.7,445.0,534.5,6.80,88,943.6
2024-01-21T14:00,35.3,41,0.00,100,459.0,95.8,368.0,446.7,7.00,90,942.8
2024-01-21T15:00,35.4,40,0.00,100,383.0,77.6,317.0,371.8,7.20,91,942.1
2024-01-21T16:00,35.5,40,0.00,100,228.0,5.7,224.0,222.3,7.21,92,942.0
2024-01-21T17:00,35.5,40,0.00,100,139.0,0.0,139.0,135.6,7.31,92,942.0
2024-01-21T18:00,35.0,41,0.00,94,81.0,16.4,76.0,77.6,7.30,92,942.1
2024-01-21T19:00,34.5,38,0.00,84,19.0,0.0,19.0,18.5,5.61,93,942.8
2024-01-21T20:00,33.8,40,0.00,76,0.0,0.0,0.0,0.0,5.42,95,943.4
2024-01-21T21:00,33.5,41,0.00,66,0.0,0.0,0.0,0.0,5.40,92,944.1
2024-01-21T22:00,32.4,45,0.00,29,0.0,0.0,0.0,0.0,5.00,78,944.3
2024-01-21T23:00,31.0,52,0.00,25,0.0,0.0,0.0,0.0,4.83,56,944.2
2024-01-22T00:00,29.8,61,0.00,36,0.0,0.0,0.0,0.0,4.67,43,944.1
2024-01-22T01:00,28.6,66,0.00,46,0.0,0.0,0.0,0.0,4.34,38,943.5
2024-01-22T02:00,28.2,68,0.00,36,0.0,0.0,0.0,0.0,4.02,35,943.0
2024-01-22T03:00,28.0,69,0.00,68,0.0,0.0,0.0,0.0,4.12,29,943.1
2024-01-22T04:00,27.6,72,0.00,92,0.0,0.0,0.0,0.0,4.29,28,943.4
2024-01-22T05:00,27.4,75,0.00,92,0.0,0.0,0.0,0.0,4.16,24,944.2
2024-01-22T06:00,27.6,76,0.00,93,6.0,16.1,5.0,4.9,3.79,18,945.2
2024-01-22T07:00,29.7,68,0.00,83,134.0,411.0,55.0,88.0,3.14,31,945.4
2024-01-22T08:00,31.7,60,0.00,65,366.0,689.4,82.0,303.8,4.00,32,946.0
2024-01-22T09:00,32.7,54,0.00,80,562.0,683.5,143.0,512.1,4.74,46,945.9
2024-01-22T10:00,34.3,46,0.00,79,722.0,676.8,193.0,682.4,5.36,53,945.8
2024-01-22T11:00,36.7,37,0.00,93,895.0,812.1,159.0,859.2,6.07,57,945.5
2024-01-22T12:00,37.8,32,0.00,97,916.0,775.7,157.0,888.1,6.64,59,945.0
2024-01-22T13:00,38.9,29,0.00,89,905.0,738.9,171.0,882.6,6.71,62,944.5
2024-01-22T14:00,40.2,25,0.00,83,965.0,874.8,134.0,931.4,6.75,63,943.8
2024-01-22T15:00,40.2,24,0.00,77,781.0,712.1,175.0,745.1,6.71,62,943.3
2024-01-22T16:00,39.8,24,0.00,89,577.0,617.0,143.0,537.3,6.80,57,942.9
2024-01-22T17:00,37.2,28,0.00,88,348.0,452.5,114.0,310.5,7.03,50,942.7
2024-01-22T18:00,36.9,33,0.00,50,176.0,321.5,78.0,142.9,6.86,37,943.2
2024-01-22T19:00,35.4,37,0.00,52,41.0,184.7,19.0,19.3,5.99,28,943.7
2024-01-22T20:00,33.9,43,0.00,35,0.0,0.0,0.0,0.0,5.70,15,944.3
2024-01-22T21:00,32.9,49,0.00,44,0.0,0.0,0.0,0.0,5.77,9,945.1
2024-01-22T22:00,31.8,55,0.00,68,0.0,0.0,0.0,0.0,4.80,2,945.5
2024-01-22T23:00,30.8,59,0.00,54,0.0,0.0,0.0,0.0,4.40,357,945.5
2024-01-23T00:00,30.3,62,0.00,24,0.0,0.0,0.0,0.0,3.93,353,945.3
2024-01-23T01:00,29.6,66,0.00,32,0.0,0.0,0.0,0.0,3.65,351,944.9
2024-01-23T02:00,28.9,70,0.00,37,0.0,0.0,0.0,0.0,3.55,350,944.6
2024-01-23T03:00,28.3,73,0.00,25,0.0,0.0,0.0,0.0,3.54,352,944.4
2024-01-23T04:00,27.7,76,0.00,13,0.0,0.0,0.0,0.0,3.26,349,944.8
2024-01-23T05:00,27.1,79,0.00,3,0.0,0.0,0.0,0.0,3.10,345,944.7
2024-01-23T06:00,27.2,80,0.00,12,6.0,32.8,4.0,3.9,3.10,339,945.9
2024-01-23T07:00,30.1,66,0.00,18,137.0,474.3,47.0,84.9,2.91,311,946.8
2024-01-23T08:00,32.9,51,0.00,9,363.0,690.5,80.0,301.6,2.94,325,947.6
2024-01-23T09:00,34.6,42,0.00,4,575.0,786.9,94.0,520.2,2.77,347,947.8
2024-01-23T10:00,37.0,32,0.00,34,786.0,854.8,119.0,740.1,2.95,24,947.6
2024-01-23T11:00,39.1,25,0.00,40,928.0,857.1,152.0,891.8,4.95,47,947.0
2024-01-23T12:00,40.0,23,0.00,26,801.0,636.0,179.0,777.8,5.97,50,946.5
2024-01-23T13:00,41.4,21,0.00,38,903.0,769.3,139.0,881.8,6.42,53,946.0
2024-01-23T14:00,41.7,19,0.00,39,723.0,548.5,202.0,699.9,6.40,51,945.2
2024-01-23T15:00,41.3,20,0.00,44,629.0,574.6,140.0,600.9,6.31,49,944.3
2024-01-23T16:00,40.9,20,0.00,67,565.0,634.0,119.0,525.7,5.97,50,944.0
2024-01-23T17:00,40.3,21,0.00,78,387.0,570.6,92.0,341.8,5.70,52,943.5
2024-01-23T18:00,40.3,21,0.00,84,184.0,394.0,64.0,144.7,5.63,57,944.1
2024-01-23T19:00,39.0,21,0.00,90,42.0,193.4,19.0,19.6,3.68,47,944.1
2024-01-23T20:00,37.9,23,0.00,66,0.0,0.0,0.0,0.0,3.69,41,944.7
2024-01-23T21:00,36.7,26,0.00,51,0.0,0.0,0.0,0.0,3.94,27,945.1
2024-01-23T22:00,34.9,31,0.00,17,0.0,0.0,0.0,0.0,3.77,11,945.6
2024-01-23T23:00,33.6,36,0.00,23,0.0,0.0,0.0,0.0,3.81,357,945.7
2024-01-24T00:00,32.9,40,0.00,55,0.0,0.0,0.0,0.0,4.06,350,945.7
2024-01-24T01:00,32.0,44,0.00,76,0.0,0.0,0.0,0.0,4.27,344,945.2
2024-01-24T02:00,31.4,45,0.00,36,0.0,0.0,0.0,0.0,4.31,338,945.1
2024-01-24T03:00,31.1,49,0.00,34,0.0,0.0,0.0,0.0,4.21,332,945.2
2024-01-24T04:00,30.3,53,0.00,27,0.0,0.0,0.0,0.0,3.88,325,945.3
2024-01-24T05:00,28.9,60,0.00,22,0.0,0.0,0.0,0.0,3.84,321,945.7
2024-01-24T06:00,29.1,60,0.00,24,5.0,16.7,4.0,3.9,3.96,317,946.5
2024-01-24T07:00,32.5,48,0.00,37,128.0,437.8,46.0,80.4,3.56,322,947.6
2024-01-24T08:00,35.2,39,0.00,52,338.0,600.8,93.0,284.7,2.73,298,948.5
2024-01-24T09:00,36.8,34,0.00,26,548.0,733.3,101.0,497.6,2.15,292,948.6
2024-01-24T10:00,38.3,31,0.00,20,790.0,874.2,109.0,744.6,2.25,302,948.1
2024-01-24T11:00,39.9,27,0.00,30,882.0,832.5,129.0,848.4,2.24,333,947.7
2024-01-24T12:00,41.1,24,0.00,32,965.0,832.8,151.0,937.8,2.93,352,947.2
2024-01-24T13:00,41.5,23,0.00,60,897.0,770.5,132.0,877.1,2.92,354,946.8
2024-01-24T14:00,41.1,23,0.00,18,644.0,380.1,283.0,625.1,2.43,351,946.2
2024-01-24T15:00,41.7,22,0.00,32,583.0,424.2,222.0,560.0,1.84,347,945.6
2024-01-24T16:00,41.7,21,0.00,18,473.0,491.9,127.0,442.4,1.30,356,944.9
2024-01-24T17:00,39.9,24,0.00,55,323.0,388.9,122.0,291.3,1.12,10,944.1
2024-01-24T18:00,37.9,29,0.00,61,136.0,220.3,69.0,113.6,3.09,25,944.8
2024-01-24T19:00,38.4,30,0.10,69,29.0,126.3,14.0,14.5,2.94,10,946.1
2024-01-24T20:00,35.1,33,0.00,59,0.0,0.0,0.0,0.0,2.42,60,946.6
2024-01-24T21:00,34.5,35,0.00,69,0.0,0.0,0.0,0.0,2.96,78,947.2
2024-01-24T22:00,33.2,37,0.00,52,0.0,0.0,0.0,0.0,3.40,104,947.4
2024-01-24T23:00,33.6,36,0.00,54,0.0,0.0,0.0,0.0,3.09,115,947.6
2024-01-25T00:00,31.1,39,0.00,51,0.0,0.0,0.0,0.0,3.83,123,947.1
2024-01-25T01:00,30.3,44,0.00,48,0.0,0.0,0.0,0.0,3.20,88,947.0
2024-01-25T02:00,29.4,47,0.00,50,0.0,0.0,0.0,0.0,2.79,69,946.7
2024-01-25T03:00,28.2,51,0.00,54,0.0,0.0,0.0,0.0,2.84,51,946.6
2024-01-25T04:00,27.9,56,0.10,48,0.0,0.0,0.0,0.0,1.92,28,946.4
2024-01-25T05:00,27.6,56,0.00,51,0.0,0.0,0.0,0.0,1.20,355,946.3
2024-01-25T06:00,27.7,55,0.00,29,4.0,17.1,3.0,2.9,1.30,122,946.7
2024-01-25T07:00,28.9,60,0.00,31,109.0,357.1,43.0,70.5,2.77,154,948.0
2024-01-25T08:00,32.2,50,0.00,23,223.0,364.8,75.0,190.7,1.75,167,948.2
2024-01-25T09:00,34.5,37,0.00,15,485.0,572.5,137.0,445.0,1.33,193,948.8
2024-01-25T10:00,36.9,32,0.00,11,659.0,600.5,192.0,625.8,1.56,220,948.9
2024-01-25T11:00,38.6,27,0.00,16,858.0,705.0,221.0,827.9,2.06,231,948.2
2024-01-25T12:00,39.4,26,0.00,8,943.0,805.6,156.0,917.7,2.88,236,947.2
2024-01-25T13:00,40.8,23,0.00,7,998.0,864.4,140.0,977.1,3.41,238,945.8
2024-01-25T14:00,42.1,21,0.00,9,851.0,727.6,160.0,825.2,3.49,243,945.0
2024-01-25T15:00,42.9,20,0.00,14,851.0,837.8,138.0,814.1,3.62,242,944.4
2024-01-25T16:00,42.2,21,0.00,9,689.0,831.8,104.0,641.2,4.08,234,943.6
2024-01-25T17:00,41.7,21,0.00,24,391.0,481.9,142.0,352.7,4.46,224,943.3
2024-01-25T18:00,41.0,22,0.00,53,195.0,418.2,68.0,154.5,4.86,217,943.8
2024-01-25T19:00,36.9,31,0.00,61,32.0,118.2,18.0,18.5,2.91,243,944.1
2024-01-25T20:00,35.9,34,0.00,37,0.0,0.0,0.0,0.0,4.10,177,944.1
2024-01-25T21:00,34.9,36,0.00,42,0.0,0.0,0.0,0.0,1.92,171,944.9
2024-01-25T22:00,34.7,38,0.20,53,0.0,0.0,0.0,0.0,4.07,245,946.8
2024-01-25T23:00,32.3,45,0.10,60,0.0,0.0,0.0,0.0,5.44,234,948.6
2024-01-26T00:00,30.5,52,0.10,83,0.0,0.0,0.0,0.0,4.62,248,947.6
2024-01-26T01:00,29.0,59,0.10,85,0.0,0.0,0.0,0.0,6.07,237,947.1
2024-01-26T02:00,26.8,71,0.10,81,0.0,0.0,0.0,0.0,5.81,229,946.5
2024-01-26T03:00,26.6,73,0.00,87,0.0,0.0,0.0,0.0,4.16,235,946.3
2024-01-26T04:00,26.6,74,0.00,44,0.0,0.0,0.0,0.0,4.19,220,946.1
2024-01-26T05:00,26.0,75,0.00,34,0.0,0.0,0.0,0.0,5.24,204,946.3
2024-01-26T06:00,26.2,72,0.00,33,4.0,17.5,3.0,2.9,5.03,201,946.7
2024-01-26T07:00,25.6,69,0.00,40,98.0,296.2,44.0,66.2,4.40,197,947.3
2024-01-26T08:00,28.1,54,0.00,30,297.0,490.6,99.0,254.2,4.30,179,947.4
2024-01-26T09:00,29.6,46,0.00,15,528.0,658.2,129.0,483.6,4.81,168,947.4
2024-01-26T10:00,31.6,40,0.00,23,750.0,757.3,162.0,711.1,5.44,160,947.0
2024-01-26T11:00,33.7,34,0.00,31,903.0,849.7,136.0,871.1,6.40,151,946.7
2024-01-26T12:00,35.8,30,0.00,14,1019.0,918.8,122.0,992.9,6.98,151,945.9
2024-01-26T13:00,38.0,25,0.00,12,1053.0,939.2,121.0,1032.5,7.56,154,945.2
2024-01-26T14:00,38.7,25,0.00,7,984.0,895.2,134.0,955.1,7.89,158,944.2
2024-01-26T15:00,38.7,25,0.00,6,876.0,893.1,116.0,838.7,8.08,158,943.9
2024-01-26T16:00,38.4,26,0.00,40,669.0,766.5,130.0,625.3,7.96,155,943.7
2024-01-26T17:00,37.5,26,0.00,73,341.0,447.3,110.0,306.6,7.66,156,943.5
2024-01-26T18:00,36.4,28,0.00,32,160.0,260.6,81.0,134.2,7.91,159,943.8
2024-01-26T19:00,34.3,33,0.00,31,44.0,203.1,20.0,21.4,6.71,163,945.0
2024-01-26T20:00,32.8,36,0.00,49,0.0,0.0,0.0,0.0,6.99,163,946.1
2024-01-26T21:00,32.7,34,0.00,45,0.0,0.0,0.0,0.0,7.15,160,946.8
2024-01-26T22:00,31.6,34,0.00,34,0.0,0.0,0.0,0.0,7.06,159,946.9
2024-01-26T23:00,30.6,33,0.00,23,0.0,0.0,0.0,0.0,6.52,159,947.1
2024-01-27T00:00,29.9,34,0.00,9,0.0,0.0,0.0,0.0,5.95,160,946.6
2024-01-27T01:00,29.1,34,0.00,27,0.0,0.0,0.0,0.0,5.41,164,946.2
2024-01-27T02:00,28.1,34,0.00,44,0.0,0.0,0.0,0.0,4.78,164,945.6
2024-01-27T03:00,27.7,35,0.00,67,0.0,0.0,0.0,0.0,4.52,162,945.8
2024-01-27T04:00,27.2,35,0.00,78,0.0,0.0,0.0,0.0,4.43,162,945.7
2024-01-27T05:00,25.9,37,0.00,74,0.0,0.0,0.0,0.0,4.40,163,946.3
2024-01-27T06:00,25.9,37,0.00,54,4.0,17.9,3.0,2.9,4.65,161,946.8
2024-01-27T07:00,28.0,31,0.00,11,117.0,405.8,44.0,74.4,5.83,158,948.1
2024-01-27T08:00,29.1,27,0.00,8,285.0,463.3,99.0,245.1,6.08,155,948.5
2024-01-27T09:00,29.5,26,0.00,12,471.0,529.3,151.0,434.9,6.08,155,948.5
2024-01-27T10:00,30.6,24,0.00,19,631.0,535.4,216.0,601.8,6.28,158,948.7
2024-01-27T11:00,32.2,22,0.00,33,817.0,708.6,178.0,789.9,6.04,161,948.4
2024-01-27T12:00,33.9,20,0.00,29,961.0,827.1,154.0,937.7,5.98,162,948.0
2024-01-27T13:00,35.3,19,0.00,22,1053.0,933.5,127.0,1033.9,6.04,164,947.2
2024-01-27T14:00,36.3,18,0.00,15,1013.0,941.7,119.0,984.7,6.17,163,946.5
2024-01-27T15:00,36.6,17,0.00,14,896.0,921.5,112.0,859.2,6.29,162,945.9
2024-01-27T16:00,36.7,17,0.00,6,705.0,852.1,106.0,658.7,6.36,161,945.5
2024-01-27T17:00,36.1,17,0.00,0,490.0,781.0,87.0,433.8,6.65,159,945.1
2024-01-27T18:00,35.3,16,0.00,2,252.0,618.0,65.0,194.9,6.89,156,945.2
2024-01-27T19:00,33.7,18,0.00,0,50.0,237.6,22.0,23.9,6.05,146,946.3
2024-01-27T20:00,31.8,18,0.00,0,0.0,0.0,0.0,0.0,5.75,140,946.2
2024-01-27T21:00,30.7,19,0.00,0,0.0,0.0,0.0,0.0,5.59,134,946.6
2024-01-27T22:00,29.5,19,0.00,0,0.0,0.0,0.0,0.0,5.10,132,947.4
2024-01-27T23:00,28.1,21,0.00,0,0.0,0.0,0.0,0.0,4.68,132,947.1
2024-01-28T00:00,27.3,21,0.00,0,0.0,0.0,0.0,0.0,4.24,135,946.9
2024-01-28T01:00,26.5,22,0.00,0,0.0,0.0,0.0,0.0,3.89,134,946.1
2024-01-28T02:00,25.7,23,0.00,0,0.0,0.0,0.0,0.0,3.54,133,945.9
2024-01-28T03:00,25.1,24,0.00,0,0.0,0.0,0.0,0.0,3.41,130,946.2
2024-01-28T04:00,24.2,26,0.00,0,0.0,0.0,0.0,0.0,3.34,129,946.0
2024-01-28T05:00,23.1,29,0.00,0,0.0,0.0,0.0,0.0,3.06,128,946.5
2024-01-28T06:00,23.0,31,0.00,0,4.0,18.3,3.0,2.9,2.98,130,946.5
2024-01-28T07:00,27.4,24,0.00,3,128.0,467.8,45.0,79.6,3.92,128,948.3
2024-01-28T08:00,29.7,19,0.00,33,359.0,706.1,77.0,301.0,5.08,122,949.1
2024-01-28T09:00,30.6,17,0.00,38,595.0,826.1,97.0,543.2,5.13,123,949.0
2024-01-28T10:00,31.9,15,0.00,23,803.0,898.1,108.0,761.6,4.92,128,949.2
2024-01-28T11:00,33.7,15,0.00,0,961.0,936.9,117.0,929.4,4.96,132,948.5
2024-01-28T12:00,35.3,15,0.00,0,1054.0,956.8,121.0,1030.0,4.95,137,947.8
2024-01-28T13:00,36.6,15,0.00,0,1075.0,961.1,122.0,1057.0,4.94,144,947.0
2024-01-28T14:00,37.6,15,0.00,0,1023.0,952.5,119.0,995.9,5.20,150,946.1
2024-01-28T15:00,37.8,16,0.00,0,901.0,926.4,113.0,865.5,5.55,154,945.7
2024-01-28T16:00,37.5,16,0.00,0,722.0,880.8,103.0,675.7,5.83,158,945.1
2024-01-28T17:00,37.0,18,0.00,0,498.0,793.3,89.0,442.1,5.70,158,945.0
2024-01-28T18:00,36.2,19,0.00,0,255.0,629.4,65.0,197.8,5.41,155,945.2
2024-01-28T19:00,34.1,20,0.00,0,50.0,238.4,22.0,24.2,4.16,145,945.8
2024-01-28T20:00,31.4,23,0.00,0,0.0,0.0,0.0,0.0,3.25,135,945.6
2024-01-28T21:00,29.9,24,0.00,0,0.0,0.0,0.0,0.0,2.64,127,945.9
2024-01-28T22:00,28.1,27,0.00,0,0.0,0.0,0.0,0.0,2.24,117,946.2
2024-01-28T23:00,26.5,29,0.00,13,0.0,0.0,0.0,0.0,2.47,104,946.2
2024-01-29T00:00,25.8,29,0.00,12,0.0,0.0,0.0,0.0,2.52,97,945.8
2024-01-29T01:00,24.9,30,0.00,4,0.0,0.0,0.0,0.0,2.60,90,945.2
2024-01-29T02:00,23.7,33,0.00,13,0.0,0.0,0.0,0.0,2.61,86,944.6
2024-01-29T03:00,23.1,33,0.00,13,0.0,0.0,0.0,0.0,2.55,79,944.8
2024-01-29T04:00,23.3,27,0.00,36,0.0,0.0,0.0,0.0,2.62,72,944.8
2024-01-29T05:00,23.0,25,0.00,37,0.0,0.0,0.0,0.0,2.68,63,945.2
2024-01-29T06:00,23.4,23,0.00,36,4.0,18.7,3.0,2.9,2.20,51,945.7
2024-01-29T07:00,28.3,21,0.00,24,127.0,462.9,46.0,79.8,2.24,27,947.3
2024-01-29T08:00,32.0,13,0.00,1,362.0,714.7,78.0,304.3,1.43,25,948.7
2024-01-29T09:00,33.1,12,0.00,0,602.0,841.7,96.0,550.5,1.00,90,948.9
2024-01-29T10:00,34.6,12,0.00,0,813.0,911.2,109.0,772.3,2.44,145,948.7
2024-01-29T11:00,36.5,12,0.00,4,972.0,950.1,117.0,941.5,3.94,153,948.4
2024-01-29T12:00,37.9,11,0.00,14,1066.0,966.6,124.0,1043.2,5.06,155,947.9
2024-01-29T13:00,39.1,11,0.00,3,1077.0,927.2,158.0,1060.0,6.09,157,947.0
2024-01-29T14:00,39.8,11,0.00,0,1034.0,961.2,122.0,1008.2,6.94,155,946.3
2024-01-29T15:00,39.7,12,0.00,0,912.0,934.9,117.0,877.6,7.52,151,945.8
2024-01-29T16:00,39.6,11,0.00,6,729.0,891.2,103.0,683.6,7.77,148,945.6
2024-01-29T17:00,38.8,12,0.00,3,502.0,801.8,89.0,446.8,7.72,143,945.7
2024-01-29T18:00,37.9,13,0.00,15,257.0,634.3,66.0,200.4,7.36,137,946.0
2024-01-29T19:00,35.8,14,0.00,55,50.0,239.3,22.0,24.5,5.83,129,946.7
2024-01-29T20:00,33.2,15,0.00,63,0.0,0.0,0.0,0.0,4.91,123,946.9
2024-01-29T21:00,32.0,15,0.00,60,0.0,0.0,0.0,0.0,4.44,121,947.5
2024-01-29T22:00,30.5,16,0.00,92,0.0,0.0,0.0,0.0,4.03,120,947.8
2024-01-29T23:00,28.6,19,0.00,100,0.0,0.0,0.0,0.0,3.54,119,947.5
2024-01-30T00:00,28.2,19,0.00,100,0.0,0.0,0.0,0.0,3.31,119,947.4
2024-01-30T01:00,27.0,21,0.00,100,0.0,0.0,0.0,0.0,3.11,123,947.1
2024-01-30T02:00,26.0,23,0.00,100,0.0,0.0,0.0,0.0,2.92,128,946.4
2024-01-30T03:00,25.0,25,0.00,99,0.0,0.0,0.0,0.0,2.77,131,946.3
2024-01-30T04:00,23.5,28,0.00,97,0.0,0.0,0.0,0.0,2.56,129,946.4
2024-01-30T05:00,22.8,29,0.00,97,0.0,0.0,0.0,0.0,2.75,123,946.5
2024-01-30T06:00,22.4,30,0.00,100,3.0,0.0,3.0,2.9,2.77,116,947.1
2024-01-30T07:00,28.7,22,0.00,94,115.0,307.1,62.0,83.3,2.47,104,949.0
2024-01-30T08:00,32.9,17,0.00,36,317.0,432.6,146.0,280.3,3.04,117,949.8
2024-01-30T09:00,34.5,16,0.00,20,573.0,688.9,160.0,529.9,4.28,127,950.1
2024-01-30T10:00,36.3,13,0.00,45,805.0,858.2,143.0,767.1,5.97,130,950.2
2024-01-30T11:00,37.5,12,0.00,46,965.0,899.9,156.0,936.4,6.66,131,950.0
2024-01-30T12:00,38.6,11,0.00,56,1015.0,861.5,176.0,994.5,6.86,137,949.3
2024-01-30T13:00,39.3,11,0.00,42,1054.0,864.0,198.0,1038.3,7.26,142,948.7
2024-01-30T14:00,40.2,11,0.00,57,1006.0,806.5,241.0,982.4,7.76,142,948.0
2024-01-30T15:00,40.6,11,0.00,62,889.0,849.4,167.0,857.7,8.12,142,947.6
2024-01-30T16:00,40.2,12,0.00,78,709.0,806.3,143.0,668.1,8.46,141,947.3
2024-01-30T17:00,39.1,12,0.00,75,471.0,657.0,133.0,425.4,8.59,140,947.0
2024-01-30T18:00,38.3,13,0.00,66,238.0,486.2,92.0,194.4,8.63,137,947.5
2024-01-30T19:00,36.9,15,0.00,80,44.0,154.4,26.0,27.5,6.94,131,948.5
2024-01-30T20:00,35.2,17,0.00,78,0.0,0.0,0.0,0.0,6.64,127,948.8
2024-01-30T21:00,34.3,18,0.00,70,0.0,0.0,0.0,0.0,7.05,122,949.4
2024-01-30T22:00,32.9,19,0.00,65,0.0,0.0,0.0,0.0,7.74,119,950.1
2024-01-30T23:00,32.1,20,0.00,51,0.0,0.0,0.0,0.0,7.92,118,950.1
2024-01-31T00:00,31.6,22,0.00,29,0.0,0.0,0.0,0.0,7.36,121,949.9
2024-01-31T01:00,30.8,22,0.00,12,0.0,0.0,0.0,0.0,6.72,127,949.4
2024-01-31T02:00,30.0,23,0.00,25,0.0,0.0,0.0,0.0,6.30,132,949.4
2024-01-31T03:00,29.1,24,0.00,45,0.0,0.0,0.0,0.0,6.01,133,949.3
2024-01-31T04:00,28.4,25,0.00,74,0.0,0.0,0.0,0.0,6.01,133,949.3
2024-01-31T05:00,28.0,25,0.00,81,0.0,0.0,0.0,0.0,5.87,136,949.8
2024-01-31T06:00,27.9,26,0.00,79,3.0,0.0,3.0,2.9,5.89,140,950.4
2024-01-31T07:00,30.0,23,0.00,7,122.0,452.4,45.0,77.1,6.22,143,951.4
2024-01-31T08:00,32.1,21,0.00,3,358.0,706.9,80.0,302.9,8.56,143,952.2
2024-01-31T09:00,33.0,19,0.00,1,596.0,831.2,99.0,547.6,9.26,142,951.9
2024-01-31T10:00,34.5,16,0.00,3,808.0,899.9,115.0,770.5,9.59,141,952.1
2024-01-31T11:00,35.7,15,0.00,0,972.0,948.7,120.0,944.5,9.30,140,951.9
2024-01-31T12:00,36.8,13,0.00,0,1069.0,972.1,123.0,1049.3,9.03,141,951.1
2024-01-31T13:00,37.6,12,0.00,0,1093.0,979.5,123.0,1079.2,8.96,145,950.7
2024-01-31T14:00,38.4,11,0.00,0,1043.0,972.4,121.0,1020.2,8.88,149,949.9
2024-01-31T15:00,38.4,10,0.00,0,924.0,952.1,115.0,892.2,8.81,154,949.4
2024-01-31T16:00,38.1,9,0.00,0,740.0,905.2,105.0,696.9,8.78,157,948.8
2024-01-31T17:00,36.9,9,0.00,0,513.0,823.2,90.0,459.0,8.90,159,948.7
2024-01-31T18:00,36.1,9,0.00,0,264.0,658.2,67.0,207.4,8.58,159,948.6
2024-01-31T19:00,33.9,10,0.00,0,51.0,249.9,22.0,25.2,6.85,157,950.1
2024-01-31T20:00,31.6,10,0.00,0,0.0,0.0,0.0,0.0,6.13,156,950.1
2024-01-31T21:00,30.6,9,0.00,0,0.0,0.0,0.0,0.0,5.73,155,951.1
2024-01-31T22:00,28.5,10,0.00,0,0.0,0.0,0.0,0.0,5.55,157,950.8
2024-01-31T23:00,27.0,9,0.00,0,0.0,0.0,0.0,0.0,5.57,159,950.5
