fold,split,classifier,threshold,seed,group,n,squared_error_sum,baseline_squared_error_sum,delta_squared_error_sum
roll_2,validation,LR,0.5,42,TP,0,0.0,0.0,0.0
roll_2,validation,LR,0.5,42,FP,0,0.0,0.0,0.0
roll_2,validation,LR,0.5,42,FN,36,1693.8741490350337,1693.8741490350337,0.0
roll_2,validation,LR,0.5,42,TN,920,3542.1679722659833,3542.1679722659833,0.0
roll_2,validation,HGB,0.15,42,TP,5,48.22011337922716,96.30834583570666,-48.0882324564795
roll_2,validation,HGB,0.15,42,FP,8,156.99883401847018,167.47719192283247,-10.47835790436228
roll_2,validation,HGB,0.15,42,FN,31,1597.565803199327,1597.565803199327,0.0
roll_2,validation,HGB,0.15,42,TN,912,3374.690780343151,3374.690780343151,0.0
roll_2,validation,HGB,0.5,42,TP,0,0.0,0.0,0.0
roll_2,validation,HGB,0.5,42,FP,0,0.0,0.0,0.0
roll_2,validation,HGB,0.5,42,FN,36,1693.8741490350337,1693.8741490350337,0.0
roll_2,validation,HGB,0.5,42,TN,920,3542.1679722659833,3542.1679722659833,0.0
roll_2,evaluation,LR,0.5,42,TP,2,317.47268412956885,289.99327888501733,27.47940524455153
roll_2,evaluation,LR,0.5,42,FP,7,135.86898253056827,72.30824966633679,63.56073286423152
roll_2,evaluation,LR,0.5,42,FN,45,2268.590052940738,2268.590052940738,0.0
roll_2,evaluation,LR,0.5,42,TN,902,2884.6706121204875,2884.6706121204875,0.0
roll_2,evaluation,HGB,0.15,42,TP,7,873.9269811957404,900.4204576813082,-26.49347648556781
roll_2,evaluation,HGB,0.15,42,FP,19,213.60091567378228,239.2564374428365,-25.655521769054175
roll_2,evaluation,HGB,0.15,42,FN,40,1658.1628741444467,1658.1628741444467,0.0
roll_2,evaluation,HGB,0.15,42,TN,890,2717.722424343988,2717.722424343988,0.0
roll_2,evaluation,HGB,0.5,42,TP,0,0.0,0.0,0.0
roll_2,evaluation,HGB,0.5,42,FP,0,0.0,0.0,0.0
roll_2,evaluation,HGB,0.5,42,FN,47,2558.583331825755,2558.583331825755,0.0
roll_2,evaluation,HGB,0.5,42,TN,909,2956.9788617868244,2956.9788617868244,0.0
roll_3,validation,LR,0.5,42,TP,0,0.0,0.0,0.0
roll_3,validation,LR,0.5,42,FP,0,0.0,0.0,0.0
roll_3,validation,LR,0.5,42,FN,62,2788.173401407336,2788.173401407336,0.0
roll_3,validation,LR,0.5,42,TN,1374,5004.33044634469,5004.33044634469,0.0
roll_3,validation,HGB,0.5,42,TP,0,0.0,0.0,0.0
roll_3,validation,HGB,0.5,42,FP,0,0.0,0.0,0.0
roll_3,validation,HGB,0.5,42,FN,62,2788.173401407336,2788.173401407336,0.0
roll_3,validation,HGB,0.5,42,TN,1374,5004.33044634469,5004.33044634469,0.0
roll_3,evaluation,LR,0.5,42,TP,0,0.0,0.0,0.0
roll_3,evaluation,LR,0.5,42,FP,0,0.0,0.0,0.0
roll_3,evaluation,LR,0.5,42,FN,83,7836.674180487298,7836.674180487298,0.0
roll_3,evaluation,LR,0.5,42,TN,1206,4710.063011840265,4710.063011840265,0.0
roll_3,evaluation,HGB,0.5,42,TP,0,0.0,0.0,0.0
roll_3,evaluation,HGB,0.5,42,FP,0,0.0,0.0,0.0
roll_3,evaluation,HGB,0.5,42,FN,83,7836.674180487298,7836.674180487298,0.0
roll_3,evaluation,HGB,0.5,42,TN,1206,4710.063011840265,4710.063011840265,0.0
