fold,split,model,seed,scope,n,MAE_MW,RMSE_MW,R2,nRMSE_capacity_pct
roll_2,validation,baseline,42,all,956,1.205438812744665,2.340305857711134,0.949040490553785,6.6865881648889545
roll_2,validation,baseline,42,daylight,514,2.1655376126376296,3.1884339046370114,0.8934737111175224,9.109811156105748
roll_2,validation,baseline,42,day_stable,478,1.9220413189242513,2.7181040277781277,0.9248913127221665,7.766011507937508
roll_2,validation,baseline,42,day_ramp_up,16,5.153940352264266,5.651401625480676,-2.223356838537728,16.146861787087644
roll_2,validation,baseline,42,day_ramp_down,20,5.594376840686065,7.6904509091316084,-1.1845486843882478,21.972716883233165
roll_2,validation,baseline,42,day_ramp,36,5.3986272902763766,6.859450393101302,0.14033630720327317,19.598429694575145
roll_2,validation,baseline,42,night_lowlight,442,0.08894382825375148,0.15530723078055,-2.485731665583147,0.4437349450872857
roll_2,validation,expert,42,all,956,1.3123957294619604,2.4918256307652324,0.9422282801373703,7.119501802186378
roll_2,validation,expert,42,daylight,514,2.3439858408736876,3.3940313646706812,0.8792926645979191,9.697232470487661
roll_2,validation,expert,42,day_stable,478,2.1570157769448954,3.0762641940838718,0.9037933074360793,8.789326268811061
roll_2,validation,expert,42,day_ramp_up,16,4.749058271613728,5.786508263154232,-2.3793190550565257,16.532880751869236
roll_2,validation,expert,42,day_ramp_down,20,4.888512424179792,6.564114660374591,-0.5915139015457553,18.75461331535597
roll_2,validation,expert,42,day_ramp,36,4.8265328008170965,6.230504865319521,0.290754768302835,17.80144247234149
roll_2,validation,expert,42,night_lowlight,442,0.11276378994696541,0.18418008617338938,-3.9022555096263485,0.5262288176382554
roll_2,validation,oracle,42,all,956,1.1838955056102154,2.273105179884488,0.9519250254903081,6.494586228241394
roll_2,validation,oracle,42,daylight,514,2.125468737889509,3.096690104263467,0.899515875515059,8.847686012181335
roll_2,validation,oracle,42,day_stable,478,1.9220413189242513,2.7181040277781277,0.9248913127221665,7.766011507937508
roll_2,validation,oracle,42,day_ramp_up,16,4.749058271613728,5.786508263154232,-2.3793190550565257,16.532880751869236
roll_2,validation,oracle,42,day_ramp_down,20,4.888512424179792,6.564114660374591,-0.5915139015457553,18.75461331535597
roll_2,validation,oracle,42,day_ramp,36,4.8265328008170965,6.230504865319521,0.290754768302835,17.80144247234149
roll_2,validation,oracle,42,night_lowlight,442,0.08894382825375148,0.15530723078055,-2.485731665583147,0.4437349450872857
roll_2,validation,selected,42,all,956,1.2000960343135882,2.3271805653684536,0.9496104868688613,6.649087329624153
roll_2,validation,selected,42,daylight,514,2.15560046053625,3.1705154125844626,0.8946676683818544,9.058615464527037
roll_2,validation,selected,42,day_stable,478,1.9258113521149112,2.7140685796379085,0.9251141682213087,7.75448165610831
roll_2,validation,selected,42,day_ramp_up,16,4.645656051339259,5.325919118722118,-1.862761550008385,15.216911767777479
roll_2,validation,selected,42,day_ramp_down,20,5.655515679163838,7.719907011201099,-1.2013153275321535,22.056877174860283
roll_2,validation,selected,42,day_ramp,36,5.206689177908469,6.7613811799450705,0.16474172570331647,19.3182319427002
roll_2,validation,selected,42,night_lowlight,442,0.08894382825375148,0.15530723078055,-2.485731665583147,0.4437349450872857
roll_2,validation,LR_soft,42,all,956,1.2058305321465648,2.347290520222181,0.9487358584737524,6.706544343491946
roll_2,validation,LR_soft,42,daylight,514,2.166227205980371,3.1979727091939973,0.8928353705037881,9.137064883411421
roll_2,validation,LR_soft,42,day_stable,478,1.9273861203631628,2.746224275966937,0.9233291942886714,7.846355074191248
roll_2,validation,LR_soft,42,day_ramp_up,16,5.111387746680499,5.646440181803246,-2.2176996637531268,16.13268623372356
roll_2,validation,LR_soft,42,day_ramp_down,20,5.518400719671542,7.555200570141516,-1.1083859602928356,21.58628734326148
roll_2,validation,LR_soft,42,day_ramp,36,5.337506065008855,6.773596001977602,0.16172111597043204,19.35313143422172
roll_2,validation,LR_soft,42,night_lowlight,442,0.08898915126290835,0.15522314305139526,-2.481958139901865,0.4434946944325579
roll_2,validation,LR_hard_0.10,42,all,956,1.2660009647922454,2.460632520040438,0.9436656201001494,7.030378628686966
roll_2,validation,LR_hard_0.10,42,daylight,514,2.278178502438188,3.3526932853854055,0.882215102152476,9.57912367252973
roll_2,validation,LR_hard_0.10,42,day_stable,478,2.0627645398995593,3.0150739110447455,0.9075825568447209,8.614496888699273
roll_2,validation,LR_hard_0.10,42,day_ramp_up,16,5.062325965771545,5.708529980439207,-2.2888541505529063,16.310085658397735
roll_2,validation,LR_hard_0.10,42,day_ramp_down,20,5.199254236444721,6.7487267046578046,-0.6822936359323821,19.282076299022297
roll_2,validation,LR_hard_0.10,42,day_ramp,36,5.138397227256642,6.307630465652956,0.27308700971835453,18.021801330437015
roll_2,validation,LR_hard_0.10,42,night_lowlight,442,0.08894382825375148,0.15530723078055,-2.485731665583147,0.4437349450872857
roll_2,validation,LR_hard_0.15,42,all,956,1.24765995321574,2.4607272688941215,0.94366128160536,7.03064933969749
roll_2,validation,LR_hard_0.15,42,daylight,514,2.2440656482219636,3.352822622050011,0.8822060144141293,9.579493205857174
roll_2,validation,LR_hard_0.15,42,day_stable,478,2.006483599866401,2.923077808459404,0.9131362098562446,8.351650881312583
roll_2,validation,LR_hard_0.15,42,day_ramp_up,16,5.153940352264266,5.651401625480676,-2.223356838537728,16.146861787087644
roll_2,validation,LR_hard_0.15,42,day_ramp_down,20,5.594376840686065,7.6904509091316084,-1.1845486843882478,21.972716883233165
roll_2,validation,LR_hard_0.15,42,day_ramp,36,5.3986272902763766,6.859450393101302,0.14033630720327317,19.598429694575145
roll_2,validation,LR_hard_0.15,42,night_lowlight,442,0.08894382825375148,0.15530723078055,-2.485731665583147,0.4437349450872857
roll_2,validation,LR_hard_0.20,42,all,956,1.2277002631744567,2.4172301377496725,0.9456354246460239,6.906371822141922
roll_2,validation,LR_hard_0.20,42,daylight,514,2.206942178028448,3.2934459980585835,0.8863412032949827,9.40984570873881
roll_2,validation,LR_hard_0.20,42,day_stable,478,1.9665642197838347,2.8495665579593306,0.9174502743846065,8.141618737026658
roll_2,validation,LR_hard_0.20,42,day_ramp_up,16,5.153940352264266,5.651401625480676,-2.223356838537728,16.146861787087644
roll_2,validation,LR_hard_0.20,42,day_ramp_down,20,5.594376840686065,7.6904509091316084,-1.1845486843882478,21.972716883233165
roll_2,validation,LR_hard_0.20,42,day_ramp,36,5.3986272902763766,6.859450393101302,0.14033630720327317,19.598429694575145
roll_2,validation,LR_hard_0.20,42,night_lowlight,442,0.08894382825375148,0.15530723078055,-2.485731665583147,0.4437349450872857
roll_2,validation,LR_hard_0.25,42,all,956,1.2139106118350582,2.369880563904974,0.9477443904827842,6.771087325442783
roll_2,validation,LR_hard_0.25,42,daylight,514,2.181294499661785,3.228808193362759,0.8907588021713735,9.22516626675074
roll_2,validation,LR_hard_0.25,42,day_stable,478,1.9389849171050377,2.768879604623267,0.9220589651028006,7.911084584637906
roll_2,validation,LR_hard_0.25,42,day_ramp_up,16,5.153940352264266,5.651401625480676,-2.223356838537728,16.146861787087644
roll_2,validation,LR_hard_0.25,42,day_ramp_down,20,5.594376840686065,7.6904509091316084,-1.1845486843882478,21.972716883233165
roll_2,validation,LR_hard_0.25,42,day_ramp,36,5.3986272902763766,6.859450393101302,0.14033630720327317,19.598429694575145
roll_2,validation,LR_hard_0.25,42,night_lowlight,442,0.08894382825375148,0.15530723078055,-2.485731665583147,0.4437349450872857
roll_2,validation,LR_hard_0.30,42,all,956,1.2004493544033592,2.3286686754796926,0.949546023354819,6.653339072799122
roll_2,validation,LR_hard_0.30,42,daylight,514,2.1562576084074965,3.1725469731173783,0.894532638244221,9.06441992319251
roll_2,validation,LR_hard_0.30,42,day_stable,478,1.9120624022416393,2.6980404168340915,0.9259960458037828,7.708686905240261
roll_2,validation,LR_hard_0.30,42,day_ramp_up,16,5.153940352264266,5.651401625480676,-2.223356838537728,16.146861787087644
roll_2,validation,LR_hard_0.30,42,day_ramp_down,20,5.594376840686065,7.6904509091316084,-1.1845486843882478,21.972716883233165
roll_2,validation,LR_hard_0.30,42,day_ramp,36,5.3986272902763766,6.859450393101302,0.14033630720327317,19.598429694575145
roll_2,validation,LR_hard_0.30,42,night_lowlight,442,0.08894382825375148,0.15530723078055,-2.485731665583147,0.4437349450872857
roll_2,validation,LR_hard_0.35,42,all,956,1.1994258835075078,2.3284877880157504,0.9495538614277154,6.652822251473572
roll_2,validation,LR_hard_0.35,42,daylight,514,2.1543540321887535,3.172300026592952,0.8945490564627702,9.06371436169415
roll_2,validation,LR_hard_0.35,42,day_stable,478,1.9100154604499366,2.697728164294274,0.9260131742243466,7.707794755126497
roll_2,validation,LR_hard_0.35,42,day_ramp_up,16,5.153940352264266,5.651401625480676,-2.223356838537728,16.146861787087644
roll_2,validation,LR_hard_0.35,42,day_ramp_down,20,5.594376840686065,7.6904509091316084,-1.1845486843882478,21.972716883233165
roll_2,validation,LR_hard_0.35,42,day_ramp,36,5.3986272902763766,6.859450393101302,0.14033630720327317,19.598429694575145
roll_2,validation,LR_hard_0.35,42,night_lowlight,442,0.08894382825375148,0.15530723078055,-2.485731665583147,0.4437349450872857
roll_2,validation,LR_hard_0.40,42,all,956,1.2006181416827306,2.3320126197765214,0.9494010165310122,6.6628931993614895
roll_2,validation,LR_hard_0.40,42,daylight,514,2.1565715396119307,3.1771120995103868,0.8942288960162759,9.077463141458248
roll_2,validation,LR_hard_0.40,42,day_stable,478,1.9123999768003825,2.703810682748238,0.9256791646142897,7.7251733792806805
roll_2,validation,LR_hard_0.40,42,day_ramp_up,16,5.153940352264266,5.651401625480676,-2.223356838537728,16.146861787087644
roll_2,validation,LR_hard_0.40,42,day_ramp_down,20,5.594376840686065,7.6904509091316084,-1.1845486843882478,21.972716883233165
roll_2,validation,LR_hard_0.40,42,day_ramp,36,5.3986272902763766,6.859450393101302,0.14033630720327317,19.598429694575145
roll_2,validation,LR_hard_0.40,42,night_lowlight,442,0.08894382825375148,0.15530723078055,-2.485731665583147,0.4437349450872857
roll_2,validation,LR_hard_0.45,42,all,956,1.205438812744665,2.340305857711134,0.949040490553785,6.6865881648889545
roll_2,validation,LR_hard_0.45,42,daylight,514,2.1655376126376296,3.1884339046370114,0.8934737111175224,9.109811156105748
roll_2,validation,LR_hard_0.45,42,day_stable,478,1.9220413189242513,2.7181040277781277,0.9248913127221665,7.766011507937508
roll_2,validation,LR_hard_0.45,42,day_ramp_up,16,5.153940352264266,5.651401625480676,-2.223356838537728,16.146861787087644
roll_2,validation,LR_hard_0.45,42,day_ramp_down,20,5.594376840686065,7.6904509091316084,-1.1845486843882478,21.972716883233165
roll_2,validation,LR_hard_0.45,42,day_ramp,36,5.3986272902763766,6.859450393101302,0.14033630720327317,19.598429694575145
roll_2,validation,LR_hard_0.45,42,night_lowlight,442,0.08894382825375148,0.15530723078055,-2.485731665583147,0.4437349450872857
roll_2,validation,LR_hard_0.50,42,all,956,1.205438812744665,2.340305857711134,0.949040490553785,6.6865881648889545
roll_2,validation,LR_hard_0.50,42,daylight,514,2.1655376126376296,3.1884339046370114,0.8934737111175224,9.109811156105748
roll_2,validation,LR_hard_0.50,42,day_stable,478,1.9220413189242513,2.7181040277781277,0.9248913127221665,7.766011507937508
roll_2,validation,LR_hard_0.50,42,day_ramp_up,16,5.153940352264266,5.651401625480676,-2.223356838537728,16.146861787087644
roll_2,validation,LR_hard_0.50,42,day_ramp_down,20,5.594376840686065,7.6904509091316084,-1.1845486843882478,21.972716883233165
roll_2,validation,LR_hard_0.50,42,day_ramp,36,5.3986272902763766,6.859450393101302,0.14033630720327317,19.598429694575145
roll_2,validation,LR_hard_0.50,42,night_lowlight,442,0.08894382825375148,0.15530723078055,-2.485731665583147,0.4437349450872857
roll_2,validation,LR_hard_0.55,42,all,956,1.205438812744665,2.340305857711134,0.949040490553785,6.6865881648889545
roll_2,validation,LR_hard_0.55,42,daylight,514,2.1655376126376296,3.1884339046370114,0.8934737111175224,9.109811156105748
roll_2,validation,LR_hard_0.55,42,day_stable,478,1.9220413189242513,2.7181040277781277,0.9248913127221665,7.766011507937508
roll_2,validation,LR_hard_0.55,42,day_ramp_up,16,5.153940352264266,5.651401625480676,-2.223356838537728,16.146861787087644
roll_2,validation,LR_hard_0.55,42,day_ramp_down,20,5.594376840686065,7.6904509091316084,-1.1845486843882478,21.972716883233165
roll_2,validation,LR_hard_0.55,42,day_ramp,36,5.3986272902763766,6.859450393101302,0.14033630720327317,19.598429694575145
roll_2,validation,LR_hard_0.55,42,night_lowlight,442,0.08894382825375148,0.15530723078055,-2.485731665583147,0.4437349450872857
roll_2,validation,LR_hard_0.60,42,all,956,1.205438812744665,2.340305857711134,0.949040490553785,6.6865881648889545
roll_2,validation,LR_hard_0.60,42,daylight,514,2.1655376126376296,3.1884339046370114,0.8934737111175224,9.109811156105748
roll_2,validation,LR_hard_0.60,42,day_stable,478,1.9220413189242513,2.7181040277781277,0.9248913127221665,7.766011507937508
roll_2,validation,LR_hard_0.60,42,day_ramp_up,16,5.153940352264266,5.651401625480676,-2.223356838537728,16.146861787087644
roll_2,validation,LR_hard_0.60,42,day_ramp_down,20,5.594376840686065,7.6904509091316084,-1.1845486843882478,21.972716883233165
roll_2,validation,LR_hard_0.60,42,day_ramp,36,5.3986272902763766,6.859450393101302,0.14033630720327317,19.598429694575145
roll_2,validation,LR_hard_0.60,42,night_lowlight,442,0.08894382825375148,0.15530723078055,-2.485731665583147,0.4437349450872857
roll_2,validation,LR_hard_0.65,42,all,956,1.205438812744665,2.340305857711134,0.949040490553785,6.6865881648889545
roll_2,validation,LR_hard_0.65,42,daylight,514,2.1655376126376296,3.1884339046370114,0.8934737111175224,9.109811156105748
roll_2,validation,LR_hard_0.65,42,day_stable,478,1.9220413189242513,2.7181040277781277,0.9248913127221665,7.766011507937508
roll_2,validation,LR_hard_0.65,42,day_ramp_up,16,5.153940352264266,5.651401625480676,-2.223356838537728,16.146861787087644
roll_2,validation,LR_hard_0.65,42,day_ramp_down,20,5.594376840686065,7.6904509091316084,-1.1845486843882478,21.972716883233165
roll_2,validation,LR_hard_0.65,42,day_ramp,36,5.3986272902763766,6.859450393101302,0.14033630720327317,19.598429694575145
roll_2,validation,LR_hard_0.65,42,night_lowlight,442,0.08894382825375148,0.15530723078055,-2.485731665583147,0.4437349450872857
roll_2,validation,LR_hard_0.70,42,all,956,1.205438812744665,2.340305857711134,0.949040490553785,6.6865881648889545
roll_2,validation,LR_hard_0.70,42,daylight,514,2.1655376126376296,3.1884339046370114,0.8934737111175224,9.109811156105748
roll_2,validation,LR_hard_0.70,42,day_stable,478,1.9220413189242513,2.7181040277781277,0.9248913127221665,7.766011507937508
roll_2,validation,LR_hard_0.70,42,day_ramp_up,16,5.153940352264266,5.651401625480676,-2.223356838537728,16.146861787087644
roll_2,validation,LR_hard_0.70,42,day_ramp_down,20,5.594376840686065,7.6904509091316084,-1.1845486843882478,21.972716883233165
roll_2,validation,LR_hard_0.70,42,day_ramp,36,5.3986272902763766,6.859450393101302,0.14033630720327317,19.598429694575145
roll_2,validation,LR_hard_0.70,42,night_lowlight,442,0.08894382825375148,0.15530723078055,-2.485731665583147,0.4437349450872857
roll_2,validation,LR_hard_0.75,42,all,956,1.205438812744665,2.340305857711134,0.949040490553785,6.6865881648889545
roll_2,validation,LR_hard_0.75,42,daylight,514,2.1655376126376296,3.1884339046370114,0.8934737111175224,9.109811156105748
roll_2,validation,LR_hard_0.75,42,day_stable,478,1.9220413189242513,2.7181040277781277,0.9248913127221665,7.766011507937508
roll_2,validation,LR_hard_0.75,42,day_ramp_up,16,5.153940352264266,5.651401625480676,-2.223356838537728,16.146861787087644
roll_2,validation,LR_hard_0.75,42,day_ramp_down,20,5.594376840686065,7.6904509091316084,-1.1845486843882478,21.972716883233165
roll_2,validation,LR_hard_0.75,42,day_ramp,36,5.3986272902763766,6.859450393101302,0.14033630720327317,19.598429694575145
roll_2,validation,LR_hard_0.75,42,night_lowlight,442,0.08894382825375148,0.15530723078055,-2.485731665583147,0.4437349450872857
roll_2,validation,LR_hard_0.80,42,all,956,1.205438812744665,2.340305857711134,0.949040490553785,6.6865881648889545
roll_2,validation,LR_hard_0.80,42,daylight,514,2.1655376126376296,3.1884339046370114,0.8934737111175224,9.109811156105748
roll_2,validation,LR_hard_0.80,42,day_stable,478,1.9220413189242513,2.7181040277781277,0.9248913127221665,7.766011507937508
roll_2,validation,LR_hard_0.80,42,day_ramp_up,16,5.153940352264266,5.651401625480676,-2.223356838537728,16.146861787087644
roll_2,validation,LR_hard_0.80,42,day_ramp_down,20,5.594376840686065,7.6904509091316084,-1.1845486843882478,21.972716883233165
roll_2,validation,LR_hard_0.80,42,day_ramp,36,5.3986272902763766,6.859450393101302,0.14033630720327317,19.598429694575145
roll_2,validation,LR_hard_0.80,42,night_lowlight,442,0.08894382825375148,0.15530723078055,-2.485731665583147,0.4437349450872857
roll_2,validation,LR_hard_0.85,42,all,956,1.205438812744665,2.340305857711134,0.949040490553785,6.6865881648889545
roll_2,validation,LR_hard_0.85,42,daylight,514,2.1655376126376296,3.1884339046370114,0.8934737111175224,9.109811156105748
roll_2,validation,LR_hard_0.85,42,day_stable,478,1.9220413189242513,2.7181040277781277,0.9248913127221665,7.766011507937508
roll_2,validation,LR_hard_0.85,42,day_ramp_up,16,5.153940352264266,5.651401625480676,-2.223356838537728,16.146861787087644
roll_2,validation,LR_hard_0.85,42,day_ramp_down,20,5.594376840686065,7.6904509091316084,-1.1845486843882478,21.972716883233165
roll_2,validation,LR_hard_0.85,42,day_ramp,36,5.3986272902763766,6.859450393101302,0.14033630720327317,19.598429694575145
roll_2,validation,LR_hard_0.85,42,night_lowlight,442,0.08894382825375148,0.15530723078055,-2.485731665583147,0.4437349450872857
roll_2,validation,LR_hard_0.90,42,all,956,1.205438812744665,2.340305857711134,0.949040490553785,6.6865881648889545
roll_2,validation,LR_hard_0.90,42,daylight,514,2.1655376126376296,3.1884339046370114,0.8934737111175224,9.109811156105748
roll_2,validation,LR_hard_0.90,42,day_stable,478,1.9220413189242513,2.7181040277781277,0.9248913127221665,7.766011507937508
roll_2,validation,LR_hard_0.90,42,day_ramp_up,16,5.153940352264266,5.651401625480676,-2.223356838537728,16.146861787087644
roll_2,validation,LR_hard_0.90,42,day_ramp_down,20,5.594376840686065,7.6904509091316084,-1.1845486843882478,21.972716883233165
roll_2,validation,LR_hard_0.90,42,day_ramp,36,5.3986272902763766,6.859450393101302,0.14033630720327317,19.598429694575145
roll_2,validation,LR_hard_0.90,42,night_lowlight,442,0.08894382825375148,0.15530723078055,-2.485731665583147,0.4437349450872857
roll_2,validation,HGB_soft,42,all,956,1.201198797046651,2.3354621952282772,0.9492512110748992,6.672749129223649
roll_2,validation,HGB_soft,42,daylight,514,2.157556929210167,3.1818211097003357,0.8939151228111711,9.090917456286673
roll_2,validation,HGB_soft,42,day_stable,478,1.918062602499235,2.7208488149456818,0.9247395441000023,7.773853756987662
roll_2,validation,HGB_soft,42,day_ramp_up,16,5.076646420082639,5.615230481892474,-2.1822274365529766,16.043515662549925
roll_2,validation,HGB_soft,42,day_ramp_down,20,5.54619974490347,7.617718938096175,-1.1434236050764004,21.764911251703356
roll_2,validation,HGB_soft,42,day_ramp,36,5.337509378316435,6.8009105808482495,0.1549467523013427,19.431173088137854
roll_2,validation,HGB_soft,42,night_lowlight,442,0.08905381982482394,0.15531459069281017,-2.4860620466860985,0.443755973408029
roll_2,validation,HGB_hard_0.10,42,all,956,1.219055864799483,2.380688292484547,0.9472666851976701,6.801966549955849
roll_2,validation,HGB_hard_0.10,42,daylight,514,2.190864269766824,3.243562250264106,0.889758164657962,9.267320715040304
roll_2,validation,HGB_hard_0.10,42,day_stable,478,1.954110528775857,2.7862354559482516,0.9210788050392582,7.960672731280718
roll_2,validation,HGB_hard_0.10,42,day_ramp_up,16,4.799865798265079,5.580618087004678,-2.1431177164790385,15.944623105727652
roll_2,validation,HGB_hard_0.10,42,day_ramp_down,20,5.762077456652328,7.741380294559564,-1.2135784827337313,22.118229413027326
roll_2,validation,HGB_hard_0.10,42,day_ramp,36,5.334427830702441,6.865518004710129,0.13881478227393063,19.615765727743227
roll_2,validation,HGB_hard_0.10,42,night_lowlight,442,0.08894382825375148,0.15530723078055,-2.485731665583147,0.4437349450872857
roll_2,validation,HGB_hard_0.15,42,all,956,1.2000960343135882,2.3271805653684536,0.9496104868688613,6.649087329624153
roll_2,validation,HGB_hard_0.15,42,daylight,514,2.15560046053625,3.1705154125844626,0.8946676683818544,9.058615464527037
roll_2,validation,HGB_hard_0.15,42,day_stable,478,1.9258113521149112,2.7140685796379085,0.9251141682213087,7.75448165610831
roll_2,validation,HGB_hard_0.15,42,day_ramp_up,16,4.645656051339259,5.325919118722118,-1.862761550008385,15.216911767777479
roll_2,validation,HGB_hard_0.15,42,day_ramp_down,20,5.655515679163838,7.719907011201099,-1.2013153275321535,22.056877174860283
roll_2,validation,HGB_hard_0.15,42,day_ramp,36,5.206689177908469,6.7613811799450705,0.16474172570331647,19.3182319427002
roll_2,validation,HGB_hard_0.15,42,night_lowlight,442,0.08894382825375148,0.15530723078055,-2.485731665583147,0.4437349450872857
roll_2,validation,HGB_hard_0.20,42,all,956,1.2096728873573683,2.344790422324464,0.948845003138138,6.699401206641326
roll_2,validation,HGB_hard_0.20,42,daylight,514,2.1734126619172884,3.194556131416082,0.8930642284352248,9.127303232617377
roll_2,validation,HGB_hard_0.20,42,day_stable,478,1.9279513577530987,2.7223368438600004,0.9246572018857686,7.77810526817143
roll_2,validation,HGB_hard_0.20,42,day_ramp_up,16,5.153940352264266,5.651401625480676,-2.223356838537728,16.146861787087644
roll_2,validation,HGB_hard_0.20,42,day_ramp_down,20,5.655515679163838,7.719907011201099,-1.2013153275321535,22.056877174860283
roll_2,validation,HGB_hard_0.20,42,day_ramp,36,5.4325933116529175,6.877807973135223,0.13572880615820426,19.650879923243494
roll_2,validation,HGB_hard_0.20,42,night_lowlight,442,0.08894382825375148,0.15530723078055,-2.485731665583147,0.4437349450872857
roll_2,validation,HGB_hard_0.25,42,all,956,1.205438812744665,2.340305857711134,0.949040490553785,6.6865881648889545
roll_2,validation,HGB_hard_0.25,42,daylight,514,2.1655376126376296,3.1884339046370114,0.8934737111175224,9.109811156105748
roll_2,validation,HGB_hard_0.25,42,day_stable,478,1.9220413189242513,2.7181040277781277,0.9248913127221665,7.766011507937508
roll_2,validation,HGB_hard_0.25,42,day_ramp_up,16,5.153940352264266,5.651401625480676,-2.223356838537728,16.146861787087644
roll_2,validation,HGB_hard_0.25,42,day_ramp_down,20,5.594376840686065,7.6904509091316084,-1.1845486843882478,21.972716883233165
roll_2,validation,HGB_hard_0.25,42,day_ramp,36,5.3986272902763766,6.859450393101302,0.14033630720327317,19.598429694575145
roll_2,validation,HGB_hard_0.25,42,night_lowlight,442,0.08894382825375148,0.15530723078055,-2.485731665583147,0.4437349450872857
roll_2,validation,HGB_hard_0.30,42,all,956,1.205438812744665,2.340305857711134,0.949040490553785,6.6865881648889545
roll_2,validation,HGB_hard_0.30,42,daylight,514,2.1655376126376296,3.1884339046370114,0.8934737111175224,9.109811156105748
roll_2,validation,HGB_hard_0.30,42,day_stable,478,1.9220413189242513,2.7181040277781277,0.9248913127221665,7.766011507937508
roll_2,validation,HGB_hard_0.30,42,day_ramp_up,16,5.153940352264266,5.651401625480676,-2.223356838537728,16.146861787087644
roll_2,validation,HGB_hard_0.30,42,day_ramp_down,20,5.594376840686065,7.6904509091316084,-1.1845486843882478,21.972716883233165
roll_2,validation,HGB_hard_0.30,42,day_ramp,36,5.3986272902763766,6.859450393101302,0.14033630720327317,19.598429694575145
roll_2,validation,HGB_hard_0.30,42,night_lowlight,442,0.08894382825375148,0.15530723078055,-2.485731665583147,0.4437349450872857
roll_2,validation,HGB_hard_0.35,42,all,956,1.205438812744665,2.340305857711134,0.949040490553785,6.6865881648889545
roll_2,validation,HGB_hard_0.35,42,daylight,514,2.1655376126376296,3.1884339046370114,0.8934737111175224,9.109811156105748
roll_2,validation,HGB_hard_0.35,42,day_stable,478,1.9220413189242513,2.7181040277781277,0.9248913127221665,7.766011507937508
roll_2,validation,HGB_hard_0.35,42,day_ramp_up,16,5.153940352264266,5.651401625480676,-2.223356838537728,16.146861787087644
roll_2,validation,HGB_hard_0.35,42,day_ramp_down,20,5.594376840686065,7.6904509091316084,-1.1845486843882478,21.972716883233165
roll_2,validation,HGB_hard_0.35,42,day_ramp,36,5.3986272902763766,6.859450393101302,0.14033630720327317,19.598429694575145
roll_2,validation,HGB_hard_0.35,42,night_lowlight,442,0.08894382825375148,0.15530723078055,-2.485731665583147,0.4437349450872857
roll_2,validation,HGB_hard_0.40,42,all,956,1.205438812744665,2.340305857711134,0.949040490553785,6.6865881648889545
roll_2,validation,HGB_hard_0.40,42,daylight,514,2.1655376126376296,3.1884339046370114,0.8934737111175224,9.109811156105748
roll_2,validation,HGB_hard_0.40,42,day_stable,478,1.9220413189242513,2.7181040277781277,0.9248913127221665,7.766011507937508
roll_2,validation,HGB_hard_0.40,42,day_ramp_up,16,5.153940352264266,5.651401625480676,-2.223356838537728,16.146861787087644
roll_2,validation,HGB_hard_0.40,42,day_ramp_down,20,5.594376840686065,7.6904509091316084,-1.1845486843882478,21.972716883233165
roll_2,validation,HGB_hard_0.40,42,day_ramp,36,5.3986272902763766,6.859450393101302,0.14033630720327317,19.598429694575145
roll_2,validation,HGB_hard_0.40,42,night_lowlight,442,0.08894382825375148,0.15530723078055,-2.485731665583147,0.4437349450872857
roll_2,validation,HGB_hard_0.45,42,all,956,1.205438812744665,2.340305857711134,0.949040490553785,6.6865881648889545
roll_2,validation,HGB_hard_0.45,42,daylight,514,2.1655376126376296,3.1884339046370114,0.8934737111175224,9.109811156105748
roll_2,validation,HGB_hard_0.45,42,day_stable,478,1.9220413189242513,2.7181040277781277,0.9248913127221665,7.766011507937508
roll_2,validation,HGB_hard_0.45,42,day_ramp_up,16,5.153940352264266,5.651401625480676,-2.223356838537728,16.146861787087644
roll_2,validation,HGB_hard_0.45,42,day_ramp_down,20,5.594376840686065,7.6904509091316084,-1.1845486843882478,21.972716883233165
roll_2,validation,HGB_hard_0.45,42,day_ramp,36,5.3986272902763766,6.859450393101302,0.14033630720327317,19.598429694575145
roll_2,validation,HGB_hard_0.45,42,night_lowlight,442,0.08894382825375148,0.15530723078055,-2.485731665583147,0.4437349450872857
roll_2,validation,HGB_hard_0.50,42,all,956,1.205438812744665,2.340305857711134,0.949040490553785,6.6865881648889545
roll_2,validation,HGB_hard_0.50,42,daylight,514,2.1655376126376296,3.1884339046370114,0.8934737111175224,9.109811156105748
roll_2,validation,HGB_hard_0.50,42,day_stable,478,1.9220413189242513,2.7181040277781277,0.9248913127221665,7.766011507937508
roll_2,validation,HGB_hard_0.50,42,day_ramp_up,16,5.153940352264266,5.651401625480676,-2.223356838537728,16.146861787087644
roll_2,validation,HGB_hard_0.50,42,day_ramp_down,20,5.594376840686065,7.6904509091316084,-1.1845486843882478,21.972716883233165
roll_2,validation,HGB_hard_0.50,42,day_ramp,36,5.3986272902763766,6.859450393101302,0.14033630720327317,19.598429694575145
roll_2,validation,HGB_hard_0.50,42,night_lowlight,442,0.08894382825375148,0.15530723078055,-2.485731665583147,0.4437349450872857
roll_2,validation,HGB_hard_0.55,42,all,956,1.205438812744665,2.340305857711134,0.949040490553785,6.6865881648889545
roll_2,validation,HGB_hard_0.55,42,daylight,514,2.1655376126376296,3.1884339046370114,0.8934737111175224,9.109811156105748
roll_2,validation,HGB_hard_0.55,42,day_stable,478,1.9220413189242513,2.7181040277781277,0.9248913127221665,7.766011507937508
roll_2,validation,HGB_hard_0.55,42,day_ramp_up,16,5.153940352264266,5.651401625480676,-2.223356838537728,16.146861787087644
roll_2,validation,HGB_hard_0.55,42,day_ramp_down,20,5.594376840686065,7.6904509091316084,-1.1845486843882478,21.972716883233165
roll_2,validation,HGB_hard_0.55,42,day_ramp,36,5.3986272902763766,6.859450393101302,0.14033630720327317,19.598429694575145
roll_2,validation,HGB_hard_0.55,42,night_lowlight,442,0.08894382825375148,0.15530723078055,-2.485731665583147,0.4437349450872857
roll_2,validation,HGB_hard_0.60,42,all,956,1.205438812744665,2.340305857711134,0.949040490553785,6.6865881648889545
roll_2,validation,HGB_hard_0.60,42,daylight,514,2.1655376126376296,3.1884339046370114,0.8934737111175224,9.109811156105748
roll_2,validation,HGB_hard_0.60,42,day_stable,478,1.9220413189242513,2.7181040277781277,0.9248913127221665,7.766011507937508
roll_2,validation,HGB_hard_0.60,42,day_ramp_up,16,5.153940352264266,5.651401625480676,-2.223356838537728,16.146861787087644
roll_2,validation,HGB_hard_0.60,42,day_ramp_down,20,5.594376840686065,7.6904509091316084,-1.1845486843882478,21.972716883233165
roll_2,validation,HGB_hard_0.60,42,day_ramp,36,5.3986272902763766,6.859450393101302,0.14033630720327317,19.598429694575145
roll_2,validation,HGB_hard_0.60,42,night_lowlight,442,0.08894382825375148,0.15530723078055,-2.485731665583147,0.4437349450872857
roll_2,validation,HGB_hard_0.65,42,all,956,1.205438812744665,2.340305857711134,0.949040490553785,6.6865881648889545
roll_2,validation,HGB_hard_0.65,42,daylight,514,2.1655376126376296,3.1884339046370114,0.8934737111175224,9.109811156105748
roll_2,validation,HGB_hard_0.65,42,day_stable,478,1.9220413189242513,2.7181040277781277,0.9248913127221665,7.766011507937508
roll_2,validation,HGB_hard_0.65,42,day_ramp_up,16,5.153940352264266,5.651401625480676,-2.223356838537728,16.146861787087644
roll_2,validation,HGB_hard_0.65,42,day_ramp_down,20,5.594376840686065,7.6904509091316084,-1.1845486843882478,21.972716883233165
roll_2,validation,HGB_hard_0.65,42,day_ramp,36,5.3986272902763766,6.859450393101302,0.14033630720327317,19.598429694575145
roll_2,validation,HGB_hard_0.65,42,night_lowlight,442,0.08894382825375148,0.15530723078055,-2.485731665583147,0.4437349450872857
roll_2,validation,HGB_hard_0.70,42,all,956,1.205438812744665,2.340305857711134,0.949040490553785,6.6865881648889545
roll_2,validation,HGB_hard_0.70,42,daylight,514,2.1655376126376296,3.1884339046370114,0.8934737111175224,9.109811156105748
roll_2,validation,HGB_hard_0.70,42,day_stable,478,1.9220413189242513,2.7181040277781277,0.9248913127221665,7.766011507937508
roll_2,validation,HGB_hard_0.70,42,day_ramp_up,16,5.153940352264266,5.651401625480676,-2.223356838537728,16.146861787087644
roll_2,validation,HGB_hard_0.70,42,day_ramp_down,20,5.594376840686065,7.6904509091316084,-1.1845486843882478,21.972716883233165
roll_2,validation,HGB_hard_0.70,42,day_ramp,36,5.3986272902763766,6.859450393101302,0.14033630720327317,19.598429694575145
roll_2,validation,HGB_hard_0.70,42,night_lowlight,442,0.08894382825375148,0.15530723078055,-2.485731665583147,0.4437349450872857
roll_2,validation,HGB_hard_0.75,42,all,956,1.205438812744665,2.340305857711134,0.949040490553785,6.6865881648889545
roll_2,validation,HGB_hard_0.75,42,daylight,514,2.1655376126376296,3.1884339046370114,0.8934737111175224,9.109811156105748
roll_2,validation,HGB_hard_0.75,42,day_stable,478,1.9220413189242513,2.7181040277781277,0.9248913127221665,7.766011507937508
roll_2,validation,HGB_hard_0.75,42,day_ramp_up,16,5.153940352264266,5.651401625480676,-2.223356838537728,16.146861787087644
roll_2,validation,HGB_hard_0.75,42,day_ramp_down,20,5.594376840686065,7.6904509091316084,-1.1845486843882478,21.972716883233165
roll_2,validation,HGB_hard_0.75,42,day_ramp,36,5.3986272902763766,6.859450393101302,0.14033630720327317,19.598429694575145
roll_2,validation,HGB_hard_0.75,42,night_lowlight,442,0.08894382825375148,0.15530723078055,-2.485731665583147,0.4437349450872857
roll_2,validation,HGB_hard_0.80,42,all,956,1.205438812744665,2.340305857711134,0.949040490553785,6.6865881648889545
roll_2,validation,HGB_hard_0.80,42,daylight,514,2.1655376126376296,3.1884339046370114,0.8934737111175224,9.109811156105748
roll_2,validation,HGB_hard_0.80,42,day_stable,478,1.9220413189242513,2.7181040277781277,0.9248913127221665,7.766011507937508
roll_2,validation,HGB_hard_0.80,42,day_ramp_up,16,5.153940352264266,5.651401625480676,-2.223356838537728,16.146861787087644
roll_2,validation,HGB_hard_0.80,42,day_ramp_down,20,5.594376840686065,7.6904509091316084,-1.1845486843882478,21.972716883233165
roll_2,validation,HGB_hard_0.80,42,day_ramp,36,5.3986272902763766,6.859450393101302,0.14033630720327317,19.598429694575145
roll_2,validation,HGB_hard_0.80,42,night_lowlight,442,0.08894382825375148,0.15530723078055,-2.485731665583147,0.4437349450872857
roll_2,validation,HGB_hard_0.85,42,all,956,1.205438812744665,2.340305857711134,0.949040490553785,6.6865881648889545
roll_2,validation,HGB_hard_0.85,42,daylight,514,2.1655376126376296,3.1884339046370114,0.8934737111175224,9.109811156105748
roll_2,validation,HGB_hard_0.85,42,day_stable,478,1.9220413189242513,2.7181040277781277,0.9248913127221665,7.766011507937508
roll_2,validation,HGB_hard_0.85,42,day_ramp_up,16,5.153940352264266,5.651401625480676,-2.223356838537728,16.146861787087644
roll_2,validation,HGB_hard_0.85,42,day_ramp_down,20,5.594376840686065,7.6904509091316084,-1.1845486843882478,21.972716883233165
roll_2,validation,HGB_hard_0.85,42,day_ramp,36,5.3986272902763766,6.859450393101302,0.14033630720327317,19.598429694575145
roll_2,validation,HGB_hard_0.85,42,night_lowlight,442,0.08894382825375148,0.15530723078055,-2.485731665583147,0.4437349450872857
roll_2,validation,HGB_hard_0.90,42,all,956,1.205438812744665,2.340305857711134,0.949040490553785,6.6865881648889545
roll_2,validation,HGB_hard_0.90,42,daylight,514,2.1655376126376296,3.1884339046370114,0.8934737111175224,9.109811156105748
roll_2,validation,HGB_hard_0.90,42,day_stable,478,1.9220413189242513,2.7181040277781277,0.9248913127221665,7.766011507937508
roll_2,validation,HGB_hard_0.90,42,day_ramp_up,16,5.153940352264266,5.651401625480676,-2.223356838537728,16.146861787087644
roll_2,validation,HGB_hard_0.90,42,day_ramp_down,20,5.594376840686065,7.6904509091316084,-1.1845486843882478,21.972716883233165
roll_2,validation,HGB_hard_0.90,42,day_ramp,36,5.3986272902763766,6.859450393101302,0.14033630720327317,19.598429694575145
roll_2,validation,HGB_hard_0.90,42,night_lowlight,442,0.08894382825375148,0.15530723078055,-2.485731665583147,0.4437349450872857
roll_2,evaluation,baseline,42,all,956,1.1976689584545162,2.401960973978397,0.9433576225793581,6.862745639938277
roll_2,evaluation,baseline,42,daylight,518,2.143958961411119,3.260312325685243,0.8939184531430724,9.31517807338641
roll_2,evaluation,baseline,42,day_stable,471,1.7446211668847453,2.501620856721842,0.9398690007044375,7.147488162062405
roll_2,evaluation,baseline,42,day_ramp_up,26,5.629096353215553,6.76498288373542,-0.4262188776548794,19.32852252495834
roll_2,evaluation,baseline,42,day_ramp_down,21,6.785603201173361,8.073158062008684,-6.121119084938956,23.06616589145338
roll_2,evaluation,baseline,42,day_ramp,47,6.145833455494571,7.3782073181996735,0.0971823796501472,21.08059233771335
roll_2,evaluation,baseline,42,night_lowlight,438,0.07854059879351027,0.14657822265900927,-1.584123907338007,0.41879492188288364
roll_2,evaluation,expert,42,all,956,1.2645377653647545,2.386394679701599,0.9440894037257412,6.81827051343314
roll_2,evaluation,expert,42,daylight,518,2.2238932555068742,3.2357377122860527,0.8955116061519186,9.244964892245864
roll_2,evaluation,expert,42,day_stable,471,1.891096820412953,2.597296285358801,0.9351815812906118,7.420846529596575
roll_2,evaluation,expert,42,day_ramp_up,26,5.323251798218984,6.330225753150416,-0.24879506311337796,18.086359294715475
roll_2,evaluation,expert,42,day_ramp_down,21,5.8507408183031595,7.572670252285081,-5.265553313030925,21.636200720814518
roll_2,evaluation,expert,42,day_ramp,47,5.55893838166085,6.9130123064033855,0.20743848839732437,19.7514637325811
roll_2,evaluation,expert,42,night_lowlight,438,0.129957528164714,0.2181576093504657,-4.724204792687796,0.6233074552870448
roll_2,evaluation,oracle,42,all,956,1.168815330347628,2.332931560744728,0.9465665056203031,6.6655187449849365
roll_2,evaluation,oracle,42,daylight,518,2.09070786397833,3.166452436519314,0.8999384168505963,9.047006961483754
roll_2,evaluation,oracle,42,day_stable,471,1.7446211668847453,2.501620856721842,0.9398690007044375,7.147488162062405
roll_2,evaluation,oracle,42,day_ramp_up,26,5.323251798218984,6.330225753150416,-0.24879506311337796,18.086359294715475
roll_2,evaluation,oracle,42,day_ramp_down,21,5.8507408183031595,7.572670252285081,-5.265553313030925,21.636200720814518
roll_2,evaluation,oracle,42,day_ramp,47,5.55893838166085,6.9130123064033855,0.20743848839732437,19.7514637325811
roll_2,evaluation,oracle,42,night_lowlight,438,0.07854059879351027,0.14657822265900927,-1.584123907338007,0.41879492188288364
roll_2,evaluation,selected,42,all,956,1.1919780739589543,2.39057887532728,0.9438931696618781,6.830225358077944
roll_2,evaluation,selected,42,daylight,518,2.1334560935003912,3.2448363162432137,0.8949231560129817,9.270960903552039
roll_2,evaluation,selected,42,day_stable,471,1.7381118953025418,2.490710057103884,0.9403923786131518,7.1163144488682395
roll_2,evaluation,selected,42,day_ramp_up,26,5.621632848238287,6.763210252916366,-0.42547155032133577,19.32345786547533
roll_2,evaluation,selected,42,day_ramp_down,21,6.68176665197668,7.9964978027175775,-5.986521211717744,22.84713657919308
roll_2,evaluation,selected,42,day_ramp,47,6.095309654163951,7.339908190248743,0.10653082536929726,20.971166257853554
roll_2,evaluation,selected,42,night_lowlight,438,0.07854059879351027,0.14657822265900927,-1.584123907338007,0.41879492188288364
roll_2,evaluation,LR_soft,42,all,956,1.1969013187029711,2.3785129906526703,0.9444581124096696,6.795751401864773
roll_2,evaluation,LR_soft,42,daylight,518,2.1412265583341306,3.2283080722743938,0.895990890920403,9.22373734935541
roll_2,evaluation,LR_soft,42,day_stable,471,1.7524549984973727,2.481374889316595,0.940838359360705,7.089642540904556
roll_2,evaluation,LR_soft,42,day_ramp_up,26,5.550739030165304,6.621444853320494,-0.3663385101740759,18.918413866629983
roll_2,evaluation,LR_soft,42,day_ramp_down,21,6.639516101929481,8.043331862852884,-6.068598480944557,22.98094817957967
roll_2,evaluation,LR_soft,42,day_ramp,47,6.037213892017381,7.291106163574775,0.11837243152484578,20.83173189592793
roll_2,evaluation,LR_soft,42,night_lowlight,438,0.08009658324876873,0.14973164519839696,-1.6965074488072212,0.42780470056684844
roll_2,evaluation,LR_hard_0.25,42,all,956,1.2173357342907956,2.419871740599377,0.9425097396455074,6.913919258855363
roll_2,evaluation,LR_hard_0.25,42,daylight,518,2.179632648415723,3.284577308812222,0.8923335462531907,9.38450659660635
roll_2,evaluation,LR_hard_0.25,42,day_stable,471,1.7951373806212665,2.5453328771966928,0.9377492458050319,7.272379649133408
roll_2,evaluation,LR_hard_0.25,42,day_ramp_up,26,5.5230210801332555,6.614221922149833,-0.3633592249864761,18.897776920428093
roll_2,evaluation,LR_hard_0.25,42,day_ramp_down,21,6.663878929679214,8.163487316103412,-6.281364667720613,23.324249474581176
roll_2,evaluation,LR_hard_0.25,42,day_ramp,47,6.032766076738897,7.346933433066002,0.10481967541696147,20.991238380188577
roll_2,evaluation,LR_hard_0.25,42,night_lowlight,438,0.07927682671839298,0.14888351466565772,-1.6660461104051745,0.42538147047330777
roll_2,evaluation,HGB_soft,42,all,956,1.1940288285137517,2.385025260733078,0.9441535532677489,6.814357887808794
roll_2,evaluation,HGB_soft,42,daylight,518,2.137009689954832,3.237273188214939,0.8954124154912058,9.249351966328398
roll_2,evaluation,HGB_soft,42,day_stable,471,1.7437285692175597,2.4872108736444396,0.940559745735819,7.106316781841256
roll_2,evaluation,HGB_soft,42,day_ramp_up,26,5.587019748238135,6.708720029438073,-0.4025944386546578,19.167771512680208
roll_2,evaluation,HGB_soft,42,day_ramp_down,21,6.686302373378135,8.002139731090477,-5.996383368555695,22.863256374544218
roll_2,evaluation,HGB_soft,42,day_ramp,47,6.078188580747497,7.314949834853373,0.11259673447334262,20.899856671009633
roll_2,evaluation,HGB_soft,42,night_lowlight,438,0.07881401977749702,0.14688987662195468,-1.5951242948476705,0.4196853617770134
roll_2,evaluation,HGB_hard_0.15,42,all,956,1.1919780739589543,2.39057887532728,0.9438931696618781,6.830225358077944
roll_2,evaluation,HGB_hard_0.15,42,daylight,518,2.1334560935003912,3.2448363162432137,0.8949231560129817,9.270960903552039
roll_2,evaluation,HGB_hard_0.15,42,day_stable,471,1.7381118953025418,2.490710057103884,0.9403923786131518,7.1163144488682395
roll_2,evaluation,HGB_hard_0.15,42,day_ramp_up,26,5.621632848238287,6.763210252916366,-0.42547155032133577,19.32345786547533
roll_2,evaluation,HGB_hard_0.15,42,day_ramp_down,21,6.68176665197668,7.9964978027175775,-5.986521211717744,22.84713657919308
roll_2,evaluation,HGB_hard_0.15,42,day_ramp,47,6.095309654163951,7.339908190248743,0.10653082536929726,20.971166257853554
roll_2,evaluation,HGB_hard_0.15,42,night_lowlight,438,0.07854059879351027,0.14657822265900927,-1.584123907338007,0.41879492188288364
roll_3,validation,baseline,42,all,1436,1.1279688043285094,2.3294923723676875,0.9502685488639976,6.6556924924791065
roll_3,validation,baseline,42,daylight,789,1.9906297171448695,3.140727882685464,0.90020888618045,8.973508236244182
roll_3,validation,baseline,42,day_stable,727,1.7490317147017271,2.621112571059593,0.9329046846704999,7.488893060170265
roll_3,validation,baseline,42,day_ramp_up,34,5.961880845871658,7.797170270404995,-0.5725394244160031,22.277629344014272
roll_3,validation,baseline,42,day_ramp_down,28,3.441315767125357,5.074846998868753,-0.4317113855372394,14.499562853910723
roll_3,validation,baseline,42,day_ramp,62,4.823561132889458,6.706007659731413,0.20046752289300385,19.160021884946893
roll_3,validation,baseline,42,night_lowlight,647,0.07597582100222201,0.12226879739074363,-0.5262121215317741,0.34933942111641036
roll_3,validation,expert,42,all,1436,1.1996817575937124,2.4221464758066027,0.9462337988780819,6.920418502304579
roll_3,validation,expert,42,daylight,789,2.1176093100471256,3.2656192329131497,0.8921146834615836,9.330340665466142
roll_3,validation,expert,42,day_stable,727,1.9377154542457689,2.9227098490012144,0.9165757602231496,8.350599568574898
roll_3,validation,expert,42,day_ramp_up,34,4.778193134253575,6.419902413664991,-0.06606665383596821,18.342578324757117
roll_3,validation,expert,42,day_ramp_down,28,3.5577158509245206,5.353870203857668,-0.5934749789641212,15.29677201102191
roll_3,validation,expert,42,day_ramp,62,4.227009845008195,5.9621182240749775,0.3680114846850008,17.034623497357078
roll_3,validation,expert,42,night_lowlight,647,0.08029251665747905,0.12804146713485653,-0.6737280742904348,0.36583276324244723
roll_3,validation,oracle,42,all,1436,1.1022124116762544,2.240460336336845,0.9539973271204618,6.401315246676701
roll_3,validation,oracle,42,daylight,789,1.9437524296307525,3.020538681424106,0.9077003501921538,8.63011051835459
roll_3,validation,oracle,42,day_stable,727,1.7490317147017271,2.621112571059593,0.9329046846704999,7.488893060170265
roll_3,validation,oracle,42,day_ramp_up,34,4.778193134253575,6.419902413664991,-0.06606665383596821,18.342578324757117
roll_3,validation,oracle,42,day_ramp_down,28,3.5577158509245206,5.353870203857668,-0.5934749789641212,15.29677201102191
roll_3,validation,oracle,42,day_ramp,62,4.227009845008195,5.9621182240749775,0.3680114846850008,17.034623497357078
roll_3,validation,oracle,42,night_lowlight,647,0.07597582100222201,0.12226879739074363,-0.5262121215317741,0.34933942111641036
roll_3,validation,selected,42,all,1436,1.1288088899667028,2.3299887785748434,0.9502473514291556,6.657110795928124
roll_3,validation,selected,42,daylight,789,1.9921915143362863,3.1414174879743175,0.9001650593750653,8.97547853706948
roll_3,validation,selected,42,day_stable,727,1.7559216924131713,2.635136447269114,0.9321847968049124,7.528961277911753
roll_3,validation,selected,42,day_ramp_up,34,5.874241705145744,7.696987909323822,-0.532389313068047,21.99139402663949
roll_3,validation,selected,42,day_ramp_down,28,3.412850587571395,5.08400499270278,-0.43688333832602066,14.525728550579371
roll_3,validation,selected,42,day_ramp,62,4.762645716563779,6.645398805038657,0.21485455173268053,18.986853728681876
roll_3,validation,selected,42,night_lowlight,647,0.07593579780657715,0.12165642113240537,-0.5109625140632317,0.34758977466401536
roll_3,validation,LR_soft,42,all,1436,1.1288088899667028,2.3299887785748434,0.9502473514291556,6.657110795928124
roll_3,validation,LR_soft,42,daylight,789,1.9921915143362863,3.1414174879743175,0.9001650593750653,8.97547853706948
roll_3,validation,LR_soft,42,day_stable,727,1.7559216924131713,2.635136447269114,0.9321847968049124,7.528961277911753
roll_3,validation,LR_soft,42,day_ramp_up,34,5.874241705145744,7.696987909323822,-0.532389313068047,21.99139402663949
roll_3,validation,LR_soft,42,day_ramp_down,28,3.412850587571395,5.08400499270278,-0.43688333832602066,14.525728550579371
roll_3,validation,LR_soft,42,day_ramp,62,4.762645716563779,6.645398805038657,0.21485455173268053,18.986853728681876
roll_3,validation,LR_soft,42,night_lowlight,647,0.07593579780657715,0.12165642113240537,-0.5109625140632317,0.34758977466401536
roll_3,validation,LR_hard_0.10,42,all,1436,1.1545292156282996,2.3906727846339266,0.9476220108265296,6.830493670382647
roll_3,validation,LR_hard_0.10,42,daylight,789,2.0386046129871507,3.2232800029961255,0.8948940462242644,9.209371437131788
roll_3,validation,LR_hard_0.10,42,day_stable,727,1.8153299977421689,2.7561053252148264,0.9258156198900824,7.874586643470932
roll_3,validation,LR_hard_0.10,42,day_ramp_up,34,5.70303889066237,7.53662717386804,-0.4692021986160029,21.53322049676583
roll_3,validation,LR_hard_0.10,42,day_ramp_down,28,3.386100321635162,5.15384771400113,-0.4766335642781505,14.72527918286037
roll_3,validation,LR_hard_0.10,42,day_ramp,62,4.656679536908147,6.568455367381261,0.2329308340081161,18.76701533537503
roll_3,validation,LR_hard_0.10,42,night_lowlight,647,0.0764218145214472,0.12339848322199504,-0.5545448642260933,0.35256709491998584
roll_3,validation,LR_hard_0.15,42,all,1436,1.1500957510968748,2.386996096843483,0.947782994319658,6.819988848124237
roll_3,validation,LR_hard_0.15,42,daylight,789,2.030901321149144,3.2183522177095796,0.8952151747990433,9.195292050598798
roll_3,validation,LR_hard_0.15,42,day_stable,727,1.7951710909459695,2.7271381374509103,0.9273668088871696,7.791823249859744
roll_3,validation,LR_hard_0.15,42,day_ramp_up,34,5.923857716583977,7.764188475225849,-0.5592639725910935,22.183395643502426
roll_3,validation,LR_hard_0.15,42,day_ramp_down,28,3.424307032324981,5.0560557957113845,-0.42112829995100887,14.445873702032527
roll_3,validation,LR_hard_0.15,42,day_ramp,62,4.795028375305721,6.678555929653872,0.20700006104134194,19.081588370439636
roll_3,validation,LR_hard_0.15,42,night_lowlight,647,0.07597582100222201,0.12226879739074363,-0.5262121215317741,0.34933942111641036
roll_3,validation,LR_hard_0.20,42,all,1436,1.1364096933021666,2.353694075260721,0.9492298350202748,6.724840215030632
roll_3,validation,LR_hard_0.20,42,daylight,789,2.0059923490411578,3.1733980658666137,0.8981220129894207,9.066851616761754
roll_3,validation,LR_hard_0.20,42,day_stable,727,1.7657045022755529,2.663476495093996,0.9307182915404146,7.609932843125703
roll_3,validation,LR_hard_0.20,42,day_ramp_up,34,5.961880845871658,7.797170270404995,-0.5725394244160031,22.277629344014272
roll_3,validation,LR_hard_0.20,42,day_ramp_down,28,3.441315767125357,5.074846998868753,-0.4317113855372394,14.499562853910723
roll_3,validation,LR_hard_0.20,42,day_ramp,62,4.823561132889458,6.706007659731413,0.20046752289300385,19.160021884946893
roll_3,validation,LR_hard_0.20,42,night_lowlight,647,0.07597582100222201,0.12226879739074363,-0.5262121215317741,0.34933942111641036
roll_3,validation,LR_hard_0.25,42,all,1436,1.1279491703236617,2.3290405735724677,0.9502878375563419,6.65440163877848
roll_3,validation,LR_hard_0.25,42,daylight,789,1.9905939827583532,3.1401179898380325,0.9002476389661056,8.97176568525152
roll_3,validation,LR_hard_0.25,42,day_stable,727,1.7489929328159477,2.620319404647622,0.9329452855199878,7.4866268704217775
roll_3,validation,LR_hard_0.25,42,day_ramp_up,34,5.961880845871658,7.797170270404995,-0.5725394244160031,22.277629344014272
roll_3,validation,LR_hard_0.25,42,day_ramp_down,28,3.441315767125357,5.074846998868753,-0.4317113855372394,14.499562853910723
roll_3,validation,LR_hard_0.25,42,day_ramp,62,4.823561132889458,6.706007659731413,0.20046752289300385,19.160021884946893
roll_3,validation,LR_hard_0.25,42,night_lowlight,647,0.07597582100222201,0.12226879739074363,-0.5262121215317741,0.34933942111641036
roll_3,validation,LR_hard_0.30,42,all,1436,1.1279688043285094,2.3294923723676875,0.9502685488639976,6.6556924924791065
roll_3,validation,LR_hard_0.30,42,daylight,789,1.9906297171448695,3.140727882685464,0.90020888618045,8.973508236244182
roll_3,validation,LR_hard_0.30,42,day_stable,727,1.7490317147017271,2.621112571059593,0.9329046846704999,7.488893060170265
roll_3,validation,LR_hard_0.30,42,day_ramp_up,34,5.961880845871658,7.797170270404995,-0.5725394244160031,22.277629344014272
roll_3,validation,LR_hard_0.30,42,day_ramp_down,28,3.441315767125357,5.074846998868753,-0.4317113855372394,14.499562853910723
roll_3,validation,LR_hard_0.30,42,day_ramp,62,4.823561132889458,6.706007659731413,0.20046752289300385,19.160021884946893
roll_3,validation,LR_hard_0.30,42,night_lowlight,647,0.07597582100222201,0.12226879739074363,-0.5262121215317741,0.34933942111641036
roll_3,validation,LR_hard_0.35,42,all,1436,1.1279688043285094,2.3294923723676875,0.9502685488639976,6.6556924924791065
roll_3,validation,LR_hard_0.35,42,daylight,789,1.9906297171448695,3.140727882685464,0.90020888618045,8.973508236244182
roll_3,validation,LR_hard_0.35,42,day_stable,727,1.7490317147017271,2.621112571059593,0.9329046846704999,7.488893060170265
roll_3,validation,LR_hard_0.35,42,day_ramp_up,34,5.961880845871658,7.797170270404995,-0.5725394244160031,22.277629344014272
roll_3,validation,LR_hard_0.35,42,day_ramp_down,28,3.441315767125357,5.074846998868753,-0.4317113855372394,14.499562853910723
roll_3,validation,LR_hard_0.35,42,day_ramp,62,4.823561132889458,6.706007659731413,0.20046752289300385,19.160021884946893
roll_3,validation,LR_hard_0.35,42,night_lowlight,647,0.07597582100222201,0.12226879739074363,-0.5262121215317741,0.34933942111641036
roll_3,validation,LR_hard_0.40,42,all,1436,1.1279688043285094,2.3294923723676875,0.9502685488639976,6.6556924924791065
roll_3,validation,LR_hard_0.40,42,daylight,789,1.9906297171448695,3.140727882685464,0.90020888618045,8.973508236244182
roll_3,validation,LR_hard_0.40,42,day_stable,727,1.7490317147017271,2.621112571059593,0.9329046846704999,7.488893060170265
roll_3,validation,LR_hard_0.40,42,day_ramp_up,34,5.961880845871658,7.797170270404995,-0.5725394244160031,22.277629344014272
roll_3,validation,LR_hard_0.40,42,day_ramp_down,28,3.441315767125357,5.074846998868753,-0.4317113855372394,14.499562853910723
roll_3,validation,LR_hard_0.40,42,day_ramp,62,4.823561132889458,6.706007659731413,0.20046752289300385,19.160021884946893
roll_3,validation,LR_hard_0.40,42,night_lowlight,647,0.07597582100222201,0.12226879739074363,-0.5262121215317741,0.34933942111641036
roll_3,validation,LR_hard_0.45,42,all,1436,1.1279688043285094,2.3294923723676875,0.9502685488639976,6.6556924924791065
roll_3,validation,LR_hard_0.45,42,daylight,789,1.9906297171448695,3.140727882685464,0.90020888618045,8.973508236244182
roll_3,validation,LR_hard_0.45,42,day_stable,727,1.7490317147017271,2.621112571059593,0.9329046846704999,7.488893060170265
roll_3,validation,LR_hard_0.45,42,day_ramp_up,34,5.961880845871658,7.797170270404995,-0.5725394244160031,22.277629344014272
roll_3,validation,LR_hard_0.45,42,day_ramp_down,28,3.441315767125357,5.074846998868753,-0.4317113855372394,14.499562853910723
roll_3,validation,LR_hard_0.45,42,day_ramp,62,4.823561132889458,6.706007659731413,0.20046752289300385,19.160021884946893
roll_3,validation,LR_hard_0.45,42,night_lowlight,647,0.07597582100222201,0.12226879739074363,-0.5262121215317741,0.34933942111641036
roll_3,validation,LR_hard_0.50,42,all,1436,1.1279688043285094,2.3294923723676875,0.9502685488639976,6.6556924924791065
roll_3,validation,LR_hard_0.50,42,daylight,789,1.9906297171448695,3.140727882685464,0.90020888618045,8.973508236244182
roll_3,validation,LR_hard_0.50,42,day_stable,727,1.7490317147017271,2.621112571059593,0.9329046846704999,7.488893060170265
roll_3,validation,LR_hard_0.50,42,day_ramp_up,34,5.961880845871658,7.797170270404995,-0.5725394244160031,22.277629344014272
roll_3,validation,LR_hard_0.50,42,day_ramp_down,28,3.441315767125357,5.074846998868753,-0.4317113855372394,14.499562853910723
roll_3,validation,LR_hard_0.50,42,day_ramp,62,4.823561132889458,6.706007659731413,0.20046752289300385,19.160021884946893
roll_3,validation,LR_hard_0.50,42,night_lowlight,647,0.07597582100222201,0.12226879739074363,-0.5262121215317741,0.34933942111641036
roll_3,validation,LR_hard_0.55,42,all,1436,1.1279688043285094,2.3294923723676875,0.9502685488639976,6.6556924924791065
roll_3,validation,LR_hard_0.55,42,daylight,789,1.9906297171448695,3.140727882685464,0.90020888618045,8.973508236244182
roll_3,validation,LR_hard_0.55,42,day_stable,727,1.7490317147017271,2.621112571059593,0.9329046846704999,7.488893060170265
roll_3,validation,LR_hard_0.55,42,day_ramp_up,34,5.961880845871658,7.797170270404995,-0.5725394244160031,22.277629344014272
roll_3,validation,LR_hard_0.55,42,day_ramp_down,28,3.441315767125357,5.074846998868753,-0.4317113855372394,14.499562853910723
roll_3,validation,LR_hard_0.55,42,day_ramp,62,4.823561132889458,6.706007659731413,0.20046752289300385,19.160021884946893
roll_3,validation,LR_hard_0.55,42,night_lowlight,647,0.07597582100222201,0.12226879739074363,-0.5262121215317741,0.34933942111641036
roll_3,validation,LR_hard_0.60,42,all,1436,1.1279688043285094,2.3294923723676875,0.9502685488639976,6.6556924924791065
roll_3,validation,LR_hard_0.60,42,daylight,789,1.9906297171448695,3.140727882685464,0.90020888618045,8.973508236244182
roll_3,validation,LR_hard_0.60,42,day_stable,727,1.7490317147017271,2.621112571059593,0.9329046846704999,7.488893060170265
roll_3,validation,LR_hard_0.60,42,day_ramp_up,34,5.961880845871658,7.797170270404995,-0.5725394244160031,22.277629344014272
roll_3,validation,LR_hard_0.60,42,day_ramp_down,28,3.441315767125357,5.074846998868753,-0.4317113855372394,14.499562853910723
roll_3,validation,LR_hard_0.60,42,day_ramp,62,4.823561132889458,6.706007659731413,0.20046752289300385,19.160021884946893
roll_3,validation,LR_hard_0.60,42,night_lowlight,647,0.07597582100222201,0.12226879739074363,-0.5262121215317741,0.34933942111641036
roll_3,validation,LR_hard_0.65,42,all,1436,1.1279688043285094,2.3294923723676875,0.9502685488639976,6.6556924924791065
roll_3,validation,LR_hard_0.65,42,daylight,789,1.9906297171448695,3.140727882685464,0.90020888618045,8.973508236244182
roll_3,validation,LR_hard_0.65,42,day_stable,727,1.7490317147017271,2.621112571059593,0.9329046846704999,7.488893060170265
roll_3,validation,LR_hard_0.65,42,day_ramp_up,34,5.961880845871658,7.797170270404995,-0.5725394244160031,22.277629344014272
roll_3,validation,LR_hard_0.65,42,day_ramp_down,28,3.441315767125357,5.074846998868753,-0.4317113855372394,14.499562853910723
roll_3,validation,LR_hard_0.65,42,day_ramp,62,4.823561132889458,6.706007659731413,0.20046752289300385,19.160021884946893
roll_3,validation,LR_hard_0.65,42,night_lowlight,647,0.07597582100222201,0.12226879739074363,-0.5262121215317741,0.34933942111641036
roll_3,validation,LR_hard_0.70,42,all,1436,1.1279688043285094,2.3294923723676875,0.9502685488639976,6.6556924924791065
roll_3,validation,LR_hard_0.70,42,daylight,789,1.9906297171448695,3.140727882685464,0.90020888618045,8.973508236244182
roll_3,validation,LR_hard_0.70,42,day_stable,727,1.7490317147017271,2.621112571059593,0.9329046846704999,7.488893060170265
roll_3,validation,LR_hard_0.70,42,day_ramp_up,34,5.961880845871658,7.797170270404995,-0.5725394244160031,22.277629344014272
roll_3,validation,LR_hard_0.70,42,day_ramp_down,28,3.441315767125357,5.074846998868753,-0.4317113855372394,14.499562853910723
roll_3,validation,LR_hard_0.70,42,day_ramp,62,4.823561132889458,6.706007659731413,0.20046752289300385,19.160021884946893
roll_3,validation,LR_hard_0.70,42,night_lowlight,647,0.07597582100222201,0.12226879739074363,-0.5262121215317741,0.34933942111641036
roll_3,validation,LR_hard_0.75,42,all,1436,1.1279688043285094,2.3294923723676875,0.9502685488639976,6.6556924924791065
roll_3,validation,LR_hard_0.75,42,daylight,789,1.9906297171448695,3.140727882685464,0.90020888618045,8.973508236244182
roll_3,validation,LR_hard_0.75,42,day_stable,727,1.7490317147017271,2.621112571059593,0.9329046846704999,7.488893060170265
roll_3,validation,LR_hard_0.75,42,day_ramp_up,34,5.961880845871658,7.797170270404995,-0.5725394244160031,22.277629344014272
roll_3,validation,LR_hard_0.75,42,day_ramp_down,28,3.441315767125357,5.074846998868753,-0.4317113855372394,14.499562853910723
roll_3,validation,LR_hard_0.75,42,day_ramp,62,4.823561132889458,6.706007659731413,0.20046752289300385,19.160021884946893
roll_3,validation,LR_hard_0.75,42,night_lowlight,647,0.07597582100222201,0.12226879739074363,-0.5262121215317741,0.34933942111641036
roll_3,validation,LR_hard_0.80,42,all,1436,1.1279688043285094,2.3294923723676875,0.9502685488639976,6.6556924924791065
roll_3,validation,LR_hard_0.80,42,daylight,789,1.9906297171448695,3.140727882685464,0.90020888618045,8.973508236244182
roll_3,validation,LR_hard_0.80,42,day_stable,727,1.7490317147017271,2.621112571059593,0.9329046846704999,7.488893060170265
roll_3,validation,LR_hard_0.80,42,day_ramp_up,34,5.961880845871658,7.797170270404995,-0.5725394244160031,22.277629344014272
roll_3,validation,LR_hard_0.80,42,day_ramp_down,28,3.441315767125357,5.074846998868753,-0.4317113855372394,14.499562853910723
roll_3,validation,LR_hard_0.80,42,day_ramp,62,4.823561132889458,6.706007659731413,0.20046752289300385,19.160021884946893
roll_3,validation,LR_hard_0.80,42,night_lowlight,647,0.07597582100222201,0.12226879739074363,-0.5262121215317741,0.34933942111641036
roll_3,validation,LR_hard_0.85,42,all,1436,1.1279688043285094,2.3294923723676875,0.9502685488639976,6.6556924924791065
roll_3,validation,LR_hard_0.85,42,daylight,789,1.9906297171448695,3.140727882685464,0.90020888618045,8.973508236244182
roll_3,validation,LR_hard_0.85,42,day_stable,727,1.7490317147017271,2.621112571059593,0.9329046846704999,7.488893060170265
roll_3,validation,LR_hard_0.85,42,day_ramp_up,34,5.961880845871658,7.797170270404995,-0.5725394244160031,22.277629344014272
roll_3,validation,LR_hard_0.85,42,day_ramp_down,28,3.441315767125357,5.074846998868753,-0.4317113855372394,14.499562853910723
roll_3,validation,LR_hard_0.85,42,day_ramp,62,4.823561132889458,6.706007659731413,0.20046752289300385,19.160021884946893
roll_3,validation,LR_hard_0.85,42,night_lowlight,647,0.07597582100222201,0.12226879739074363,-0.5262121215317741,0.34933942111641036
roll_3,validation,LR_hard_0.90,42,all,1436,1.1279688043285094,2.3294923723676875,0.9502685488639976,6.6556924924791065
roll_3,validation,LR_hard_0.90,42,daylight,789,1.9906297171448695,3.140727882685464,0.90020888618045,8.973508236244182
roll_3,validation,LR_hard_0.90,42,day_stable,727,1.7490317147017271,2.621112571059593,0.9329046846704999,7.488893060170265
roll_3,validation,LR_hard_0.90,42,day_ramp_up,34,5.961880845871658,7.797170270404995,-0.5725394244160031,22.277629344014272
roll_3,validation,LR_hard_0.90,42,day_ramp_down,28,3.441315767125357,5.074846998868753,-0.4317113855372394,14.499562853910723
roll_3,validation,LR_hard_0.90,42,day_ramp,62,4.823561132889458,6.706007659731413,0.20046752289300385,19.160021884946893
roll_3,validation,LR_hard_0.90,42,night_lowlight,647,0.07597582100222201,0.12226879739074363,-0.5262121215317741,0.34933942111641036
roll_3,validation,HGB_soft,42,all,1436,1.129079908610659,2.331708675869101,0.9501738737984609,6.6620247881974315
roll_3,validation,HGB_soft,42,daylight,789,1.9926465445624713,3.1437234171172683,0.9000184397088903,8.982066906049338
roll_3,validation,HGB_soft,42,day_stable,727,1.7579160424122855,2.636273538082387,0.9321262581421517,7.53221010880682
roll_3,validation,HGB_soft,42,day_ramp_up,34,5.866795335996497,7.71989228378858,-0.5415229225446372,22.0568350965388
roll_3,validation,HGB_soft,42,day_ramp_down,28,3.382932835792057,5.066664410550749,-0.42709817837936637,14.476184030144998
roll_3,validation,HGB_soft,42,day_ramp,62,4.74505098106546,6.653981981063999,0.21282505919259842,19.01137708875428
roll_3,validation,HGB_soft,42,night_lowlight,647,0.07598241901872758,0.12215269558757862,-0.5233150316148378,0.3490077016787961
roll_3,validation,HGB_hard_0.10,42,all,1436,1.1507041089910872,2.3854319240003967,0.9478514063807422,6.815519782858277
roll_3,validation,HGB_hard_0.10,42,daylight,789,2.0320085479375964,3.2162407692545725,0.8953526210236048,9.18925934072735
roll_3,validation,HGB_hard_0.10,42,day_stable,727,1.80357765136817,2.7230967392412873,0.9275819224111106,7.78027639783225
roll_3,validation,HGB_hard_0.10,42,day_ramp_up,34,5.746728223502176,7.730749312648354,-0.545861876251031,22.087855178995298
roll_3,validation,HGB_hard_0.10,42,day_ramp_down,28,3.4523225778224975,5.136334175846128,-0.46661497629738125,14.675240502417507
roll_3,validation,HGB_hard_0.10,42,day_ramp,62,4.710545028679096,6.684945162558226,0.20548204279300253,19.099843321594932
roll_3,validation,HGB_hard_0.10,42,night_lowlight,647,0.07597582100222201,0.12226879739074363,-0.5262121215317741,0.34933942111641036
roll_3,validation,HGB_hard_0.15,42,all,1436,1.1438271503596915,2.371140038284569,0.9484744122709574,6.774685823670197
roll_3,validation,HGB_hard_0.15,42,daylight,789,2.0194923089075787,3.1969483364237496,0.8966042980836544,9.134138104067857
roll_3,validation,HGB_hard_0.15,42,day_stable,727,1.7907439616457632,2.702236244828494,0.9286872012300915,7.720674985224268
roll_3,validation,HGB_hard_0.15,42,day_ramp_up,34,5.794002974310263,7.73705763117106,-0.5483857629947329,22.105878946203028
roll_3,validation,HGB_hard_0.15,42,day_ramp_down,28,3.3754453744664574,5.07104847911106,-0.42956891752864457,14.488709940317316
roll_3,validation,HGB_hard_0.15,42,day_ramp,62,4.701751155025963,6.666411935439276,0.20988135191228974,19.04689124411222
roll_3,validation,HGB_hard_0.15,42,night_lowlight,647,0.07597582100222201,0.12226879739074363,-0.5262121215317741,0.34933942111641036
roll_3,validation,HGB_hard_0.20,42,all,1436,1.1291554689009986,2.337128220878759,0.9499419848366284,6.67750920251074
roll_3,validation,HGB_hard_0.20,42,daylight,789,1.9927894767470165,3.1510356555792467,0.8995527885285415,9.002959015940705
roll_3,validation,HGB_hard_0.20,42,day_stable,727,1.7547492960725766,2.636185930494918,0.9321307691732635,7.531959801414051
roll_3,validation,HGB_hard_0.20,42,day_ramp_up,34,5.912256277737411,7.789791254251819,-0.5695644212636226,22.256546440719482
roll_3,validation,HGB_hard_0.20,42,day_ramp_down,28,3.4139801951986075,5.065933892363103,-0.4266866863465921,14.47409683532315
roll_3,validation,HGB_hard_0.20,42,day_ramp,62,4.784002563042467,6.698256920989299,0.20231463863241606,19.13787691711228
roll_3,validation,HGB_hard_0.20,42,night_lowlight,647,0.07597582100222201,0.12226879739074363,-0.5262121215317741,0.34933942111641036
roll_3,validation,HGB_hard_0.25,42,all,1436,1.1304496509591704,2.341354796355863,0.9497607664612494,6.689585132445323
roll_3,validation,HGB_hard_0.25,42,daylight,789,1.9951449208985184,3.1567411699516787,0.8991887038755972,9.019260485576226
roll_3,validation,HGB_hard_0.25,42,day_stable,727,1.7573056171668473,2.6435836650606386,0.9317493218541889,7.553096185887539
roll_3,validation,HGB_hard_0.25,42,day_ramp_up,34,5.912256277737411,7.789791254251819,-0.5695644212636226,22.256546440719482
roll_3,validation,HGB_hard_0.25,42,day_ramp_down,28,3.4139801951986075,5.065933892363103,-0.4266866863465921,14.47409683532315
roll_3,validation,HGB_hard_0.25,42,day_ramp,62,4.784002563042467,6.698256920989299,0.20231463863241606,19.13787691711228
roll_3,validation,HGB_hard_0.25,42,night_lowlight,647,0.07597582100222201,0.12226879739074363,-0.5262121215317741,0.34933942111641036
roll_3,validation,HGB_hard_0.30,42,all,1436,1.1259482303220003,2.328055411481428,0.9503298842090074,6.651586889946937
roll_3,validation,HGB_hard_0.30,42,daylight,789,1.9869522212344168,3.1387880979708154,0.9003321146210228,8.96796599420233
roll_3,validation,HGB_hard_0.30,42,day_stable,727,1.7489613637651449,2.620599742576424,0.9329309368987454,7.487427835932639
roll_3,validation,HGB_hard_0.30,42,day_ramp_up,34,5.912256277737411,7.789791254251819,-0.5695644212636226,22.256546440719482
roll_3,validation,HGB_hard_0.30,42,day_ramp_down,28,3.3997742019150903,5.061648826778822,-0.4242741556691294,14.461853790796635
roll_3,validation,HGB_hard_0.30,42,day_ramp,62,4.777586953172492,6.696793783115359,0.20266308635748298,19.13369652318674
roll_3,validation,HGB_hard_0.30,42,night_lowlight,647,0.07597582100222201,0.12226879739074363,-0.5262121215317741,0.34933942111641036
roll_3,validation,HGB_hard_0.35,42,all,1436,1.1266925932913094,2.328989022227323,0.9502900382054085,6.654254349220923
roll_3,validation,HGB_hard_0.35,42,daylight,789,1.9883069807070755,3.1400483995663566,0.9002520602757547,8.971566855903875
roll_3,validation,HGB_hard_0.35,42,day_stable,727,1.7487769527048553,2.6213627041833805,0.9328918782296085,7.489607726238229
roll_3,validation,HGB_hard_0.35,42,day_ramp_up,34,5.947637809053827,7.796086472609037,-0.5721022924170263,22.274532778882964
roll_3,validation,HGB_hard_0.35,42,day_ramp_down,28,3.3997742019150903,5.061648826778822,-0.4242741556691294,14.461853790796635
roll_3,validation,HGB_hard_0.35,42,day_ramp,62,4.796989728410527,6.700809861361246,0.20170647108462314,19.145171032460702
roll_3,validation,HGB_hard_0.35,42,night_lowlight,647,0.07597582100222201,0.12226879739074363,-0.5262121215317741,0.34933942111641036
roll_3,validation,HGB_hard_0.40,42,all,1436,1.1278449706576879,2.3294347868368708,0.9502710075770193,6.6555279623910595
roll_3,validation,HGB_hard_0.40,42,daylight,789,1.9904043367249709,3.1406501467551378,0.9002138259647038,8.97328613358611
roll_3,validation,HGB_hard_0.40,42,day_stable,727,1.7494532251563437,2.621162251297164,0.9329021412140823,7.489035003706182
roll_3,validation,HGB_hard_0.40,42,day_ramp_up,34,5.947637809053827,7.796086472609037,-0.5721022924170263,22.274532778882964
roll_3,validation,HGB_hard_0.40,42,day_ramp_down,28,3.441315767125357,5.074846998868753,-0.4317113855372394,14.499562853910723
roll_3,validation,HGB_hard_0.40,42,day_ramp,62,4.815750435279679,6.705316623756877,0.20063229372698244,19.15804749644822
roll_3,validation,HGB_hard_0.40,42,night_lowlight,647,0.07597582100222201,0.12226879739074363,-0.5262121215317741,0.34933942111641036
roll_3,validation,HGB_hard_0.45,42,all,1436,1.1279688043285094,2.3294923723676875,0.9502685488639976,6.6556924924791065
roll_3,validation,HGB_hard_0.45,42,daylight,789,1.9906297171448695,3.140727882685464,0.90020888618045,8.973508236244182
roll_3,validation,HGB_hard_0.45,42,day_stable,727,1.7490317147017271,2.621112571059593,0.9329046846704999,7.488893060170265
roll_3,validation,HGB_hard_0.45,42,day_ramp_up,34,5.961880845871658,7.797170270404995,-0.5725394244160031,22.277629344014272
roll_3,validation,HGB_hard_0.45,42,day_ramp_down,28,3.441315767125357,5.074846998868753,-0.4317113855372394,14.499562853910723
roll_3,validation,HGB_hard_0.45,42,day_ramp,62,4.823561132889458,6.706007659731413,0.20046752289300385,19.160021884946893
roll_3,validation,HGB_hard_0.45,42,night_lowlight,647,0.07597582100222201,0.12226879739074363,-0.5262121215317741,0.34933942111641036
roll_3,validation,HGB_hard_0.50,42,all,1436,1.1279688043285094,2.3294923723676875,0.9502685488639976,6.6556924924791065
roll_3,validation,HGB_hard_0.50,42,daylight,789,1.9906297171448695,3.140727882685464,0.90020888618045,8.973508236244182
roll_3,validation,HGB_hard_0.50,42,day_stable,727,1.7490317147017271,2.621112571059593,0.9329046846704999,7.488893060170265
roll_3,validation,HGB_hard_0.50,42,day_ramp_up,34,5.961880845871658,7.797170270404995,-0.5725394244160031,22.277629344014272
roll_3,validation,HGB_hard_0.50,42,day_ramp_down,28,3.441315767125357,5.074846998868753,-0.4317113855372394,14.499562853910723
roll_3,validation,HGB_hard_0.50,42,day_ramp,62,4.823561132889458,6.706007659731413,0.20046752289300385,19.160021884946893
roll_3,validation,HGB_hard_0.50,42,night_lowlight,647,0.07597582100222201,0.12226879739074363,-0.5262121215317741,0.34933942111641036
roll_3,validation,HGB_hard_0.55,42,all,1436,1.1279688043285094,2.3294923723676875,0.9502685488639976,6.6556924924791065
roll_3,validation,HGB_hard_0.55,42,daylight,789,1.9906297171448695,3.140727882685464,0.90020888618045,8.973508236244182
roll_3,validation,HGB_hard_0.55,42,day_stable,727,1.7490317147017271,2.621112571059593,0.9329046846704999,7.488893060170265
roll_3,validation,HGB_hard_0.55,42,day_ramp_up,34,5.961880845871658,7.797170270404995,-0.5725394244160031,22.277629344014272
roll_3,validation,HGB_hard_0.55,42,day_ramp_down,28,3.441315767125357,5.074846998868753,-0.4317113855372394,14.499562853910723
roll_3,validation,HGB_hard_0.55,42,day_ramp,62,4.823561132889458,6.706007659731413,0.20046752289300385,19.160021884946893
roll_3,validation,HGB_hard_0.55,42,night_lowlight,647,0.07597582100222201,0.12226879739074363,-0.5262121215317741,0.34933942111641036
roll_3,validation,HGB_hard_0.60,42,all,1436,1.1279688043285094,2.3294923723676875,0.9502685488639976,6.6556924924791065
roll_3,validation,HGB_hard_0.60,42,daylight,789,1.9906297171448695,3.140727882685464,0.90020888618045,8.973508236244182
roll_3,validation,HGB_hard_0.60,42,day_stable,727,1.7490317147017271,2.621112571059593,0.9329046846704999,7.488893060170265
roll_3,validation,HGB_hard_0.60,42,day_ramp_up,34,5.961880845871658,7.797170270404995,-0.5725394244160031,22.277629344014272
roll_3,validation,HGB_hard_0.60,42,day_ramp_down,28,3.441315767125357,5.074846998868753,-0.4317113855372394,14.499562853910723
roll_3,validation,HGB_hard_0.60,42,day_ramp,62,4.823561132889458,6.706007659731413,0.20046752289300385,19.160021884946893
roll_3,validation,HGB_hard_0.60,42,night_lowlight,647,0.07597582100222201,0.12226879739074363,-0.5262121215317741,0.34933942111641036
roll_3,validation,HGB_hard_0.65,42,all,1436,1.1279688043285094,2.3294923723676875,0.9502685488639976,6.6556924924791065
roll_3,validation,HGB_hard_0.65,42,daylight,789,1.9906297171448695,3.140727882685464,0.90020888618045,8.973508236244182
roll_3,validation,HGB_hard_0.65,42,day_stable,727,1.7490317147017271,2.621112571059593,0.9329046846704999,7.488893060170265
roll_3,validation,HGB_hard_0.65,42,day_ramp_up,34,5.961880845871658,7.797170270404995,-0.5725394244160031,22.277629344014272
roll_3,validation,HGB_hard_0.65,42,day_ramp_down,28,3.441315767125357,5.074846998868753,-0.4317113855372394,14.499562853910723
roll_3,validation,HGB_hard_0.65,42,day_ramp,62,4.823561132889458,6.706007659731413,0.20046752289300385,19.160021884946893
roll_3,validation,HGB_hard_0.65,42,night_lowlight,647,0.07597582100222201,0.12226879739074363,-0.5262121215317741,0.34933942111641036
roll_3,validation,HGB_hard_0.70,42,all,1436,1.1279688043285094,2.3294923723676875,0.9502685488639976,6.6556924924791065
roll_3,validation,HGB_hard_0.70,42,daylight,789,1.9906297171448695,3.140727882685464,0.90020888618045,8.973508236244182
roll_3,validation,HGB_hard_0.70,42,day_stable,727,1.7490317147017271,2.621112571059593,0.9329046846704999,7.488893060170265
roll_3,validation,HGB_hard_0.70,42,day_ramp_up,34,5.961880845871658,7.797170270404995,-0.5725394244160031,22.277629344014272
roll_3,validation,HGB_hard_0.70,42,day_ramp_down,28,3.441315767125357,5.074846998868753,-0.4317113855372394,14.499562853910723
roll_3,validation,HGB_hard_0.70,42,day_ramp,62,4.823561132889458,6.706007659731413,0.20046752289300385,19.160021884946893
roll_3,validation,HGB_hard_0.70,42,night_lowlight,647,0.07597582100222201,0.12226879739074363,-0.5262121215317741,0.34933942111641036
roll_3,validation,HGB_hard_0.75,42,all,1436,1.1279688043285094,2.3294923723676875,0.9502685488639976,6.6556924924791065
roll_3,validation,HGB_hard_0.75,42,daylight,789,1.9906297171448695,3.140727882685464,0.90020888618045,8.973508236244182
roll_3,validation,HGB_hard_0.75,42,day_stable,727,1.7490317147017271,2.621112571059593,0.9329046846704999,7.488893060170265
roll_3,validation,HGB_hard_0.75,42,day_ramp_up,34,5.961880845871658,7.797170270404995,-0.5725394244160031,22.277629344014272
roll_3,validation,HGB_hard_0.75,42,day_ramp_down,28,3.441315767125357,5.074846998868753,-0.4317113855372394,14.499562853910723
roll_3,validation,HGB_hard_0.75,42,day_ramp,62,4.823561132889458,6.706007659731413,0.20046752289300385,19.160021884946893
roll_3,validation,HGB_hard_0.75,42,night_lowlight,647,0.07597582100222201,0.12226879739074363,-0.5262121215317741,0.34933942111641036
roll_3,validation,HGB_hard_0.80,42,all,1436,1.1279688043285094,2.3294923723676875,0.9502685488639976,6.6556924924791065
roll_3,validation,HGB_hard_0.80,42,daylight,789,1.9906297171448695,3.140727882685464,0.90020888618045,8.973508236244182
roll_3,validation,HGB_hard_0.80,42,day_stable,727,1.7490317147017271,2.621112571059593,0.9329046846704999,7.488893060170265
roll_3,validation,HGB_hard_0.80,42,day_ramp_up,34,5.961880845871658,7.797170270404995,-0.5725394244160031,22.277629344014272
roll_3,validation,HGB_hard_0.80,42,day_ramp_down,28,3.441315767125357,5.074846998868753,-0.4317113855372394,14.499562853910723
roll_3,validation,HGB_hard_0.80,42,day_ramp,62,4.823561132889458,6.706007659731413,0.20046752289300385,19.160021884946893
roll_3,validation,HGB_hard_0.80,42,night_lowlight,647,0.07597582100222201,0.12226879739074363,-0.5262121215317741,0.34933942111641036
roll_3,validation,HGB_hard_0.85,42,all,1436,1.1279688043285094,2.3294923723676875,0.9502685488639976,6.6556924924791065
roll_3,validation,HGB_hard_0.85,42,daylight,789,1.9906297171448695,3.140727882685464,0.90020888618045,8.973508236244182
roll_3,validation,HGB_hard_0.85,42,day_stable,727,1.7490317147017271,2.621112571059593,0.9329046846704999,7.488893060170265
roll_3,validation,HGB_hard_0.85,42,day_ramp_up,34,5.961880845871658,7.797170270404995,-0.5725394244160031,22.277629344014272
roll_3,validation,HGB_hard_0.85,42,day_ramp_down,28,3.441315767125357,5.074846998868753,-0.4317113855372394,14.499562853910723
roll_3,validation,HGB_hard_0.85,42,day_ramp,62,4.823561132889458,6.706007659731413,0.20046752289300385,19.160021884946893
roll_3,validation,HGB_hard_0.85,42,night_lowlight,647,0.07597582100222201,0.12226879739074363,-0.5262121215317741,0.34933942111641036
roll_3,validation,HGB_hard_0.90,42,all,1436,1.1279688043285094,2.3294923723676875,0.9502685488639976,6.6556924924791065
roll_3,validation,HGB_hard_0.90,42,daylight,789,1.9906297171448695,3.140727882685464,0.90020888618045,8.973508236244182
roll_3,validation,HGB_hard_0.90,42,day_stable,727,1.7490317147017271,2.621112571059593,0.9329046846704999,7.488893060170265
roll_3,validation,HGB_hard_0.90,42,day_ramp_up,34,5.961880845871658,7.797170270404995,-0.5725394244160031,22.277629344014272
roll_3,validation,HGB_hard_0.90,42,day_ramp_down,28,3.441315767125357,5.074846998868753,-0.4317113855372394,14.499562853910723
roll_3,validation,HGB_hard_0.90,42,day_ramp,62,4.823561132889458,6.706007659731413,0.20046752289300385,19.160021884946893
roll_3,validation,HGB_hard_0.90,42,night_lowlight,647,0.07597582100222201,0.12226879739074363,-0.5262121215317741,0.34933942111641036
roll_3,evaluation,baseline,42,all,1289,1.56338255296605,3.119887556447806,0.877381067890354,8.913964446993731
roll_3,evaluation,baseline,42,daylight,701,2.7964267856511267,4.225914687895353,0.7909490449619893,12.074041965415294
roll_3,evaluation,baseline,42,day_stable,618,2.0379565150627794,2.752472451067378,0.9112736704364739,7.864207003049652
roll_3,evaluation,baseline,42,day_ramp_up,36,9.950411722789669,10.600100681266728,-4.938241185230048,30.286001946476368
roll_3,evaluation,baseline,42,day_ramp_down,47,7.289855923664134,8.981822470826202,-2.752683954963783,25.662349916646292
roll_3,evaluation,baseline,42,day_ramp,83,8.4438319329234,9.716880220044413,-0.19718622820126108,27.762514914412606
roll_3,evaluation,baseline,42,night_lowlight,588,0.09337573814931743,0.21833621338166975,-3.417432320764747,0.6238177525190564
roll_3,evaluation,expert,42,all,1289,1.547587287581386,3.017373616656258,0.8853067596018211,8.621067476160738
roll_3,evaluation,expert,42,daylight,701,2.79176761017205,4.082320262025128,0.8049145632008593,11.66377217721465
roll_3,evaluation,expert,42,day_stable,618,2.194044128304939,2.963304824005925,0.8971606767123501,8.466585211445501
roll_3,evaluation,expert,42,day_ramp_up,36,7.373571182222482,8.310340718889433,-2.6498541662659414,23.74383062539838
roll_3,evaluation,expert,42,day_ramp_down,47,7.141728954854152,8.955460160444591,-2.730687475532036,25.58702902984169
roll_3,evaluation,expert,42,day_ramp,83,7.242287029375355,8.681538366060606,0.044344438451623724,24.80439533160173
roll_3,evaluation,expert,42,night_lowlight,588,0.06430428394863931,0.30122816158019394,-7.408325176624883,0.8606518902291255
roll_3,evaluation,oracle,42,all,1289,1.4860138741495352,2.9166995983569945,0.8928325124112249,8.333427423877128
roll_3,evaluation,oracle,42,daylight,701,2.6541611266005023,3.9500570855470807,0.8173509366996194,11.285877387277374
roll_3,evaluation,oracle,42,day_stable,618,2.0379565150627794,2.752472451067378,0.9112736704364739,7.864207003049652
roll_3,evaluation,oracle,42,day_ramp_up,36,7.373571182222482,8.310340718889433,-2.6498541662659414,23.74383062539838
roll_3,evaluation,oracle,42,day_ramp_down,47,7.141728954854152,8.955460160444591,-2.730687475532036,25.58702902984169
roll_3,evaluation,oracle,42,day_ramp,83,7.242287029375355,8.681538366060606,0.044344438451623724,24.80439533160173
roll_3,evaluation,oracle,42,night_lowlight,588,0.09337573814931743,0.21833621338166975,-3.417432320764747,0.6238177525190564
roll_3,evaluation,selected,42,all,1289,1.5593971134414002,3.102018350086832,0.8787816492723348,8.862909571676662
roll_3,evaluation,selected,42,daylight,701,2.788877244544224,4.201434163138829,0.7933640742401012,12.004097608968083
roll_3,evaluation,selected,42,day_stable,618,2.040806999227075,2.752322000369398,0.9112833697694348,7.863777143912565
roll_3,evaluation,selected,42,day_ramp_up,36,9.778101343142772,10.434979076389025,-4.754677860003737,29.81422593254007
roll_3,evaluation,selected,42,day_ramp_down,47,7.271756905319761,8.95920918937784,-2.733811688607536,25.59774054107954
roll_3,evaluation,selected,42,day_ramp,83,8.35884605907432,9.627123803703885,-0.1751711672534133,27.506068010582528
roll_3,evaluation,selected,42,night_lowlight,588,0.0936393380960266,0.22337521136502844,-3.6236857477252693,0.638214889614367
roll_3,evaluation,LR_soft,42,all,1289,1.5593971134414002,3.102018350086832,0.8787816492723348,8.862909571676662
roll_3,evaluation,LR_soft,42,daylight,701,2.788877244544224,4.201434163138829,0.7933640742401012,12.004097608968083
roll_3,evaluation,LR_soft,42,day_stable,618,2.040806999227075,2.752322000369398,0.9112833697694348,7.863777143912565
roll_3,evaluation,LR_soft,42,day_ramp_up,36,9.778101343142772,10.434979076389025,-4.754677860003737,29.81422593254007
roll_3,evaluation,LR_soft,42,day_ramp_down,47,7.271756905319761,8.95920918937784,-2.733811688607536,25.59774054107954
roll_3,evaluation,LR_soft,42,day_ramp,83,8.35884605907432,9.627123803703885,-0.1751711672534133,27.506068010582528
roll_3,evaluation,LR_soft,42,night_lowlight,588,0.0936393380960266,0.22337521136502844,-3.6236857477252693,0.638214889614367
roll_3,evaluation,LR_hard_0.20,42,all,1289,1.5636444260159768,3.1169766859004495,0.8776097692931135,8.905647674001283
roll_3,evaluation,LR_hard_0.20,42,daylight,701,2.7969083182636165,4.221963056184192,0.7913398271744706,12.062751589097692
roll_3,evaluation,LR_hard_0.20,42,day_stable,618,2.0379565150627794,2.752472451067378,0.9112736704364739,7.864207003049652
roll_3,evaluation,LR_hard_0.20,42,day_ramp_up,36,9.950411722789669,10.600100681266728,-4.938241185230048,30.286001946476368
roll_3,evaluation,LR_hard_0.20,42,day_ramp_down,47,7.2970379313525475,8.954062344637938,-2.72952295537302,25.58303527039411
roll_3,evaluation,LR_hard_0.20,42,day_ramp,83,8.44789885293973,9.70236138594953,-0.19361126133014928,27.721032531284372
roll_3,evaluation,LR_hard_0.20,42,night_lowlight,588,0.09337573814931743,0.21833621338166975,-3.417432320764747,0.6238177525190564
roll_3,evaluation,HGB_soft,42,all,1289,1.5618616868906923,3.112986023106945,0.8779229609069606,8.894245780305557
roll_3,evaluation,HGB_soft,42,daylight,701,2.793572827484933,4.216450108138264,0.7918843992784745,12.047000308966469
roll_3,evaluation,HGB_soft,42,day_stable,618,2.04020614670375,2.75173673638333,0.9113210958262841,7.862104961095229
roll_3,evaluation,HGB_soft,42,day_ramp_up,36,9.889013137016004,10.545337703792326,-4.877042569571923,30.1295362965495
roll_3,evaluation,HGB_soft,42,day_ramp_down,47,7.264737882371165,8.967809071201376,-2.740983248025025,25.62231163200393
roll_3,evaluation,HGB_soft,42,day_ramp,83,8.402977751855675,9.68364941699573,-0.18901170488828578,27.66756976284494
roll_3,evaluation,HGB_soft,42,night_lowlight,588,0.09344415363123099,0.22052257311323806,-3.5063452204871695,0.6300644946092516
roll_3,evaluation,HGB_hard_0.30,42,all,1289,1.56338255296605,3.119887556447806,0.877381067890354,8.913964446993731
roll_3,evaluation,HGB_hard_0.30,42,daylight,701,2.7964267856511267,4.225914687895353,0.7909490449619893,12.074041965415294
roll_3,evaluation,HGB_hard_0.30,42,day_stable,618,2.0379565150627794,2.752472451067378,0.9112736704364739,7.864207003049652
roll_3,evaluation,HGB_hard_0.30,42,day_ramp_up,36,9.950411722789669,10.600100681266728,-4.938241185230048,30.286001946476368
roll_3,evaluation,HGB_hard_0.30,42,day_ramp_down,47,7.289855923664134,8.981822470826202,-2.752683954963783,25.662349916646292
roll_3,evaluation,HGB_hard_0.30,42,day_ramp,83,8.4438319329234,9.716880220044413,-0.19718622820126108,27.762514914412606
roll_3,evaluation,HGB_hard_0.30,42,night_lowlight,588,0.09337573814931743,0.21833621338166975,-3.417432320764747,0.6238177525190564
