fold,split,selected,scope,n,baseline_RMSE_MW,selected_RMSE_MW,improvement_pct,baseline_MAE_MW,selected_MAE_MW
roll_1,validation,baseline,all,956,2.9717882976408694,2.9717882976408694,0.0,1.4951373310787988,1.4951373310787988
roll_1,validation,baseline,daylight,469,4.220186587607608,4.220186587607608,0.0,2.964430224951051,2.964430224951051
roll_1,validation,baseline,day_stable,446,3.960327110086738,3.960327110086738,0.0,2.790729027795216,2.790729027795216
roll_1,validation,baseline,day_ramp_up,5,4.676822543622787,4.676822543622787,0.0,4.447577041089414,4.447577041089414
roll_1,validation,baseline,day_ramp_down,18,8.327884039991883,8.327884039991883,0.0,6.856374661107182,6.856374661107182
roll_1,validation,baseline,day_ramp,23,7.683208942449194,7.683208942449194,0.0,6.33272300458158,6.33272300458158
roll_1,validation,baseline,night_lowlight,487,0.43003356576115215,0.43003356576115215,0.0,0.0801509507377595,0.0801509507377595
roll_1,evaluation,baseline,all,956,2.8919785540159104,2.8919785540159104,0.0,1.5006567580615475,1.5006567580615475
roll_1,evaluation,baseline,daylight,477,4.0106579475394835,4.0106579475394835,0.0,2.826162268379022,2.826162268379022
roll_1,evaluation,baseline,day_stable,438,3.8709171111663143,3.8709171111663143,0.0,2.7189335569504682,2.7189335569504682
roll_1,evaluation,baseline,day_ramp_up,14,5.51477102832757,5.51477102832757,0.0,3.6589404002135133,3.6589404002135133
roll_1,evaluation,baseline,day_ramp_down,25,5.230508322857073,5.230508322857073,0.0,4.2384535387799716,4.2384535387799716
roll_1,evaluation,baseline,day_ramp,39,5.3342945267230295,5.3342945267230295,0.0,4.030423181345857,4.030423181345857
roll_1,evaluation,baseline,night_lowlight,479,0.8209410655574254,0.8209410655574254,0.0,0.1806857175157527,0.1806857175157527
roll_2,validation,HGB_hard_0.15,all,956,2.340305857711134,2.3271805653684536,0.5608366231034889,1.205438812744665,1.2000960343135882
roll_2,validation,HGB_hard_0.15,daylight,514,3.1884339046370114,3.1705154125844626,0.5619841147244564,2.1655376126376296,2.15560046053625
roll_2,validation,HGB_hard_0.15,day_stable,478,2.7181040277781277,2.7140685796379085,0.14846555168522846,1.9220413189242513,1.9258113521149112
roll_2,validation,HGB_hard_0.15,day_ramp_up,16,5.651401625480676,5.325919118722118,5.759323586047104,5.153940352264266,4.645656051339259
roll_2,validation,HGB_hard_0.15,day_ramp_down,20,7.6904509091316084,7.719907011201099,-0.38302178139535403,5.594376840686065,5.655515679163838
roll_2,validation,HGB_hard_0.15,day_ramp,36,6.859450393101302,6.7613811799450705,1.4296949104677714,5.3986272902763766,5.206689177908469
roll_2,validation,HGB_hard_0.15,night_lowlight,442,0.15530723078055,0.15530723078055,0.0,0.08894382825375148,0.08894382825375148
roll_2,evaluation,HGB_hard_0.15,all,956,2.401960973978397,2.39057887532728,0.4738669268328888,1.1976689584545162,1.1919780739589543
roll_2,evaluation,HGB_hard_0.15,daylight,518,3.260312325685243,3.2448363162432137,0.47467873921486214,2.143958961411119,2.1334560935003912
roll_2,evaluation,HGB_hard_0.15,day_stable,471,2.501620856721842,2.490710057103884,0.43614921056644995,1.7446211668847453,1.7381118953025418
roll_2,evaluation,HGB_hard_0.15,day_ramp_up,26,6.76498288373542,6.763210252916366,0.026203034797256386,5.629096353215553,5.621632848238287
roll_2,evaluation,HGB_hard_0.15,day_ramp_down,21,8.073158062008684,7.9964978027175775,0.9495696566608869,6.785603201173361,6.68176665197668
roll_2,evaluation,HGB_hard_0.15,day_ramp,47,7.3782073181996735,7.339908190248743,0.5190844645481585,6.145833455494571,6.095309654163951
roll_2,evaluation,HGB_hard_0.15,night_lowlight,438,0.14657822265900927,0.14657822265900927,0.0,0.07854059879351027,0.07854059879351027
roll_3,validation,LR_soft,all,1436,2.3294923723676875,2.3299887785748434,-0.021309630074095587,1.1279688043285094,1.1288088899667028
roll_3,validation,LR_soft,daylight,789,3.140727882685464,3.141417487974318,-0.021956862059147042,1.9906297171448695,1.9921915143362863
roll_3,validation,LR_soft,day_stable,727,2.621112571059593,2.6351364472691143,-0.5350352504643441,1.7490317147017271,1.7559216924131713
roll_3,validation,LR_soft,day_ramp_up,34,7.797170270404995,7.696987909323822,1.284855371972904,5.961880845871658,5.874241705145744
roll_3,validation,LR_soft,day_ramp_down,28,5.074846998868753,5.08400499270278,-0.1804585209380427,3.441315767125357,3.4128505875713953
roll_3,validation,LR_soft,day_ramp,62,6.706007659731413,6.645398805038657,0.9037993657046273,4.823561132889458,4.76264571656378
roll_3,validation,LR_soft,night_lowlight,647,0.12226879739074363,0.12165642113240537,0.5008442639549693,0.07597582100222201,0.07593579780657711
roll_3,evaluation,LR_soft,all,1289,3.119887556447806,3.102018350086832,0.5727516148472667,1.56338255296605,1.5593971134414
roll_3,evaluation,LR_soft,daylight,701,4.225914687895353,4.201434163138829,0.5792952902396675,2.7964267856511267,2.788877244544224
roll_3,evaluation,LR_soft,day_stable,618,2.752472451067378,2.7523220003693982,0.005466020120259429,2.0379565150627794,2.040806999227075
roll_3,evaluation,LR_soft,day_ramp_up,36,10.600100681266728,10.434979076389023,1.557736193671433,9.950411722789669,9.778101343142772
roll_3,evaluation,LR_soft,day_ramp_down,47,8.981822470826202,8.95920918937784,0.25176718335073733,7.289855923664134,7.271756905319761
roll_3,evaluation,LR_soft,day_ramp,83,9.716880220044413,9.627123803703885,0.9237164018485511,8.4438319329234,8.35884605907432
roll_3,evaluation,LR_soft,night_lowlight,588,0.21833621338166975,0.22337521136502841,-2.3079075638955393,0.09337573814931743,0.09363933809602658
