fold,split,model,alpha,seed,day_utc,n,MAE_MW,RMSE_MW
roll_1,validation,persistence,1,0,2019-04-15,92,2.931467489130435,4.981443095968576
roll_1,validation,persistence,1,0,2019-04-16,96,2.4721320729166667,3.792183782391955
roll_1,validation,persistence,1,0,2019-04-17,96,2.3711481145833333,3.7261469868191774
roll_1,validation,persistence,1,0,2019-04-18,96,1.915697,3.1261832823598503
roll_1,validation,persistence,1,0,2019-04-19,96,0.9285548124999999,1.7041053445629346
roll_1,validation,persistence,1,0,2019-04-20,96,1.9468766770833332,3.752050663252359
roll_1,validation,persistence,1,0,2019-04-21,96,2.5311854895833337,4.176627435377463
roll_1,validation,persistence,1,0,2019-04-22,96,1.7970056979166664,2.8433689309129497
roll_1,validation,persistence,1,0,2019-04-23,96,2.028095979166667,2.9907238003826304
roll_1,validation,persistence,1,0,2019-04-24,96,0.6314189479166666,1.2190945972526472
roll_1,evaluation,persistence,1,0,2019-04-25,92,0.7119786195652175,1.2306832687828202
roll_1,evaluation,persistence,1,0,2019-04-26,96,3.1883933333333325,5.58391477199476
roll_1,evaluation,persistence,1,0,2019-04-27,96,0.9044744479166668,1.6720267873746977
roll_1,evaluation,persistence,1,0,2019-04-28,96,2.3268459895833336,3.83387161004245
roll_1,evaluation,persistence,1,0,2019-04-29,96,2.3431638541666664,3.460174288257719
roll_1,evaluation,persistence,1,0,2019-04-30,96,2.6563140416666666,4.111965233734506
roll_1,evaluation,persistence,1,0,2019-05-01,96,2.605860291666667,5.12743983510115
roll_1,evaluation,persistence,1,0,2019-05-02,96,2.410576385416667,3.689437911569973
roll_1,evaluation,persistence,1,0,2019-05-03,96,2.6999997395833333,4.110203924860718
roll_1,evaluation,persistence,1,0,2019-05-04,96,2.2524107291666664,3.6923511430144544
roll_1,validation,HGB,1,42,2019-04-15,92,1.175646800940427,2.992212198743055
roll_1,validation,HGB,1,42,2019-04-16,96,0.6019395505554813,1.0147266092636038
roll_1,validation,HGB,1,42,2019-04-17,96,1.0594373232692815,1.77842527098553
roll_1,validation,HGB,1,42,2019-04-18,96,0.9595402379117962,1.8421991166827976
roll_1,validation,HGB,1,42,2019-04-19,96,2.469287216565242,4.110065978495526
roll_1,validation,HGB,1,42,2019-04-20,96,2.3718776226172076,4.259944302504921
roll_1,validation,HGB,1,42,2019-04-21,96,1.821286758628273,3.163602646268038
roll_1,validation,HGB,1,42,2019-04-22,96,1.1304954507524394,2.03031269423379
roll_1,validation,HGB,1,42,2019-04-23,96,0.542249548228615,0.9482023368447158
roll_1,validation,HGB,1,42,2019-04-24,96,2.8063006958967924,4.659552276398233
roll_1,evaluation,HGB,1,42,2019-04-25,92,2.5455824649916674,4.218508750574644
roll_1,evaluation,HGB,1,42,2019-04-26,96,2.019486763459089,3.884446693819362
roll_1,evaluation,HGB,1,42,2019-04-27,96,2.635119541171615,4.219864998644349
roll_1,evaluation,HGB,1,42,2019-04-28,96,1.3904810836159651,2.4405676338329907
roll_1,evaluation,HGB,1,42,2019-04-29,96,0.7822857672400406,1.3472903620856498
roll_1,evaluation,HGB,1,42,2019-04-30,96,0.9285557973913902,1.6718821801731445
roll_1,evaluation,HGB,1,42,2019-05-01,96,1.7749047565736653,3.7024374218049396
roll_1,evaluation,HGB,1,42,2019-05-02,96,0.6740251862752111,1.11858789831089
roll_1,evaluation,HGB,1,42,2019-05-03,96,1.2281239540048647,2.1659762612223328
roll_1,evaluation,HGB,1,42,2019-05-04,96,1.0715408370140544,1.766046896065025
roll_1,validation,GRU,1,17,2019-04-15,92,1.7519502010197174,3.8611170592256956
roll_1,validation,GRU,1,17,2019-04-16,96,1.21438020253398,1.8852345015219771
roll_1,validation,GRU,1,17,2019-04-17,96,1.5579174758948806,2.3112416542839758
roll_1,validation,GRU,1,17,2019-04-18,96,1.3876343373434443,2.1743997040285943
roll_1,validation,GRU,1,17,2019-04-19,96,1.2500227593966675,2.1077520112267516
roll_1,validation,GRU,1,17,2019-04-20,96,2.1289204865218303,3.9670748331647387
roll_1,validation,GRU,1,17,2019-04-21,96,1.8212388773489614,2.9807667339372497
roll_1,validation,GRU,1,17,2019-04-22,96,0.9070979288441562,1.4901756906916666
roll_1,validation,GRU,1,17,2019-04-23,96,0.9937226910000954,1.606705490273753
roll_1,validation,GRU,1,17,2019-04-24,96,0.9530427256369268,1.8044884136127628
roll_1,evaluation,GRU,1,17,2019-04-25,92,0.8262273925116876,1.390714826134449
roll_1,evaluation,GRU,1,17,2019-04-26,96,2.7354885407317333,4.982020525978633
roll_1,evaluation,GRU,1,17,2019-04-27,96,0.8628361010708687,1.6413903131001333
roll_1,evaluation,GRU,1,17,2019-04-28,96,1.8387522141603234,2.9954040475190764
roll_1,evaluation,GRU,1,17,2019-04-29,96,1.0978839568126164,1.8610881575803797
roll_1,evaluation,GRU,1,17,2019-04-30,96,1.4880845426098654,2.3352497614640244
roll_1,evaluation,GRU,1,17,2019-05-01,96,1.9605410519704856,3.909516064935867
roll_1,evaluation,GRU,1,17,2019-05-02,96,1.1889924374403282,1.8613331676038019
roll_1,evaluation,GRU,1,17,2019-05-03,96,1.8728603511280486,3.067529817129023
roll_1,evaluation,GRU,1,17,2019-05-04,96,1.4347799571951432,2.260028371337774
roll_1,validation,GRU,1,42,2019-04-15,92,1.7716065805397583,3.944816546402365
roll_1,validation,GRU,1,42,2019-04-16,96,1.0525340842285156,1.6468044861585742
roll_1,validation,GRU,1,42,2019-04-17,96,1.5712584816125321,2.3351506940099416
roll_1,validation,GRU,1,42,2019-04-18,96,1.3396299534615006,2.101621554967486
roll_1,validation,GRU,1,42,2019-04-19,96,1.1422884832972902,2.036361304252411
roll_1,validation,GRU,1,42,2019-04-20,96,2.194167722610374,4.037724854861084
roll_1,validation,GRU,1,42,2019-04-21,96,1.7370264190233204,2.8714236050870166
roll_1,validation,GRU,1,42,2019-04-22,96,1.0363165691267175,1.6111230753034869
roll_1,validation,GRU,1,42,2019-04-23,96,1.0575051782636364,1.6556540444866987
roll_1,validation,GRU,1,42,2019-04-24,96,1.120368987580498,1.9925704203294492
roll_1,evaluation,GRU,1,42,2019-04-25,92,0.9066346153426844,1.4597329898377625
roll_1,evaluation,GRU,1,42,2019-04-26,96,2.9367830832972786,5.093827929365321
roll_1,evaluation,GRU,1,42,2019-04-27,96,1.0978360470942856,1.8438276651452195
roll_1,evaluation,GRU,1,42,2019-04-28,96,2.031828261418854,3.159876376433602
roll_1,evaluation,GRU,1,42,2019-04-29,96,1.2652905214437646,2.021569253175661
roll_1,evaluation,GRU,1,42,2019-04-30,96,1.4830010212211453,2.2905552883468054
roll_1,evaluation,GRU,1,42,2019-05-01,96,1.9759161706169843,3.858446238519851
roll_1,evaluation,GRU,1,42,2019-05-02,96,1.2690457467319318,1.8204878096566308
roll_1,evaluation,GRU,1,42,2019-05-03,96,1.9436235449787063,3.0148408477247086
roll_1,evaluation,GRU,1,42,2019-05-04,96,1.4352622367663248,2.179159868858427
roll_1,validation,GRU,1,2026,2019-04-15,92,1.8148366783936078,3.940732657290413
roll_1,validation,GRU,1,2026,2019-04-16,96,1.1726959462078608,1.7000479322890567
roll_1,validation,GRU,1,2026,2019-04-17,96,1.513843936097608,2.1957753538172997
roll_1,validation,GRU,1,2026,2019-04-18,96,1.3944080300504347,2.0700006659230876
roll_1,validation,GRU,1,2026,2019-04-19,96,1.1795379330842501,2.0495396458137782
roll_1,validation,GRU,1,2026,2019-04-20,96,2.21940695994714,4.121081485963478
roll_1,validation,GRU,1,2026,2019-04-21,96,1.8748291480767036,2.974017999521534
roll_1,validation,GRU,1,2026,2019-04-22,96,1.0046125684427816,1.5937276385264978
roll_1,validation,GRU,1,2026,2019-04-23,96,1.1342702851381259,1.8686320791575763
roll_1,validation,GRU,1,2026,2019-04-24,96,0.9108474918678874,1.7199289804331062
roll_1,evaluation,GRU,1,2026,2019-04-25,92,1.1640165829332834,1.8275638818785922
roll_1,evaluation,GRU,1,2026,2019-04-26,96,2.9735032418553913,5.164903820257729
roll_1,evaluation,GRU,1,2026,2019-04-27,96,1.2366461282685783,2.0171297208036427
roll_1,evaluation,GRU,1,2026,2019-04-28,96,2.0077554103057307,3.141895572636436
roll_1,evaluation,GRU,1,2026,2019-04-29,96,1.1716562978075247,1.9032461905168387
roll_1,evaluation,GRU,1,2026,2019-04-30,96,1.572952920063167,2.1253886725026105
roll_1,evaluation,GRU,1,2026,2019-05-01,96,2.271430173383077,4.0227739674909175
roll_1,evaluation,GRU,1,2026,2019-05-02,96,1.290864512264258,1.854751248453169
roll_1,evaluation,GRU,1,2026,2019-05-03,96,1.8421728789820573,3.0520314729484257
roll_1,evaluation,GRU,1,2026,2019-05-04,96,1.426833777759711,2.1056656456396987
roll_1,validation,HGB,2,42,2019-04-15,92,1.1221251296129617,2.8928647161465824
roll_1,validation,HGB,2,42,2019-04-16,96,0.6495726290914352,1.0404325836765402
roll_1,validation,HGB,2,42,2019-04-17,96,1.0238631558933529,1.7045683221803498
roll_1,validation,HGB,2,42,2019-04-18,96,1.3325390279366909,2.437262611568189
roll_1,validation,HGB,2,42,2019-04-19,96,3.34582543075393,5.530063416052431
roll_1,validation,HGB,2,42,2019-04-20,96,2.69792032687235,4.78742692454219
roll_1,validation,HGB,2,42,2019-04-21,96,1.8798717541896286,3.218940626127776
roll_1,validation,HGB,2,42,2019-04-22,96,1.6949934855231097,2.9689047866814
roll_1,validation,HGB,2,42,2019-04-23,96,0.7865500247021092,1.405526954895141
roll_1,validation,HGB,2,42,2019-04-24,96,3.4853050438062,5.84362171212105
roll_1,evaluation,HGB,2,42,2019-04-25,92,2.8114142474649717,4.589518393274817
roll_1,evaluation,HGB,2,42,2019-04-26,96,2.2979949947811336,4.301564647387026
roll_1,evaluation,HGB,2,42,2019-04-27,96,2.964562794982951,4.725272741933626
roll_1,evaluation,HGB,2,42,2019-04-28,96,1.429764620011717,2.405948789982245
roll_1,evaluation,HGB,2,42,2019-04-29,96,0.6410846698845928,1.0347766264151335
roll_1,evaluation,HGB,2,42,2019-04-30,96,0.8645611415537061,1.5321732856848356
roll_1,evaluation,HGB,2,42,2019-05-01,96,1.9165620219217037,4.040797211895359
roll_1,evaluation,HGB,2,42,2019-05-02,96,0.7357917039774421,1.2012716064721318
roll_1,evaluation,HGB,2,42,2019-05-03,96,1.2396896973362719,2.3020948580855523
roll_1,evaluation,HGB,2,42,2019-05-04,96,1.1814690040345859,1.9053387164870494
roll_1,validation,GRU,2,17,2019-04-15,92,1.8179173909130981,4.0255327918568655
roll_1,validation,GRU,2,17,2019-04-16,96,1.5100889515372755,2.3147884369902636
roll_1,validation,GRU,2,17,2019-04-17,96,1.7686741334444633,2.6254434203604378
roll_1,validation,GRU,2,17,2019-04-18,96,1.7768902612720936,2.829452110316654
roll_1,validation,GRU,2,17,2019-04-19,96,0.9378015954247342,1.7114052311775485
roll_1,validation,GRU,2,17,2019-04-20,96,2.13134407363643,4.059499754020637
roll_1,validation,GRU,2,17,2019-04-21,96,1.8696499403223097,2.99605931866087
roll_1,validation,GRU,2,17,2019-04-22,96,1.042050225257163,1.6500120899299604
roll_1,validation,GRU,2,17,2019-04-23,96,1.2520390118508775,2.0103260688580855
roll_1,validation,GRU,2,17,2019-04-24,96,0.6990396367095112,1.389945876891378
roll_1,evaluation,GRU,2,17,2019-04-25,92,0.9624774300792269,1.7337318490452132
roll_1,evaluation,GRU,2,17,2019-04-26,96,2.8745752256229107,5.204492332284857
roll_1,evaluation,GRU,2,17,2019-04-27,96,0.8784016338543831,1.6807353027980303
roll_1,evaluation,GRU,2,17,2019-04-28,96,1.9037641507111989,3.081907244572421
roll_1,evaluation,GRU,2,17,2019-04-29,96,1.301451603364952,2.158288450288026
roll_1,evaluation,GRU,2,17,2019-04-30,96,1.9693942714966877,3.0958728956963735
roll_1,evaluation,GRU,2,17,2019-05-01,96,2.2830635473636485,4.28852540493164
roll_1,evaluation,GRU,2,17,2019-05-02,96,1.5471417175848152,2.366809709405387
roll_1,evaluation,GRU,2,17,2019-05-03,96,2.0163653128523253,3.356831096096291
roll_1,evaluation,GRU,2,17,2019-05-04,96,1.773935574861501,2.7158523434119513
roll_1,validation,GRU,2,42,2019-04-15,92,1.848232595157121,4.063726992087027
roll_1,validation,GRU,2,42,2019-04-16,96,1.2536553854521848,1.9359030606099872
roll_1,validation,GRU,2,42,2019-04-17,96,1.6308177167780944,2.4766760539983514
roll_1,validation,GRU,2,42,2019-04-18,96,1.643132247468494,2.579959240604788
roll_1,validation,GRU,2,42,2019-04-19,96,1.057848999466718,1.8823141445525442
roll_1,validation,GRU,2,42,2019-04-20,96,2.2905496792616886,4.200251642781676
roll_1,validation,GRU,2,42,2019-04-21,96,1.778039669962176,2.898072761978143
roll_1,validation,GRU,2,42,2019-04-22,96,1.1428153017075209,1.6995832598009517
roll_1,validation,GRU,2,42,2019-04-23,96,1.2558964180834573,1.9430265557802466
roll_1,validation,GRU,2,42,2019-04-24,96,0.9365184747122178,1.6787283840830582
roll_1,evaluation,GRU,2,42,2019-04-25,92,1.0960278581901521,1.8075662576113332
roll_1,evaluation,GRU,2,42,2019-04-26,96,3.0144475020399213,5.221478404539744
roll_1,evaluation,GRU,2,42,2019-04-27,96,1.1619805402910721,1.9171415698375351
roll_1,evaluation,GRU,2,42,2019-04-28,96,2.0709758054307934,3.1976814145347507
roll_1,evaluation,GRU,2,42,2019-04-29,96,1.4205680484081562,2.286210819372716
roll_1,evaluation,GRU,2,42,2019-04-30,96,1.786536633470252,2.6858239308797924
roll_1,evaluation,GRU,2,42,2019-05-01,96,2.221116140783522,4.115088510495301
roll_1,evaluation,GRU,2,42,2019-05-02,96,1.4113465819954587,2.075120566797206
roll_1,evaluation,GRU,2,42,2019-05-03,96,1.9700991602182352,3.081338376642938
roll_1,evaluation,GRU,2,42,2019-05-04,96,1.6734098503149835,2.5056301466860824
roll_1,validation,GRU,2,2026,2019-04-15,92,1.8693818589330138,4.076574376630685
roll_1,validation,GRU,2,2026,2019-04-16,96,1.3654527488530774,2.045145972263509
roll_1,validation,GRU,2,2026,2019-04-17,96,1.6708174701550547,2.5077768103445734
roll_1,validation,GRU,2,2026,2019-04-18,96,1.6990069764917088,2.5638638629059045
roll_1,validation,GRU,2,2026,2019-04-19,96,1.05045491033414,1.8387756452419186
roll_1,validation,GRU,2,2026,2019-04-20,96,2.297141148340246,4.24260999435704
roll_1,validation,GRU,2,2026,2019-04-21,96,1.8737107488748084,2.903666950532715
roll_1,validation,GRU,2,2026,2019-04-22,96,1.025194684244933,1.597957853818014
roll_1,validation,GRU,2,2026,2019-04-23,96,1.1911154334581695,1.9311516829035993
roll_1,validation,GRU,2,2026,2019-04-24,96,0.7997811495627681,1.5552012010885479
roll_1,evaluation,GRU,2,2026,2019-04-25,92,1.5141130165903591,2.217030779726206
roll_1,evaluation,GRU,2,2026,2019-04-26,96,3.3535577240460017,5.412522135162774
roll_1,evaluation,GRU,2,2026,2019-04-27,96,1.615376907469054,2.1948334965721656
roll_1,evaluation,GRU,2,2026,2019-04-28,96,2.086229543443377,3.3329261068882556
roll_1,evaluation,GRU,2,2026,2019-04-29,96,1.1996196220456088,1.93188275949239
roll_1,evaluation,GRU,2,2026,2019-04-30,96,2.081778321109861,2.707705826462288
roll_1,evaluation,GRU,2,2026,2019-05-01,96,2.621943203133022,4.237562156205532
roll_1,evaluation,GRU,2,2026,2019-05-02,96,1.4335732246597062,2.0145596554672527
roll_1,evaluation,GRU,2,2026,2019-05-03,96,1.7557313287908685,2.9354370409407835
roll_1,evaluation,GRU,2,2026,2019-05-04,96,1.6512300985760093,2.3219704314849703
roll_1,validation,HGB,4,42,2019-04-15,92,1.1809636206279912,2.8575797122342528
roll_1,validation,HGB,4,42,2019-04-16,96,0.600954544762388,0.9866268557930793
roll_1,validation,HGB,4,42,2019-04-17,96,1.2412615649773828,2.1257662117871776
roll_1,validation,HGB,4,42,2019-04-18,96,1.3041790231957,2.441146219243823
roll_1,validation,HGB,4,42,2019-04-19,96,3.540587576879915,5.834361751524349
roll_1,validation,HGB,4,42,2019-04-20,96,3.1015585095134397,5.405481296590855
roll_1,validation,HGB,4,42,2019-04-21,96,1.318981479937943,2.3804020419372653
roll_1,validation,HGB,4,42,2019-04-22,96,1.7414990177324299,2.9648760409879285
roll_1,validation,HGB,4,42,2019-04-23,96,0.9314167361543849,1.5970190054428266
roll_1,validation,HGB,4,42,2019-04-24,96,4.012257023598483,6.52836531789359
roll_1,evaluation,HGB,4,42,2019-04-25,92,3.1643207034112653,5.179867498427217
roll_1,evaluation,HGB,4,42,2019-04-26,96,2.733168930379936,4.96849565860596
roll_1,evaluation,HGB,4,42,2019-04-27,96,3.5696177508320694,5.680359436783782
roll_1,evaluation,HGB,4,42,2019-04-28,96,1.6992020537557686,2.947120198837011
roll_1,evaluation,HGB,4,42,2019-04-29,96,0.8005546630933683,1.247029824857216
roll_1,evaluation,HGB,4,42,2019-04-30,96,0.8506010089334834,1.5458970667171028
roll_1,evaluation,HGB,4,42,2019-05-01,96,1.6436468402339373,3.6337759543499426
roll_1,evaluation,HGB,4,42,2019-05-02,96,0.7966703474647527,1.3661749791737983
roll_1,evaluation,HGB,4,42,2019-05-03,96,1.3543787133133371,2.4201162726181855
roll_1,evaluation,HGB,4,42,2019-05-04,96,1.0298946611803494,1.7049658618448769
roll_1,validation,GRU,4,17,2019-04-15,92,1.9723324534048543,4.176330603874016
roll_1,validation,GRU,4,17,2019-04-16,96,1.7878834475706864,2.6062145316835936
roll_1,validation,GRU,4,17,2019-04-17,96,1.9326876191930473,2.7959843264585045
roll_1,validation,GRU,4,17,2019-04-18,96,2.1130089280970967,3.4019665311724143
roll_1,validation,GRU,4,17,2019-04-19,96,0.8314538127801865,1.5088302675349357
roll_1,validation,GRU,4,17,2019-04-20,96,2.077053189631905,3.9497287483779515
roll_1,validation,GRU,4,17,2019-04-21,96,1.9745810395704513,2.9806156304556986
roll_1,validation,GRU,4,17,2019-04-22,96,1.1167118922011963,1.6826232403961379
roll_1,validation,GRU,4,17,2019-04-23,96,1.3179164297748474,2.074215497604006
roll_1,validation,GRU,4,17,2019-04-24,96,0.6681657148538852,1.254097161073038
roll_1,evaluation,GRU,4,17,2019-04-25,92,1.2971938765175264,1.8862144011828264
roll_1,evaluation,GRU,4,17,2019-04-26,96,3.1760171038905405,5.393177984562479
roll_1,evaluation,GRU,4,17,2019-04-27,96,1.2898084624915123,1.8801231878289548
roll_1,evaluation,GRU,4,17,2019-04-28,96,2.070901478274451,3.2720216632327412
roll_1,evaluation,GRU,4,17,2019-04-29,96,1.2929215077313085,2.0679911826649007
roll_1,evaluation,GRU,4,17,2019-04-30,96,2.5194019664409013,3.777445931042096
roll_1,evaluation,GRU,4,17,2019-05-01,96,2.7165713214029275,4.671965663677192
roll_1,evaluation,GRU,4,17,2019-05-02,96,1.7738850905843526,2.6408198555763667
roll_1,evaluation,GRU,4,17,2019-05-03,96,2.03617840347485,3.3981060381848183
roll_1,evaluation,GRU,4,17,2019-05-04,96,1.9567075410353019,2.9018357596678777
roll_1,validation,GRU,4,42,2019-04-15,92,1.90405927055071,4.169471465508794
roll_1,validation,GRU,4,42,2019-04-16,96,1.4289034225171082,2.223910598667699
roll_1,validation,GRU,4,42,2019-04-17,96,1.7443037422233845,2.6755740626258633
roll_1,validation,GRU,4,42,2019-04-18,96,1.8635976014747049,2.958122244382684
roll_1,validation,GRU,4,42,2019-04-19,96,1.0802803960779273,1.8144645902391967
roll_1,validation,GRU,4,42,2019-04-20,96,2.384015816076459,4.294506800650031
roll_1,validation,GRU,4,42,2019-04-21,96,1.7805326959464944,2.852993132306552
roll_1,validation,GRU,4,42,2019-04-22,96,1.1356671668882792,1.6824183027097248
roll_1,validation,GRU,4,42,2019-04-23,96,1.3274999579502904,2.078207822266146
roll_1,validation,GRU,4,42,2019-04-24,96,0.8935606242988191,1.561392770198031
roll_1,evaluation,GRU,4,42,2019-04-25,92,1.5184944835307284,2.2097108946928157
roll_1,evaluation,GRU,4,42,2019-04-26,96,3.276261357747753,5.349074455381132
roll_1,evaluation,GRU,4,42,2019-04-27,96,1.587634953915894,2.168691017543007
roll_1,evaluation,GRU,4,42,2019-04-28,96,2.1265561894395897,3.276782172605357
roll_1,evaluation,GRU,4,42,2019-04-29,96,1.4898711874705357,2.364695293085691
roll_1,evaluation,GRU,4,42,2019-04-30,96,2.143891718243356,3.1334080627630745
roll_1,evaluation,GRU,4,42,2019-05-01,96,2.454481573844111,4.276224403915981
roll_1,evaluation,GRU,4,42,2019-05-02,96,1.5931475885409787,2.298459391076563
roll_1,evaluation,GRU,4,42,2019-05-03,96,1.97115279482714,3.0956414787893523
roll_1,evaluation,GRU,4,42,2019-05-04,96,1.890214513649017,2.7123830868434884
roll_1,validation,GRU,4,2026,2019-04-15,92,1.951482660419122,4.158402534479861
roll_1,validation,GRU,4,2026,2019-04-16,96,1.4879067927603222,2.223940114769948
roll_1,validation,GRU,4,2026,2019-04-17,96,1.7986599123846367,2.7026040897153543
roll_1,validation,GRU,4,2026,2019-04-18,96,2.0376755320976176,3.101983720262154
roll_1,validation,GRU,4,2026,2019-04-19,96,1.061093870733504,1.704191821066111
roll_1,validation,GRU,4,2026,2019-04-20,96,2.458270604023705,4.2730445950510445
roll_1,validation,GRU,4,2026,2019-04-21,96,1.9445840591165027,2.889752803175751
roll_1,validation,GRU,4,2026,2019-04-22,96,1.0279503837470474,1.616401979481332
roll_1,validation,GRU,4,2026,2019-04-23,96,1.237822191770236,1.9660622059637298
roll_1,validation,GRU,4,2026,2019-04-24,96,0.9001552905354897,1.516724059581119
roll_1,evaluation,GRU,4,2026,2019-04-25,92,2.10113703844031,2.59701131384797
roll_1,evaluation,GRU,4,2026,2019-04-26,96,3.9991459300304846,5.749140483681081
roll_1,evaluation,GRU,4,2026,2019-04-27,96,2.3782668185031812,2.7865653524099514
roll_1,evaluation,GRU,4,2026,2019-04-28,96,2.4188541577843887,3.722012072092461
roll_1,evaluation,GRU,4,2026,2019-04-29,96,1.293075908576897,1.9541171816836447
roll_1,evaluation,GRU,4,2026,2019-04-30,96,2.6105411242717604,3.317017422613782
roll_1,evaluation,GRU,4,2026,2019-05-01,96,3.018936884975592,4.489378692776109
roll_1,evaluation,GRU,4,2026,2019-05-02,96,1.666672528950185,2.256241504205149
roll_1,evaluation,GRU,4,2026,2019-05-03,96,1.7906192493736348,2.9409593252532864
roll_1,evaluation,GRU,4,2026,2019-05-04,96,1.928484538799691,2.5848613987728064
roll_2,validation,persistence,1,0,2019-05-01,92,2.7085558804347825,5.237388690588649
roll_2,validation,persistence,1,0,2019-05-02,96,2.410576385416667,3.689437911569973
roll_2,validation,persistence,1,0,2019-05-03,96,2.6999997395833333,4.110203924860718
roll_2,validation,persistence,1,0,2019-05-04,96,2.2524107291666664,3.6923511430144544
roll_2,validation,persistence,1,0,2019-05-05,96,2.4439650937499997,3.788015658834015
roll_2,validation,persistence,1,0,2019-05-06,96,2.6725906979166667,3.918373985545496
roll_2,validation,persistence,1,0,2019-05-07,96,2.3834244791666666,3.5805345148972374
roll_2,validation,persistence,1,0,2019-05-08,96,1.5274584895833332,2.289133010201895
roll_2,validation,persistence,1,0,2019-05-09,96,2.47991203125,3.6449442911580894
roll_2,validation,persistence,1,0,2019-05-10,96,2.6491809687499996,5.259907207810024
roll_2,evaluation,persistence,1,0,2019-05-11,92,2.0949158586956527,3.988701641124169
roll_2,evaluation,persistence,1,0,2019-05-12,96,3.9988784479166664,6.537767885575458
roll_2,evaluation,persistence,1,0,2019-05-13,96,2.4408193229166666,4.0387938378815695
roll_2,evaluation,persistence,1,0,2019-05-14,96,2.235992885416667,3.5881293776609526
roll_2,evaluation,persistence,1,0,2019-05-15,96,2.3248056145833336,3.6218701711216115
roll_2,evaluation,persistence,1,0,2019-05-16,96,2.2981877083333333,3.5402002686617564
roll_2,evaluation,persistence,1,0,2019-05-17,96,2.054667885416667,3.1690354811001398
roll_2,evaluation,persistence,1,0,2019-05-18,96,1.141795041666667,1.8112422471175573
roll_2,evaluation,persistence,1,0,2019-05-19,96,3.011346895833333,4.820014069140276
roll_2,evaluation,persistence,1,0,2019-05-20,96,2.57510121875,3.8767397988994072
roll_2,validation,HGB,1,42,2019-05-01,92,1.2432602329664781,2.4515546801266397
roll_2,validation,HGB,1,42,2019-05-02,96,0.7370921290000746,1.2386932728136586
roll_2,validation,HGB,1,42,2019-05-03,96,1.2556626956582353,2.126616384749818
roll_2,validation,HGB,1,42,2019-05-04,96,0.8013944217601295,1.4399408549705488
roll_2,validation,HGB,1,42,2019-05-05,96,2.0017780295828027,3.4852213614670045
roll_2,validation,HGB,1,42,2019-05-06,96,1.2248093016455666,1.9254278492746215
roll_2,validation,HGB,1,42,2019-05-07,96,1.0614742507644976,2.189752382296736
roll_2,validation,HGB,1,42,2019-05-08,96,1.1380635379961657,1.6869727772906278
roll_2,validation,HGB,1,42,2019-05-09,96,0.5425812167568659,0.8603553594959411
roll_2,validation,HGB,1,42,2019-05-10,96,2.0498482038250767,4.0517865801513455
roll_2,evaluation,HGB,1,42,2019-05-11,92,0.9896095556239521,2.0759091389286772
roll_2,evaluation,HGB,1,42,2019-05-12,96,2.6005491420848923,5.117896331558086
roll_2,evaluation,HGB,1,42,2019-05-13,96,0.8212817601468115,1.4837650384078471
roll_2,evaluation,HGB,1,42,2019-05-14,96,1.458245989834271,2.354168924133694
roll_2,evaluation,HGB,1,42,2019-05-15,96,1.1786903948144825,2.097384976602085
roll_2,evaluation,HGB,1,42,2019-05-16,96,1.2395016693773144,2.104593200938738
roll_2,evaluation,HGB,1,42,2019-05-17,96,0.6437813248068848,1.0433706771936775
roll_2,evaluation,HGB,1,42,2019-05-18,96,0.8762543427270032,1.4266520129435247
roll_2,evaluation,HGB,1,42,2019-05-19,96,1.5825204112074047,2.577210777637626
roll_2,evaluation,HGB,1,42,2019-05-20,96,0.577585852137538,0.8905557227593912
roll_2,validation,GRU,1,17,2019-05-01,92,1.5688659540822036,3.3183444934557507
roll_2,validation,GRU,1,17,2019-05-02,96,0.7059178333488975,1.0256944173153855
roll_2,validation,GRU,1,17,2019-05-03,96,1.430441309534957,2.4791731344100385
roll_2,validation,GRU,1,17,2019-05-04,96,0.8387403363330499,1.4622449366580133
roll_2,validation,GRU,1,17,2019-05-05,96,1.8015581440953798,3.057738973752483
roll_2,validation,GRU,1,17,2019-05-06,96,1.1793257503332024,1.8905866295909088
roll_2,validation,GRU,1,17,2019-05-07,96,0.9458367960328737,1.6939959120965913
roll_2,validation,GRU,1,17,2019-05-08,96,0.7800597773834269,1.2226683915911367
roll_2,validation,GRU,1,17,2019-05-09,96,0.7947971740473858,1.3112535971375368
roll_2,validation,GRU,1,17,2019-05-10,96,1.9433180290084533,3.73238657447053
roll_2,evaluation,GRU,1,17,2019-05-11,92,1.1044354938223218,2.0791202079107522
roll_2,evaluation,GRU,1,17,2019-05-12,96,2.9140028519303356,5.523464132754621
roll_2,evaluation,GRU,1,17,2019-05-13,96,1.2936278039573406,2.0480113640054425
roll_2,evaluation,GRU,1,17,2019-05-14,96,1.3067855866306115,2.34243822577864
roll_2,evaluation,GRU,1,17,2019-05-15,96,1.2842734303754675,2.3717078531249776
roll_2,evaluation,GRU,1,17,2019-05-16,96,1.2774650999904773,2.175197363538775
roll_2,evaluation,GRU,1,17,2019-05-17,96,0.7084802121234537,1.1699469174331183
roll_2,evaluation,GRU,1,17,2019-05-18,96,0.9089431635581703,1.6041867432088592
roll_2,evaluation,GRU,1,17,2019-05-19,96,1.7087573191798953,3.0891244963750983
roll_2,evaluation,GRU,1,17,2019-05-20,96,1.051268551084411,1.654978369433848
roll_2,validation,GRU,1,42,2019-05-01,92,1.525226797562058,2.8273126455705984
roll_2,validation,GRU,1,42,2019-05-02,96,0.758986971228235,1.2276589981228017
roll_2,validation,GRU,1,42,2019-05-03,96,1.3727276707380416,2.2494600923408217
roll_2,validation,GRU,1,42,2019-05-04,96,0.9304969552928112,1.3974995910836308
roll_2,validation,GRU,1,42,2019-05-05,96,2.1188978981176567,3.549579640834888
roll_2,validation,GRU,1,42,2019-05-06,96,1.2467698073990447,1.9963288865617652
roll_2,validation,GRU,1,42,2019-05-07,96,0.9809369232023705,1.6258778727114866
roll_2,validation,GRU,1,42,2019-05-08,96,1.1070411742691695,1.364481781152252
roll_2,validation,GRU,1,42,2019-05-09,96,0.7419378560374703,0.9734646643450271
roll_2,validation,GRU,1,42,2019-05-10,96,2.101178854963843,3.825396765518891
roll_2,evaluation,GRU,1,42,2019-05-11,92,1.1657986885738243,2.037144525056503
roll_2,evaluation,GRU,1,42,2019-05-12,96,3.299200212650289,5.299250023115214
roll_2,evaluation,GRU,1,42,2019-05-13,96,1.187223195900743,1.973047401337521
roll_2,evaluation,GRU,1,42,2019-05-14,96,1.3802082857578224,1.9552681397567775
roll_2,evaluation,GRU,1,42,2019-05-15,96,1.5397323913154601,2.433645978034804
roll_2,evaluation,GRU,1,42,2019-05-16,96,1.3259465981955676,1.8808422003742666
roll_2,evaluation,GRU,1,42,2019-05-17,96,0.8992297599512339,1.1433729284799043
roll_2,evaluation,GRU,1,42,2019-05-18,96,1.2570585241568786,1.7082368528138323
roll_2,evaluation,GRU,1,42,2019-05-19,96,2.360716905053541,2.806729092016724
roll_2,evaluation,GRU,1,42,2019-05-20,96,2.194856220546156,2.417102600003612
roll_2,validation,GRU,1,2026,2019-05-01,92,1.54540005504891,3.1465644065273293
roll_2,validation,GRU,1,2026,2019-05-02,96,0.6574084802109096,0.9940801643182875
roll_2,validation,GRU,1,2026,2019-05-03,96,1.39616287880372,2.4753986462861235
roll_2,validation,GRU,1,2026,2019-05-04,96,0.7926983666066626,1.3683595820925247
roll_2,validation,GRU,1,2026,2019-05-05,96,1.8419122005867414,3.2023864583600092
roll_2,validation,GRU,1,2026,2019-05-06,96,1.2210926636769053,1.940413718808368
roll_2,validation,GRU,1,2026,2019-05-07,96,1.0129196902242055,1.9032799780108478
roll_2,validation,GRU,1,2026,2019-05-08,96,0.7716741592544665,1.1344914819107506
roll_2,validation,GRU,1,2026,2019-05-09,96,0.709721083048918,1.115325245259427
roll_2,validation,GRU,1,2026,2019-05-10,96,2.1730619881797657,3.816580180072409
roll_2,evaluation,GRU,1,2026,2019-05-11,92,1.0987210048988387,2.0144606097252606
roll_2,evaluation,GRU,1,2026,2019-05-12,96,3.1290552583786897,5.591395223275415
roll_2,evaluation,GRU,1,2026,2019-05-13,96,1.1692126557977187,1.8744108543405202
roll_2,evaluation,GRU,1,2026,2019-05-14,96,1.2929854115287933,2.211848340001028
roll_2,evaluation,GRU,1,2026,2019-05-15,96,1.2028930646560323,2.3179800232913874
roll_2,evaluation,GRU,1,2026,2019-05-16,96,1.3870703680107195,2.2752987704105148
roll_2,evaluation,GRU,1,2026,2019-05-17,96,0.43633417955794435,0.6705317537223975
roll_2,evaluation,GRU,1,2026,2019-05-18,96,1.0522051155634318,1.7318510280134982
roll_2,evaluation,GRU,1,2026,2019-05-19,96,1.9667880503186776,2.82926691348084
roll_2,evaluation,GRU,1,2026,2019-05-20,96,1.0583731479917466,1.3040515635475862
roll_2,validation,HGB,2,42,2019-05-01,92,1.3283081849419915,2.7092634776641216
roll_2,validation,HGB,2,42,2019-05-02,96,0.7773547409088725,1.2124618392417366
roll_2,validation,HGB,2,42,2019-05-03,96,1.2946185150117664,2.177782160888394
roll_2,validation,HGB,2,42,2019-05-04,96,0.8320182249926461,1.4048228899151929
roll_2,validation,HGB,2,42,2019-05-05,96,2.336375816979194,4.046571972811342
roll_2,validation,HGB,2,42,2019-05-06,96,1.2769418309508636,2.0036119761039917
roll_2,validation,HGB,2,42,2019-05-07,96,0.972445930440279,1.9758906702741
roll_2,validation,HGB,2,42,2019-05-08,96,1.2572809860241492,1.9111579987651497
roll_2,validation,HGB,2,42,2019-05-09,96,0.5890011992602607,0.9466084229765324
roll_2,validation,HGB,2,42,2019-05-10,96,1.939849871215655,3.6887046018422676
roll_2,evaluation,HGB,2,42,2019-05-11,92,1.0554247872146143,2.0158172899150864
roll_2,evaluation,HGB,2,42,2019-05-12,96,2.6000781265347634,5.01028341101814
roll_2,evaluation,HGB,2,42,2019-05-13,96,0.9017706118719673,1.4886854628198458
roll_2,evaluation,HGB,2,42,2019-05-14,96,1.4368883165771393,2.2541984046394314
roll_2,evaluation,HGB,2,42,2019-05-15,96,1.17541060626841,1.965773052371502
roll_2,evaluation,HGB,2,42,2019-05-16,96,1.1565657261281654,1.8490911083299206
roll_2,evaluation,HGB,2,42,2019-05-17,96,0.6710760247246609,1.0868298500811207
roll_2,evaluation,HGB,2,42,2019-05-18,96,0.8749296324416275,1.4040952543811602
roll_2,evaluation,HGB,2,42,2019-05-19,96,1.8868740739129537,2.970018088252347
roll_2,evaluation,HGB,2,42,2019-05-20,96,0.6748608613137717,1.0824559495610953
roll_2,validation,GRU,2,17,2019-05-01,92,1.6576875944423624,3.2035270198078325
roll_2,validation,GRU,2,17,2019-05-02,96,0.7738437536713828,1.0680325723728337
roll_2,validation,GRU,2,17,2019-05-03,96,1.34400961927801,2.377391573928653
roll_2,validation,GRU,2,17,2019-05-04,96,0.9310614483092806,1.4912846107324007
roll_2,validation,GRU,2,17,2019-05-05,96,2.0824152294044493,3.5172918236347153
roll_2,validation,GRU,2,17,2019-05-06,96,1.3021507879053063,2.0693982526299664
roll_2,validation,GRU,2,17,2019-05-07,96,1.0781697630182692,1.8892643819645183
roll_2,validation,GRU,2,17,2019-05-08,96,0.8399263135011198,1.2426386595134153
roll_2,validation,GRU,2,17,2019-05-09,96,0.8843099295287978,1.409763521424733
roll_2,validation,GRU,2,17,2019-05-10,96,2.114732764496894,3.6838625739482933
roll_2,evaluation,GRU,2,17,2019-05-11,92,1.208552419284552,2.0724965499823536
roll_2,evaluation,GRU,2,17,2019-05-12,96,2.7941387493855,5.326196952522505
roll_2,evaluation,GRU,2,17,2019-05-13,96,1.3905395136161978,2.1785258510717975
roll_2,evaluation,GRU,2,17,2019-05-14,96,1.3573453147026822,2.4518666110063023
roll_2,evaluation,GRU,2,17,2019-05-15,96,1.2561019228988297,2.3800336186705344
roll_2,evaluation,GRU,2,17,2019-05-16,96,1.4447969542563384,2.3646246069601924
roll_2,evaluation,GRU,2,17,2019-05-17,96,0.8554516796126191,1.4390035707478317
roll_2,evaluation,GRU,2,17,2019-05-18,96,0.8901143597995552,1.564478405080078
roll_2,evaluation,GRU,2,17,2019-05-19,96,2.032208304924746,3.3739252542536513
roll_2,evaluation,GRU,2,17,2019-05-20,96,1.3644668976424086,1.9012798231216017
roll_2,validation,GRU,2,42,2019-05-01,92,1.6584582418708842,3.1255521704106215
roll_2,validation,GRU,2,42,2019-05-02,96,0.8959310782872238,1.166570881765932
roll_2,validation,GRU,2,42,2019-05-03,96,1.6093527858349521,2.493827967313631
roll_2,validation,GRU,2,42,2019-05-04,96,1.1087787583157025,1.5560807005582826
roll_2,validation,GRU,2,42,2019-05-05,96,1.9727569973718346,3.1191592723437487
roll_2,validation,GRU,2,42,2019-05-06,96,1.4603824199388,2.1149185995160837
roll_2,validation,GRU,2,42,2019-05-07,96,1.2595623088412709,1.9049931592265252
roll_2,validation,GRU,2,42,2019-05-08,96,1.2644967693134759,1.558319577401176
roll_2,validation,GRU,2,42,2019-05-09,96,1.0433145073836945,1.26152120357474
roll_2,validation,GRU,2,42,2019-05-10,96,2.433934171992972,3.9342759228619335
roll_2,evaluation,GRU,2,42,2019-05-11,92,1.612164782733951,2.376108076764728
roll_2,evaluation,GRU,2,42,2019-05-12,96,3.4293080940603904,5.648395903452437
roll_2,evaluation,GRU,2,42,2019-05-13,96,1.4024767170030377,1.9963010012434634
roll_2,evaluation,GRU,2,42,2019-05-14,96,1.7870907573017867,2.3032132260852007
roll_2,evaluation,GRU,2,42,2019-05-15,96,1.778297407599646,2.5653452204591387
roll_2,evaluation,GRU,2,42,2019-05-16,96,1.7701204864846318,2.2751153405772904
roll_2,evaluation,GRU,2,42,2019-05-17,96,1.2478544403931302,1.4273685894829151
roll_2,evaluation,GRU,2,42,2019-05-18,96,1.7362620878818955,2.1470391435779046
roll_2,evaluation,GRU,2,42,2019-05-19,96,2.390909429822326,3.1219321411713197
roll_2,evaluation,GRU,2,42,2019-05-20,96,1.7018325365602174,1.954124087971881
roll_2,validation,GRU,2,2026,2019-05-01,92,1.536293089046261,3.0222194219216942
roll_2,validation,GRU,2,2026,2019-05-02,96,0.6297338805119183,1.022350117224838
roll_2,validation,GRU,2,2026,2019-05-03,96,1.3406312267221177,2.412277934469713
roll_2,validation,GRU,2,2026,2019-05-04,96,0.8344293724861057,1.4599290814593322
roll_2,validation,GRU,2,2026,2019-05-05,96,2.158374855723714,3.788291058652524
roll_2,validation,GRU,2,2026,2019-05-06,96,1.294636391255443,2.0698350393569385
roll_2,validation,GRU,2,2026,2019-05-07,96,1.1678767527594467,2.116948017233106
roll_2,validation,GRU,2,2026,2019-05-08,96,0.7764530413900915,1.134643996785283
roll_2,validation,GRU,2,2026,2019-05-09,96,0.8201657694880193,1.2867911460300583
roll_2,validation,GRU,2,2026,2019-05-10,96,2.369645914716877,3.932117425838116
roll_2,evaluation,GRU,2,2026,2019-05-11,92,1.1657264311644384,2.0223665961277524
roll_2,evaluation,GRU,2,2026,2019-05-12,96,2.8953387200158804,5.448813644118673
roll_2,evaluation,GRU,2,2026,2019-05-13,96,1.3427101512944486,2.0899359282651426
roll_2,evaluation,GRU,2,2026,2019-05-14,96,1.4815149509929244,2.5203898743952786
roll_2,evaluation,GRU,2,2026,2019-05-15,96,1.1996413946192959,2.3436858946534658
roll_2,evaluation,GRU,2,2026,2019-05-16,96,1.6394619114417164,2.683999348542532
roll_2,evaluation,GRU,2,2026,2019-05-17,96,0.5546029822103778,0.8880836518133817
roll_2,evaluation,GRU,2,2026,2019-05-18,96,1.08303094012329,1.7865754047490194
roll_2,evaluation,GRU,2,2026,2019-05-19,96,2.0762557119203757,3.210282741123931
roll_2,evaluation,GRU,2,2026,2019-05-20,96,1.26805962939848,1.6997433374827664
roll_2,validation,HGB,4,42,2019-05-01,92,1.409520651308604,2.8447816371998726
roll_2,validation,HGB,4,42,2019-05-02,96,0.7442909740120717,1.2022401474752509
roll_2,validation,HGB,4,42,2019-05-03,96,1.1717983006854806,2.09309509861522
roll_2,validation,HGB,4,42,2019-05-04,96,0.9177192762388233,1.547547436598522
roll_2,validation,HGB,4,42,2019-05-05,96,2.6234925476415514,4.4294597361608865
roll_2,validation,HGB,4,42,2019-05-06,96,0.9965499167370776,1.563574786602863
roll_2,validation,HGB,4,42,2019-05-07,96,0.9875515209176754,1.8466609538260788
roll_2,validation,HGB,4,42,2019-05-08,96,1.1041323021992728,1.545725838141451
roll_2,validation,HGB,4,42,2019-05-09,96,0.9654977255130728,1.5402157434363257
roll_2,validation,HGB,4,42,2019-05-10,96,2.2074509511095846,3.952182841506488
roll_2,evaluation,HGB,4,42,2019-05-11,92,1.0844612399226403,2.0672155544875483
roll_2,evaluation,HGB,4,42,2019-05-12,96,2.553477292986039,4.875903335591151
roll_2,evaluation,HGB,4,42,2019-05-13,96,0.8864185067459128,1.486197834356424
roll_2,evaluation,HGB,4,42,2019-05-14,96,1.3228519924174922,2.1834734827980378
roll_2,evaluation,HGB,4,42,2019-05-15,96,1.2185016190055753,2.1088251904588673
roll_2,evaluation,HGB,4,42,2019-05-16,96,1.2507045070285707,1.9782219890477615
roll_2,evaluation,HGB,4,42,2019-05-17,96,0.7235122819109204,1.1979405917365988
roll_2,evaluation,HGB,4,42,2019-05-18,96,1.035192453776588,1.6328207142849676
roll_2,evaluation,HGB,4,42,2019-05-19,96,1.8407138824479639,2.848519480214789
roll_2,evaluation,HGB,4,42,2019-05-20,96,0.7220406888457559,1.1356400369880064
roll_2,validation,GRU,4,17,2019-05-01,92,1.8062039598442508,3.1672935233314874
roll_2,validation,GRU,4,17,2019-05-02,96,0.8955156821588561,1.1848189062243963
roll_2,validation,GRU,4,17,2019-05-03,96,1.3904152343150191,2.40143241916707
roll_2,validation,GRU,4,17,2019-05-04,96,1.0777143510950724,1.5588895498068112
roll_2,validation,GRU,4,17,2019-05-05,96,2.3914952949424735,3.9823011941800353
roll_2,validation,GRU,4,17,2019-05-06,96,1.6155677069582726,2.4512715522710735
roll_2,validation,GRU,4,17,2019-05-07,96,1.3821112377432474,2.3162309350038646
roll_2,validation,GRU,4,17,2019-05-08,96,1.051198436306648,1.4460937960460787
roll_2,validation,GRU,4,17,2019-05-09,96,1.0675469008643776,1.6157604460126582
roll_2,validation,GRU,4,17,2019-05-10,96,2.423649351011487,3.7713453672051815
roll_2,evaluation,GRU,4,17,2019-05-11,92,1.4614915349383253,2.2248374335974086
roll_2,evaluation,GRU,4,17,2019-05-12,96,2.8921058517005593,5.281656274542099
roll_2,evaluation,GRU,4,17,2019-05-13,96,1.6630179234369995,2.5057866617664524
roll_2,evaluation,GRU,4,17,2019-05-14,96,1.609188100996372,2.668332455901516
roll_2,evaluation,GRU,4,17,2019-05-15,96,1.4141776595582016,2.5390120155186366
roll_2,evaluation,GRU,4,17,2019-05-16,96,1.6981391167295887,2.6726708575753846
roll_2,evaluation,GRU,4,17,2019-05-17,96,1.13005177554913,1.879169135897519
roll_2,evaluation,GRU,4,17,2019-05-18,96,0.9178903896870475,1.5306398233780019
roll_2,evaluation,GRU,4,17,2019-05-19,96,2.5251653638984983,4.040285614325402
roll_2,evaluation,GRU,4,17,2019-05-20,96,1.752944059688107,2.4670704163064086
roll_2,validation,GRU,4,42,2019-05-01,92,1.7654344970698772,3.12274251080422
roll_2,validation,GRU,4,42,2019-05-02,96,0.8817150848288033,1.2006528007840143
roll_2,validation,GRU,4,42,2019-05-03,96,1.5803121585868747,2.598552756934959
roll_2,validation,GRU,4,42,2019-05-04,96,1.0877847680675863,1.5524751991459587
roll_2,validation,GRU,4,42,2019-05-05,96,2.178248202965756,3.5389854180212312
roll_2,validation,GRU,4,42,2019-05-06,96,1.708889611943123,2.443601660338115
roll_2,validation,GRU,4,42,2019-05-07,96,1.4831609001620538,2.349636417730247
roll_2,validation,GRU,4,42,2019-05-08,96,1.352463567483824,1.7101160841471224
roll_2,validation,GRU,4,42,2019-05-09,96,1.0965923605855108,1.4356513410928369
roll_2,validation,GRU,4,42,2019-05-10,96,2.59073735510996,3.941572292348161
roll_2,evaluation,GRU,4,42,2019-05-11,92,1.7514537442999514,2.3995388288476165
roll_2,evaluation,GRU,4,42,2019-05-12,96,3.2782523944963216,5.593311764557494
roll_2,evaluation,GRU,4,42,2019-05-13,96,1.553168291603441,2.110607775425597
roll_2,evaluation,GRU,4,42,2019-05-14,96,1.719042495617855,2.396278081806143
roll_2,evaluation,GRU,4,42,2019-05-15,96,1.7066560059233407,2.5359685478747114
roll_2,evaluation,GRU,4,42,2019-05-16,96,1.7531899936065207,2.3571182831511273
roll_2,evaluation,GRU,4,42,2019-05-17,96,1.1319271809829672,1.2797147442133334
roll_2,evaluation,GRU,4,42,2019-05-18,96,1.6026918686445224,2.059359455752794
roll_2,evaluation,GRU,4,42,2019-05-19,96,2.5189555197128755,3.380162466776303
roll_2,evaluation,GRU,4,42,2019-05-20,96,1.6878365312280061,1.909918975436281
roll_2,validation,GRU,4,2026,2019-05-01,92,1.4687590569691173,2.7062596028636814
roll_2,validation,GRU,4,2026,2019-05-02,96,0.8749066561571236,1.3939630451309482
roll_2,validation,GRU,4,2026,2019-05-03,96,1.2632146185470325,2.2520359679505946
roll_2,validation,GRU,4,2026,2019-05-04,96,1.0281425741402073,1.7166299839285815
roll_2,validation,GRU,4,2026,2019-05-05,96,2.895600754714515,5.032152849762668
roll_2,validation,GRU,4,2026,2019-05-06,96,1.1434265575115108,1.7322222695053744
roll_2,validation,GRU,4,2026,2019-05-07,96,1.148502366740469,1.9730828398770888
roll_2,validation,GRU,4,2026,2019-05-08,96,1.1936264168186554,1.521108233841735
roll_2,validation,GRU,4,2026,2019-05-09,96,0.6636631435257284,1.0394019274129982
roll_2,validation,GRU,4,2026,2019-05-10,96,2.805459221441025,4.305442321423305
roll_2,evaluation,GRU,4,2026,2019-05-11,92,1.269475577329506,1.9301912957760774
roll_2,evaluation,GRU,4,2026,2019-05-12,96,3.2082334622598494,5.000484166447847
roll_2,evaluation,GRU,4,2026,2019-05-13,96,1.349174211332386,2.0049112007891114
roll_2,evaluation,GRU,4,2026,2019-05-14,96,1.7508842365903063,2.6416911265121525
roll_2,evaluation,GRU,4,2026,2019-05-15,96,1.4619766704413817,2.521991486773089
roll_2,evaluation,GRU,4,2026,2019-05-16,96,1.9342215833408982,2.987228549180043
roll_2,evaluation,GRU,4,2026,2019-05-17,96,0.6102206848991457,0.9017431570033054
roll_2,evaluation,GRU,4,2026,2019-05-18,96,1.3255052738744233,1.9514235637904978
roll_2,evaluation,GRU,4,2026,2019-05-19,96,2.858147840660696,3.6937705730637616
roll_2,evaluation,GRU,4,2026,2019-05-20,96,1.3961094797292575,1.787459612466098
roll_3,validation,persistence,1,0,2019-05-15,92,2.1424615,3.440053516241676
roll_3,validation,persistence,1,0,2019-05-16,96,2.2981877083333333,3.5402002686617564
roll_3,validation,persistence,1,0,2019-05-17,96,2.054667885416667,3.1690354811001398
roll_3,validation,persistence,1,0,2019-05-18,96,1.141795041666667,1.8112422471175573
roll_3,validation,persistence,1,0,2019-05-19,96,3.011346895833333,4.820014069140276
roll_3,validation,persistence,1,0,2019-05-20,96,2.57510121875,3.8767397988994072
roll_3,validation,persistence,1,0,2019-05-21,96,3.016392489583333,4.509362321139303
roll_3,validation,persistence,1,0,2019-05-22,96,2.4728072083333332,3.7307192412230594
roll_3,validation,persistence,1,0,2019-05-23,96,2.3176580729166667,3.5296895204496286
roll_3,validation,persistence,1,0,2019-05-24,96,3.4851189999999996,6.191998276488126
roll_3,validation,persistence,1,0,2019-05-25,96,2.16944990625,3.2667148881652195
roll_3,validation,persistence,1,0,2019-05-26,96,2.5701280208333332,4.039383644287422
roll_3,validation,persistence,1,0,2019-05-27,96,2.5331927708333333,4.110010194547218
roll_3,validation,persistence,1,0,2019-05-28,96,2.4343242291666667,3.6533970294887967
roll_3,validation,persistence,1,0,2019-05-29,96,2.315306,3.788742446679477
roll_3,evaluation,persistence,1,0,2019-05-30,92,3.954813130434783,6.954508531934372
roll_3,evaluation,persistence,1,0,2019-06-01,77,2.301958948051948,4.0473295623182235
roll_3,evaluation,persistence,1,0,2019-06-02,96,2.1972605520833333,3.357472428670678
roll_3,evaluation,persistence,1,0,2019-06-03,96,2.2381292916666666,3.343922161717092
roll_3,evaluation,persistence,1,0,2019-06-04,96,3.3834921770833333,6.363398213736027
roll_3,evaluation,persistence,1,0,2019-06-05,96,0.7063104375,1.2174261728168316
roll_3,evaluation,persistence,1,0,2019-06-06,96,1.3935622812500001,2.2588143833411376
roll_3,evaluation,persistence,1,0,2019-06-07,96,2.5733796041666666,4.589413185166188
roll_3,evaluation,persistence,1,0,2019-06-08,96,2.9454452395833335,5.122421279609515
roll_3,evaluation,persistence,1,0,2019-06-09,96,2.4817302395833334,3.717412804795571
roll_3,evaluation,persistence,1,0,2019-06-10,96,3.1818535000000003,5.321542929158755
roll_3,evaluation,persistence,1,0,2019-06-11,96,2.1381333437500003,3.198404539563328
roll_3,evaluation,persistence,1,0,2019-06-12,96,2.0326388437499996,3.504511275639855
roll_3,evaluation,persistence,1,0,2019-06-13,64,3.907107640625,6.406876302190089
roll_3,validation,HGB,1,42,2019-05-15,92,1.3187296658263497,2.6300419456390856
roll_3,validation,HGB,1,42,2019-05-16,96,1.3256685847141272,2.1984175025139217
roll_3,validation,HGB,1,42,2019-05-17,96,0.9584159260661199,1.5709210871420696
roll_3,validation,HGB,1,42,2019-05-18,96,0.8914584209778681,1.5093505386036288
roll_3,validation,HGB,1,42,2019-05-19,96,1.6991640338703486,2.939792971935029
roll_3,validation,HGB,1,42,2019-05-20,96,0.3783443640657011,0.6003610521005497
roll_3,validation,HGB,1,42,2019-05-21,96,1.5458310960649702,3.042402560706453
roll_3,validation,HGB,1,42,2019-05-22,96,0.4246849334395195,0.7070937855165554
roll_3,validation,HGB,1,42,2019-05-23,96,0.583148460740398,0.9884691535328303
roll_3,validation,HGB,1,42,2019-05-24,96,2.68524448405608,4.959438066431444
roll_3,validation,HGB,1,42,2019-05-25,96,0.8987583160297853,1.5793372652026363
roll_3,validation,HGB,1,42,2019-05-26,96,2.165513801121724,3.607457613561601
roll_3,validation,HGB,1,42,2019-05-27,96,0.7477682135474663,1.4718945589587524
roll_3,validation,HGB,1,42,2019-05-28,96,0.4285303750736354,0.6682823543011939
roll_3,validation,HGB,1,42,2019-05-29,96,0.8762197585626254,1.5845492653870061
roll_3,evaluation,HGB,1,42,2019-05-30,92,2.592937912023468,5.156761031487096
roll_3,evaluation,HGB,1,42,2019-06-01,77,1.0703828104061037,2.1001325307916354
roll_3,evaluation,HGB,1,42,2019-06-02,96,0.960339322798775,1.558129582420143
roll_3,evaluation,HGB,1,42,2019-06-03,96,0.5124188515318684,0.8100280233855305
roll_3,evaluation,HGB,1,42,2019-06-04,96,2.7726679842373727,5.338046522074984
roll_3,evaluation,HGB,1,42,2019-06-05,96,0.8538521906481652,1.4190844307815222
roll_3,evaluation,HGB,1,42,2019-06-06,96,1.5459162773945014,2.3958685555007233
roll_3,evaluation,HGB,1,42,2019-06-07,96,1.8823547278963624,3.3707293668667204
roll_3,evaluation,HGB,1,42,2019-06-08,96,1.5918579015285808,3.0921666849606986
roll_3,evaluation,HGB,1,42,2019-06-09,96,0.8749332463387859,1.334534224207937
roll_3,evaluation,HGB,1,42,2019-06-10,96,2.2599727001914562,4.0101158351675785
roll_3,evaluation,HGB,1,42,2019-06-11,96,0.8636256940204228,1.4873146850264474
roll_3,evaluation,HGB,1,42,2019-06-12,96,1.5452698380256764,2.7826204521371785
roll_3,evaluation,HGB,1,42,2019-06-13,64,2.97753606161032,4.51668978330541
roll_3,validation,GRU,1,17,2019-05-15,92,1.0953935921302436,2.147339202962843
roll_3,validation,GRU,1,17,2019-05-16,96,0.9165924890563142,1.547698485274582
roll_3,validation,GRU,1,17,2019-05-17,96,0.6022511609767577,1.0048981807302348
roll_3,validation,GRU,1,17,2019-05-18,96,0.8633020945773008,1.507591952153489
roll_3,validation,GRU,1,17,2019-05-19,96,1.634597654429576,2.7685071280928755
roll_3,validation,GRU,1,17,2019-05-20,96,0.6251117474869192,0.904377781942545
roll_3,validation,GRU,1,17,2019-05-21,96,1.3318826083954869,2.5526403108278632
roll_3,validation,GRU,1,17,2019-05-22,96,0.7214597564147985,1.1810197033645962
roll_3,validation,GRU,1,17,2019-05-23,96,0.7159806288260827,1.2338507856957004
roll_3,validation,GRU,1,17,2019-05-24,96,2.6153115153627957,4.908359924055642
roll_3,validation,GRU,1,17,2019-05-25,96,0.718386268951749,1.2560068672452676
roll_3,validation,GRU,1,17,2019-05-26,96,1.9865256513286778,3.3176406729336883
roll_3,validation,GRU,1,17,2019-05-27,96,1.0828245156004634,1.7099540306840777
roll_3,validation,GRU,1,17,2019-05-28,96,0.47979971843954927,0.6932775414981743
roll_3,validation,GRU,1,17,2019-05-29,96,0.936529136767232,1.6858298323591732
roll_3,evaluation,GRU,1,17,2019-05-30,92,2.64998457373717,5.131256359915511
roll_3,evaluation,GRU,1,17,2019-06-01,77,1.4000837545455491,2.9332993596305132
roll_3,evaluation,GRU,1,17,2019-06-02,96,1.1602386128712197,1.7821349239859665
roll_3,evaluation,GRU,1,17,2019-06-03,96,1.0478414642708416,1.6049218706718655
roll_3,evaluation,GRU,1,17,2019-06-04,96,2.4958932240313563,4.977076399510835
roll_3,evaluation,GRU,1,17,2019-06-05,96,0.785347160950626,1.235315668498166
roll_3,evaluation,GRU,1,17,2019-06-06,96,1.3212675774170037,2.027886162967027
roll_3,evaluation,GRU,1,17,2019-06-07,96,2.174715747243377,3.7810420950908044
roll_3,evaluation,GRU,1,17,2019-06-08,96,1.8226116633650211,3.5434470368889928
roll_3,evaluation,GRU,1,17,2019-06-09,96,1.4938792251096018,2.220880272942561
roll_3,evaluation,GRU,1,17,2019-06-10,96,2.312391780231339,4.036644505483155
roll_3,evaluation,GRU,1,17,2019-06-11,96,1.1337938144724518,1.6841814543706746
roll_3,evaluation,GRU,1,17,2019-06-12,96,1.516674659930727,2.6962587338096156
roll_3,evaluation,GRU,1,17,2019-06-13,64,2.901647975662086,4.76789567942172
roll_3,validation,GRU,1,42,2019-05-15,92,1.2770674811435094,2.374660058101021
roll_3,validation,GRU,1,42,2019-05-16,96,1.02861626864931,1.6997348729994974
roll_3,validation,GRU,1,42,2019-05-17,96,0.6901891558950792,0.9375511861563443
roll_3,validation,GRU,1,42,2019-05-18,96,1.0738494940071306,1.5897609144889362
roll_3,validation,GRU,1,42,2019-05-19,96,1.8515091888558253,2.8001402560268445
roll_3,validation,GRU,1,42,2019-05-20,96,0.8148369950462486,0.9830505868994188
roll_3,validation,GRU,1,42,2019-05-21,96,1.5251301615025799,2.515441907368965
roll_3,validation,GRU,1,42,2019-05-22,96,0.7992641244205089,0.9881383401309508
roll_3,validation,GRU,1,42,2019-05-23,96,1.101516313009272,1.4984867911415984
roll_3,validation,GRU,1,42,2019-05-24,96,2.7329761676236934,4.889449877525399
roll_3,validation,GRU,1,42,2019-05-25,96,0.7774490927548877,1.152358526266826
roll_3,validation,GRU,1,42,2019-05-26,96,1.7428576560976186,2.7441691559299635
roll_3,validation,GRU,1,42,2019-05-27,96,1.2761086011821925,1.7122658079901378
roll_3,validation,GRU,1,42,2019-05-28,96,1.4303855984424168,1.5809598750995741
roll_3,validation,GRU,1,42,2019-05-29,96,1.4704552109880396,1.939310898578677
roll_3,evaluation,GRU,1,42,2019-05-30,92,3.0943160169566144,5.5359535669269855
roll_3,evaluation,GRU,1,42,2019-06-01,77,1.2711317179411055,2.4556765361313575
roll_3,evaluation,GRU,1,42,2019-06-02,96,1.036373513257578,1.3736257649870518
roll_3,evaluation,GRU,1,42,2019-06-03,96,1.0118910471668194,1.216354289441561
roll_3,evaluation,GRU,1,42,2019-06-04,96,3.1495036955368447,5.330205205615563
roll_3,evaluation,GRU,1,42,2019-06-05,96,1.896117902376771,2.298905633281675
roll_3,evaluation,GRU,1,42,2019-06-06,96,2.103637822004693,2.5615757641745693
roll_3,evaluation,GRU,1,42,2019-06-07,96,2.755638876668724,4.177456755522181
roll_3,evaluation,GRU,1,42,2019-06-08,96,2.1375868718832494,3.659206816727806
roll_3,evaluation,GRU,1,42,2019-06-09,96,1.4345129334713278,1.7352646293466651
roll_3,evaluation,GRU,1,42,2019-06-10,96,2.8377281364329257,4.17441477734526
roll_3,evaluation,GRU,1,42,2019-06-11,96,1.1825216423977762,1.5202127216374408
roll_3,evaluation,GRU,1,42,2019-06-12,96,1.888918568371241,2.444018672319402
roll_3,evaluation,GRU,1,42,2019-06-13,64,3.835241872147023,5.463104683075219
roll_3,validation,GRU,1,2026,2019-05-15,92,1.2661476560101566,2.3656423296889404
roll_3,validation,GRU,1,2026,2019-05-16,96,1.1861743008546073,2.0257534428534734
roll_3,validation,GRU,1,2026,2019-05-17,96,0.6567997348468642,0.9329906607368101
roll_3,validation,GRU,1,2026,2019-05-18,96,1.0640317785331874,1.623026725771359
roll_3,validation,GRU,1,2026,2019-05-19,96,1.8141110047745694,2.9380103831040745
roll_3,validation,GRU,1,2026,2019-05-20,96,0.7913946066158134,1.1367977883399856
roll_3,validation,GRU,1,2026,2019-05-21,96,1.413470703386648,2.647477355046981
roll_3,validation,GRU,1,2026,2019-05-22,96,0.614839656952403,0.9121838801319425
roll_3,validation,GRU,1,2026,2019-05-23,96,0.5856878062445445,0.9900129406659175
roll_3,validation,GRU,1,2026,2019-05-24,96,2.6805239638752645,4.7425398416722935
roll_3,validation,GRU,1,2026,2019-05-25,96,0.6355670980414088,1.0478477752619804
roll_3,validation,GRU,1,2026,2019-05-26,96,1.859061183682143,2.9619859354754734
roll_3,validation,GRU,1,2026,2019-05-27,96,1.4094186115905096,1.953336009156535
roll_3,validation,GRU,1,2026,2019-05-28,96,0.5396147097721692,0.733297346607751
roll_3,validation,GRU,1,2026,2019-05-29,96,0.9991690255748429,1.7068818232303073
roll_3,evaluation,GRU,1,2026,2019-05-30,92,2.921653683077594,5.258545391325094
roll_3,evaluation,GRU,1,2026,2019-06-01,77,1.3095345877157836,2.4806806402503163
roll_3,evaluation,GRU,1,2026,2019-06-02,96,0.783907706527402,1.1859833325179205
roll_3,evaluation,GRU,1,2026,2019-06-03,96,0.8876298726908267,1.1756522409438266
roll_3,evaluation,GRU,1,2026,2019-06-04,96,2.749962076574048,4.762895637153425
roll_3,evaluation,GRU,1,2026,2019-06-05,96,1.3413180663466555,2.011534829132257
roll_3,evaluation,GRU,1,2026,2019-06-06,96,1.636107920426249,2.259438327067365
roll_3,evaluation,GRU,1,2026,2019-06-07,96,2.2166585040738993,3.8655194937455213
roll_3,evaluation,GRU,1,2026,2019-06-08,96,1.740883682682593,3.1911671496835887
roll_3,evaluation,GRU,1,2026,2019-06-09,96,1.3261102784907968,1.9419669251701284
roll_3,evaluation,GRU,1,2026,2019-06-10,96,2.525252998260578,3.895525358750756
roll_3,evaluation,GRU,1,2026,2019-06-11,96,0.7726896516873225,1.1085271325228172
roll_3,evaluation,GRU,1,2026,2019-06-12,96,1.5738921557301382,2.6662552100257826
roll_3,evaluation,GRU,1,2026,2019-06-13,64,3.1276433329872413,4.710062709262859
roll_3,validation,HGB,2,42,2019-05-15,92,1.250438413400819,2.4833371110547926
roll_3,validation,HGB,2,42,2019-05-16,96,1.5705272496114413,2.7413018043395807
roll_3,validation,HGB,2,42,2019-05-17,96,1.0674690949537033,1.8782285500475784
roll_3,validation,HGB,2,42,2019-05-18,96,0.8654806371541651,1.4154604452455763
roll_3,validation,HGB,2,42,2019-05-19,96,1.7696551941714214,3.019236086299627
roll_3,validation,HGB,2,42,2019-05-20,96,0.566713846472319,0.842796111209344
roll_3,validation,HGB,2,42,2019-05-21,96,1.661449010769162,3.3387251328686536
roll_3,validation,HGB,2,42,2019-05-22,96,0.5790059553505997,0.9322969029225457
roll_3,validation,HGB,2,42,2019-05-23,96,0.711493486256057,1.2659599622295168
roll_3,validation,HGB,2,42,2019-05-24,96,2.6716956847478426,4.791146501952456
roll_3,validation,HGB,2,42,2019-05-25,96,1.011576312276523,1.715671364246609
roll_3,validation,HGB,2,42,2019-05-26,96,2.1905098833593413,3.761637237528817
roll_3,validation,HGB,2,42,2019-05-27,96,0.7860596067120293,1.4660700754609084
roll_3,validation,HGB,2,42,2019-05-28,96,0.5638763656393849,0.9909823123071733
roll_3,validation,HGB,2,42,2019-05-29,96,1.1445368564886895,2.060045885989009
roll_3,evaluation,HGB,2,42,2019-05-30,92,2.3630438082712293,4.818614682278819
roll_3,evaluation,HGB,2,42,2019-06-01,77,1.123981542503927,2.102449161745323
roll_3,evaluation,HGB,2,42,2019-06-02,96,1.272028594122161,2.176939756835852
roll_3,evaluation,HGB,2,42,2019-06-03,96,0.6804777669578023,1.2046509695646668
roll_3,evaluation,HGB,2,42,2019-06-04,96,2.643993507025358,5.228488812618765
roll_3,evaluation,HGB,2,42,2019-06-05,96,0.8366869930449093,1.4719973711864334
roll_3,evaluation,HGB,2,42,2019-06-06,96,1.4366261843494683,2.2977764182085383
roll_3,evaluation,HGB,2,42,2019-06-07,96,1.9297416183059137,3.451165669348669
roll_3,evaluation,HGB,2,42,2019-06-08,96,1.4988836116300817,2.9237232675474774
roll_3,evaluation,HGB,2,42,2019-06-09,96,1.0217959528984941,1.6507355110591297
roll_3,evaluation,HGB,2,42,2019-06-10,96,2.1653755664440886,3.8054455150877353
roll_3,evaluation,HGB,2,42,2019-06-11,96,1.0457384442218054,1.8077179090810453
roll_3,evaluation,HGB,2,42,2019-06-12,96,1.6285681046812643,2.93912552629583
roll_3,evaluation,HGB,2,42,2019-06-13,64,2.9644217622437523,4.354589152907575
roll_3,validation,GRU,2,17,2019-05-15,92,1.205357949815684,2.314126671987809
roll_3,validation,GRU,2,17,2019-05-16,96,1.0284148327115055,1.7031201431008098
roll_3,validation,GRU,2,17,2019-05-17,96,0.6008118000896289,0.9560929894804763
roll_3,validation,GRU,2,17,2019-05-18,96,0.9070516634287612,1.5731622282145565
roll_3,validation,GRU,2,17,2019-05-19,96,1.8274336590094562,3.088651184792874
roll_3,validation,GRU,2,17,2019-05-20,96,1.0081960905496898,1.4968737432440828
roll_3,validation,GRU,2,17,2019-05-21,96,1.4238383849078655,2.8313831620509737
roll_3,validation,GRU,2,17,2019-05-22,96,0.8890554428185039,1.460345377096399
roll_3,validation,GRU,2,17,2019-05-23,96,0.7966418279734714,1.3221560636971317
roll_3,validation,GRU,2,17,2019-05-24,96,2.7179876583129663,5.141992732076732
roll_3,validation,GRU,2,17,2019-05-25,96,0.8185164259333897,1.4012998348144157
roll_3,validation,GRU,2,17,2019-05-26,96,1.7583355446423639,3.087901602356713
roll_3,validation,GRU,2,17,2019-05-27,96,1.517858691399758,2.3380360572544627
roll_3,validation,GRU,2,17,2019-05-28,96,0.6036132701979948,0.8778933743182777
roll_3,validation,GRU,2,17,2019-05-29,96,1.0970664547502447,1.9093113781213205
roll_3,evaluation,GRU,2,17,2019-05-30,92,2.821022063749811,5.4295776374482925
roll_3,evaluation,GRU,2,17,2019-06-01,77,1.452104454935086,3.2135253861545223
roll_3,evaluation,GRU,2,17,2019-06-02,96,1.417206083865553,2.1712111110532466
roll_3,evaluation,GRU,2,17,2019-06-03,96,1.357945558994179,2.0461473845899927
roll_3,evaluation,GRU,2,17,2019-06-04,96,2.5952698260959735,5.138086341451406
roll_3,evaluation,GRU,2,17,2019-06-05,96,0.8638453786741135,1.3868120651289635
roll_3,evaluation,GRU,2,17,2019-06-06,96,1.3200530458026132,2.009458423778827
roll_3,evaluation,GRU,2,17,2019-06-07,96,1.9957509913323346,3.548539880760714
roll_3,evaluation,GRU,2,17,2019-06-08,96,2.07709051207152,3.809495821496173
roll_3,evaluation,GRU,2,17,2019-06-09,96,1.7347806884494028,2.590186649445862
roll_3,evaluation,GRU,2,17,2019-06-10,96,2.4474421178793624,4.303967402575109
roll_3,evaluation,GRU,2,17,2019-06-11,96,1.4232265698103046,2.098089013563929
roll_3,evaluation,GRU,2,17,2019-06-12,96,1.643664730218038,2.9519886042592973
roll_3,evaluation,GRU,2,17,2019-06-13,64,3.008444782235237,4.989888524837323
roll_3,validation,GRU,2,42,2019-05-15,92,1.3865240264888847,2.4223793696108187
roll_3,validation,GRU,2,42,2019-05-16,96,1.2032112516624482,1.7568836161972474
roll_3,validation,GRU,2,42,2019-05-17,96,0.9368282119599779,1.1969250657912012
roll_3,validation,GRU,2,42,2019-05-18,96,1.2278216514809233,1.7919906474594254
roll_3,validation,GRU,2,42,2019-05-19,96,2.134658321795985,3.245397458700698
roll_3,validation,GRU,2,42,2019-05-20,96,0.8793592391940951,1.0472033277546302
roll_3,validation,GRU,2,42,2019-05-21,96,1.520555392603474,2.5176399730983903
roll_3,validation,GRU,2,42,2019-05-22,96,0.9216460275555924,1.1573322362945266
roll_3,validation,GRU,2,42,2019-05-23,96,0.9665993403867298,1.2878753146879711
roll_3,validation,GRU,2,42,2019-05-24,96,2.7988782813462514,4.8046003017478185
roll_3,validation,GRU,2,42,2019-05-25,96,0.9400462687353294,1.3541812282682737
roll_3,validation,GRU,2,42,2019-05-26,96,2.15286923273321,3.131623039168592
roll_3,validation,GRU,2,42,2019-05-27,96,1.7732638858309535,2.1311098094358827
roll_3,validation,GRU,2,42,2019-05-28,96,0.991217716211915,1.1981799500419872
roll_3,validation,GRU,2,42,2019-05-29,96,1.4187746702245,1.9564342744420171
roll_3,evaluation,GRU,2,42,2019-05-30,92,3.069161906925406,5.284834598177208
roll_3,evaluation,GRU,2,42,2019-06-01,77,1.6294417668698389,2.929617720608734
roll_3,evaluation,GRU,2,42,2019-06-02,96,1.3606632329488952,1.7071116187021553
roll_3,evaluation,GRU,2,42,2019-06-03,96,1.2213100135810773,1.4914340087476108
roll_3,evaluation,GRU,2,42,2019-06-04,96,3.251297504637286,5.264774082203443
roll_3,evaluation,GRU,2,42,2019-06-05,96,1.973841887196377,2.426088043634762
roll_3,evaluation,GRU,2,42,2019-06-06,96,2.2328178168665374,2.6890086610090824
roll_3,evaluation,GRU,2,42,2019-06-07,96,2.617406452013361,3.901652329913311
roll_3,evaluation,GRU,2,42,2019-06-08,96,2.120440797134594,3.480213253187528
roll_3,evaluation,GRU,2,42,2019-06-09,96,1.648365549212724,1.9573253341177224
roll_3,evaluation,GRU,2,42,2019-06-10,96,2.7499601473403885,4.024731341159752
roll_3,evaluation,GRU,2,42,2019-06-11,96,1.163002886370023,1.4466172711509453
roll_3,evaluation,GRU,2,42,2019-06-12,96,1.937438119776554,2.514233691139606
roll_3,evaluation,GRU,2,42,2019-06-13,64,3.606098064161263,5.135315579937132
roll_3,validation,GRU,2,2026,2019-05-15,92,1.3011606361985542,2.5233123549935916
roll_3,validation,GRU,2,2026,2019-05-16,96,1.1887406393890705,2.012186228179292
roll_3,validation,GRU,2,2026,2019-05-17,96,0.608385999467738,0.8205323540800037
roll_3,validation,GRU,2,2026,2019-05-18,96,1.027913146537299,1.7067234579396793
roll_3,validation,GRU,2,2026,2019-05-19,96,1.856032000323996,3.009136632923406
roll_3,validation,GRU,2,2026,2019-05-20,96,0.765318932822677,1.0335747491368605
roll_3,validation,GRU,2,2026,2019-05-21,96,1.6665718427134404,3.1557861206978446
roll_3,validation,GRU,2,2026,2019-05-22,96,0.8714983217160777,1.3008080649292
roll_3,validation,GRU,2,2026,2019-05-23,96,0.6744278825704506,1.075452773262189
roll_3,validation,GRU,2,2026,2019-05-24,96,2.817471700546546,5.532795459209012
roll_3,validation,GRU,2,2026,2019-05-25,96,0.7290034607723653,1.2759324462433175
roll_3,validation,GRU,2,2026,2019-05-26,96,1.6916645710556704,3.1361644429153657
roll_3,validation,GRU,2,2026,2019-05-27,96,1.8084586516944927,2.587476374351391
roll_3,validation,GRU,2,2026,2019-05-28,96,0.6941410707369844,1.0002266757512444
roll_3,validation,GRU,2,2026,2019-05-29,96,1.0531780499532115,1.9946210761402492
roll_3,evaluation,GRU,2,2026,2019-05-30,92,3.280035614787869,6.302099866696224
roll_3,evaluation,GRU,2,2026,2019-06-01,77,1.2898210860543253,3.3858309173064667
roll_3,evaluation,GRU,2,2026,2019-06-02,96,1.2004160983039684,1.7687257830857819
roll_3,evaluation,GRU,2,2026,2019-06-03,96,1.4344802997294128,2.132793185011564
roll_3,evaluation,GRU,2,2026,2019-06-04,96,3.00680779787992,5.6650244860051835
roll_3,evaluation,GRU,2,2026,2019-06-05,96,1.3866875005755748,2.2336931095785277
roll_3,evaluation,GRU,2,2026,2019-06-06,96,1.5399836009210697,2.2895761781058073
roll_3,evaluation,GRU,2,2026,2019-06-07,96,1.872224431378419,3.5278196081594886
roll_3,evaluation,GRU,2,2026,2019-06-08,96,2.110557877011766,3.8728886864473426
roll_3,evaluation,GRU,2,2026,2019-06-09,96,1.6452370664018787,2.5250486521953714
roll_3,evaluation,GRU,2,2026,2019-06-10,96,2.3959844817094207,4.381777263497337
roll_3,evaluation,GRU,2,2026,2019-06-11,96,1.1319980439648878,1.6912712995680623
roll_3,evaluation,GRU,2,2026,2019-06-12,96,1.5052142089278302,2.629263648699211
roll_3,evaluation,GRU,2,2026,2019-06-13,64,3.54757663989231,5.621051726561314
roll_3,validation,HGB,4,42,2019-05-15,92,1.2460335987044575,2.4044563852347918
roll_3,validation,HGB,4,42,2019-05-16,96,1.49247263125192,2.7025309007025764
roll_3,validation,HGB,4,42,2019-05-17,96,0.9372783696314301,1.572497614795398
roll_3,validation,HGB,4,42,2019-05-18,96,0.8522142689993691,1.4223785123989636
roll_3,validation,HGB,4,42,2019-05-19,96,2.076651912790695,3.4356469395099536
roll_3,validation,HGB,4,42,2019-05-20,96,0.45256413422346126,0.7382066497077292
roll_3,validation,HGB,4,42,2019-05-21,96,1.657102351662573,3.338705626339451
roll_3,validation,HGB,4,42,2019-05-22,96,0.6846963785687863,1.0890491864291274
roll_3,validation,HGB,4,42,2019-05-23,96,0.6867236746322711,1.13566802327579
roll_3,validation,HGB,4,42,2019-05-24,96,2.6279518817629195,4.686281638064855
roll_3,validation,HGB,4,42,2019-05-25,96,0.8961096009882157,1.5263326774637451
roll_3,validation,HGB,4,42,2019-05-26,96,2.0709082549767817,3.696997651608002
roll_3,validation,HGB,4,42,2019-05-27,96,0.6995332092436515,1.3222026760669097
roll_3,validation,HGB,4,42,2019-05-28,96,0.5262350234189815,0.8948403299991978
roll_3,validation,HGB,4,42,2019-05-29,96,1.0906823997631208,1.984522730152035
roll_3,evaluation,HGB,4,42,2019-05-30,92,2.242984750106906,4.629476273115895
roll_3,evaluation,HGB,4,42,2019-06-01,77,0.8204837702922182,1.6558219945491952
roll_3,evaluation,HGB,4,42,2019-06-02,96,1.16074742338087,1.9202817745268663
roll_3,evaluation,HGB,4,42,2019-06-03,96,0.8223847577270583,1.270886548427098
roll_3,evaluation,HGB,4,42,2019-06-04,96,2.6582787973390904,5.07460564307036
roll_3,evaluation,HGB,4,42,2019-06-05,96,1.0111565517152867,1.733114948060939
roll_3,evaluation,HGB,4,42,2019-06-06,96,1.5877103381729931,2.6222070144667673
roll_3,evaluation,HGB,4,42,2019-06-07,96,2.1393491282886794,3.828516870378285
roll_3,evaluation,HGB,4,42,2019-06-08,96,1.4739678848132332,3.019638478456475
roll_3,evaluation,HGB,4,42,2019-06-09,96,0.9229617255240029,1.5135360370634539
roll_3,evaluation,HGB,4,42,2019-06-10,96,1.9608396504085401,3.3955767112489195
roll_3,evaluation,HGB,4,42,2019-06-11,96,0.8717379827322578,1.507088078692186
roll_3,evaluation,HGB,4,42,2019-06-12,96,1.4974126023125525,2.6746802785731734
roll_3,evaluation,HGB,4,42,2019-06-13,64,2.798119835910505,4.162992939652695
roll_3,validation,GRU,4,17,2019-05-15,92,1.3081042379060883,2.329537710547045
roll_3,validation,GRU,4,17,2019-05-16,96,0.9820141173699749,1.5368672207617038
roll_3,validation,GRU,4,17,2019-05-17,96,0.7623435445586889,1.1285066554133452
roll_3,validation,GRU,4,17,2019-05-18,96,0.9172084920326532,1.595799711826942
roll_3,validation,GRU,4,17,2019-05-19,96,1.9792657590469471,3.207470663262719
roll_3,validation,GRU,4,17,2019-05-20,96,1.1127338895059378,1.677592725934523
roll_3,validation,GRU,4,17,2019-05-21,96,1.549061679585444,2.613508925657528
roll_3,validation,GRU,4,17,2019-05-22,96,1.1557479838537101,1.8802252783587845
roll_3,validation,GRU,4,17,2019-05-23,96,0.9430280482109388,1.5862769327640172
roll_3,validation,GRU,4,17,2019-05-24,96,2.77823333441103,5.0187735197805035
roll_3,validation,GRU,4,17,2019-05-25,96,1.158671036990121,1.793194180147657
roll_3,validation,GRU,4,17,2019-05-26,96,2.0674968818654196,3.2778373723913083
roll_3,validation,GRU,4,17,2019-05-27,96,1.4148153132208734,2.0944754923678093
roll_3,validation,GRU,4,17,2019-05-28,96,0.7688063616507116,1.1160917445452574
roll_3,validation,GRU,4,17,2019-05-29,96,1.3853609618786014,2.286107479754905
roll_3,evaluation,GRU,4,17,2019-05-30,92,2.6340807044548913,4.817102530362958
roll_3,evaluation,GRU,4,17,2019-06-01,77,2.043981235827012,3.6965533627734524
roll_3,evaluation,GRU,4,17,2019-06-02,96,1.8640101367533557,2.8620809176845268
roll_3,evaluation,GRU,4,17,2019-06-03,96,2.049040333717326,2.969231346941361
roll_3,evaluation,GRU,4,17,2019-06-04,96,2.629884957116286,5.0613438646392135
roll_3,evaluation,GRU,4,17,2019-06-05,96,0.7059648149155587,1.1296192279522095
roll_3,evaluation,GRU,4,17,2019-06-06,96,1.424512450373543,2.3474735704115197
roll_3,evaluation,GRU,4,17,2019-06-07,96,2.076434666748115,3.6436744917879
roll_3,evaluation,GRU,4,17,2019-06-08,96,2.7128233678676232,4.314888610645634
roll_3,evaluation,GRU,4,17,2019-06-09,96,2.4931309403762794,3.757607017267906
roll_3,evaluation,GRU,4,17,2019-06-10,96,2.825791373012836,4.752037550417929
roll_3,evaluation,GRU,4,17,2019-06-11,96,2.3794564183118743,3.4769607584950615
roll_3,evaluation,GRU,4,17,2019-06-12,96,2.2379993600435704,3.8897865987748466
roll_3,evaluation,GRU,4,17,2019-06-13,64,2.437783050357044,4.372652724061559
roll_3,validation,GRU,4,42,2019-05-15,92,1.4323909036543256,2.445719763339541
roll_3,validation,GRU,4,42,2019-05-16,96,1.2519230005326571,1.8166016576940391
roll_3,validation,GRU,4,42,2019-05-17,96,0.7598169852058918,1.0067506994710984
roll_3,validation,GRU,4,42,2019-05-18,96,1.1103478187527012,1.8512311232652514
roll_3,validation,GRU,4,42,2019-05-19,96,2.2078513305092056,3.212743893892569
roll_3,validation,GRU,4,42,2019-05-20,96,1.0450054198969305,1.2933390074297442
roll_3,validation,GRU,4,42,2019-05-21,96,1.5550265596889699,2.6355735930312263
roll_3,validation,GRU,4,42,2019-05-22,96,0.9934233030828435,1.2819112494177438
roll_3,validation,GRU,4,42,2019-05-23,96,0.9002816632974273,1.239899296050366
roll_3,validation,GRU,4,42,2019-05-24,96,2.7971034544578974,4.943758744089061
roll_3,validation,GRU,4,42,2019-05-25,96,0.9141261047073229,1.3528546629250777
roll_3,validation,GRU,4,42,2019-05-26,96,2.0265752971271422,3.0724657872842123
roll_3,validation,GRU,4,42,2019-05-27,96,1.8840869299174698,2.2959690896717797
roll_3,validation,GRU,4,42,2019-05-28,96,1.0655238141175012,1.3435927586106897
roll_3,validation,GRU,4,42,2019-05-29,96,1.396281658901304,1.9802670162928875
roll_3,evaluation,GRU,4,42,2019-05-30,92,3.046244488958852,5.399471440664145
roll_3,evaluation,GRU,4,42,2019-06-01,77,1.555563367888407,2.943189232560569
roll_3,evaluation,GRU,4,42,2019-06-02,96,1.3842972767972002,1.8541066144196905
roll_3,evaluation,GRU,4,42,2019-06-03,96,1.328130107767542,1.6676323470552765
roll_3,evaluation,GRU,4,42,2019-06-04,96,3.217881187807315,5.243351559653578
roll_3,evaluation,GRU,4,42,2019-06-05,96,2.120260259152472,2.577036726034815
roll_3,evaluation,GRU,4,42,2019-06-06,96,2.224550051847679,2.713252854807583
roll_3,evaluation,GRU,4,42,2019-06-07,96,2.635508827732903,3.869667058147277
roll_3,evaluation,GRU,4,42,2019-06-08,96,2.163979763132515,3.53123051945186
roll_3,evaluation,GRU,4,42,2019-06-09,96,1.6631908127522614,1.974404296672996
roll_3,evaluation,GRU,4,42,2019-06-10,96,2.6591694357438436,3.9943887715862636
roll_3,evaluation,GRU,4,42,2019-06-11,96,1.153518313577801,1.3914784617967975
roll_3,evaluation,GRU,4,42,2019-06-12,96,1.966556105153496,2.5180414833982927
roll_3,evaluation,GRU,4,42,2019-06-13,64,3.884424042225427,5.404354747559367
roll_3,validation,GRU,4,2026,2019-05-15,92,1.4136539124046512,2.6638355302589454
roll_3,validation,GRU,4,2026,2019-05-16,96,1.2457227140489093,2.0504757660063966
roll_3,validation,GRU,4,2026,2019-05-17,96,0.641915130379354,0.9177730686206788
roll_3,validation,GRU,4,2026,2019-05-18,96,1.061601664445373,1.8118376692983544
roll_3,validation,GRU,4,2026,2019-05-19,96,2.080472492272968,3.192709996029791
roll_3,validation,GRU,4,2026,2019-05-20,96,0.8956953036776235,1.2338479595126588
roll_3,validation,GRU,4,2026,2019-05-21,96,1.6496300820961922,3.2181457116560463
roll_3,validation,GRU,4,2026,2019-05-22,96,0.9844279185094015,1.4891694661969137
roll_3,validation,GRU,4,2026,2019-05-23,96,0.7110887308890025,1.0520454771576604
roll_3,validation,GRU,4,2026,2019-05-24,96,2.798340753573487,5.424227903543403
roll_3,validation,GRU,4,2026,2019-05-25,96,0.7396803637368904,1.3937256790863326
roll_3,validation,GRU,4,2026,2019-05-26,96,1.8761973632448814,3.2762291392801295
roll_3,validation,GRU,4,2026,2019-05-27,96,1.994815502827761,2.757687908634922
roll_3,validation,GRU,4,2026,2019-05-28,96,1.0033208716426534,1.3824280629250438
roll_3,validation,GRU,4,2026,2019-05-29,96,1.1742113391742308,2.130338609234159
roll_3,evaluation,GRU,4,2026,2019-05-30,92,3.186676466283627,6.106398508525665
roll_3,evaluation,GRU,4,2026,2019-06-01,77,1.4235779352532067,3.4295732500553533
roll_3,evaluation,GRU,4,2026,2019-06-02,96,1.2220780589739804,1.8771293683288452
roll_3,evaluation,GRU,4,2026,2019-06-03,96,1.4495276614844002,2.2355919512134523
roll_3,evaluation,GRU,4,2026,2019-06-04,96,2.9636836847835384,5.461305062191515
roll_3,evaluation,GRU,4,2026,2019-06-05,96,1.8077754249520577,2.796312486129519
roll_3,evaluation,GRU,4,2026,2019-06-06,96,1.7289708269822572,2.545923422202752
roll_3,evaluation,GRU,4,2026,2019-06-07,96,1.8870747011294275,3.4384441228436713
roll_3,evaluation,GRU,4,2026,2019-06-08,96,1.9558386624191648,3.7389922780428217
roll_3,evaluation,GRU,4,2026,2019-06-09,96,1.6997222917045256,2.73369756089087
roll_3,evaluation,GRU,4,2026,2019-06-10,96,2.3386171181440356,4.284729123318152
roll_3,evaluation,GRU,4,2026,2019-06-11,96,1.015893076724872,1.5842373801668608
roll_3,evaluation,GRU,4,2026,2019-06-12,96,1.6000163727376362,2.6720136186369383
roll_3,evaluation,GRU,4,2026,2019-06-13,64,3.651582332398653,5.611407807800506
