model,scope,fold,alpha,RMSE_change_pct
HGB,all,roll_1,1,0.0
HGB,all,roll_1,2,7.87752005726321
HGB,all,roll_1,4,19.597786790125717
HGB,all,roll_2,1,0.0
HGB,all,roll_2,2,-0.637525308402509
HGB,all,roll_2,4,-0.6480660779020098
HGB,all,roll_3,1,0.0
HGB,all,roll_3,2,-0.6568373371319991
HGB,all,roll_3,4,-3.285821618144036
HGB,day_stable,roll_1,1,0.0
HGB,day_stable,roll_1,2,7.872313404872311
HGB,day_stable,roll_1,4,18.9982803133266
HGB,day_stable,roll_2,1,0.0
HGB,day_stable,roll_2,2,0.6331713239895009
HGB,day_stable,roll_2,4,3.824537534530048
HGB,day_stable,roll_3,1,0.0
HGB,day_stable,roll_3,2,7.897111448796168
HGB,day_stable,roll_3,4,7.659745072354451
HGB,day_ramp,roll_1,1,0.0
HGB,day_ramp,roll_1,2,3.853290357410266
HGB,day_ramp,roll_1,4,9.434284509568513
HGB,day_ramp,roll_2,1,0.0
HGB,day_ramp,roll_2,2,-2.232907608986956
HGB,day_ramp,roll_2,4,-6.304986993911122
HGB,day_ramp,roll_3,1,0.0
HGB,day_ramp,roll_3,2,-6.121749105623586
HGB,day_ramp,roll_3,4,-10.655085073993774
GRU,all,roll_1,1,0.0
GRU,all,roll_1,2,7.995167948113058
GRU,all,roll_1,4,16.101909742072774
GRU,all,roll_2,1,0.0
GRU,all,roll_2,2,5.087666562376225
GRU,all,roll_2,4,9.00238219119287
GRU,all,roll_3,1,0.0
GRU,all,roll_3,2,6.900447481667293
GRU,all,roll_3,4,10.603023722499305
GRU,day_stable,roll_1,1,0.0
GRU,day_stable,roll_1,2,9.492605897049767
GRU,day_stable,roll_1,4,17.276686962224797
GRU,day_stable,roll_2,1,0.0
GRU,day_stable,roll_2,2,5.384908159414548
GRU,day_stable,roll_2,4,20.02744743817764
GRU,day_stable,roll_3,1,0.0
GRU,day_stable,roll_3,2,9.079486164174844
GRU,day_stable,roll_3,4,25.828934686403993
GRU,day_ramp,roll_1,1,0.0
GRU,day_ramp,roll_1,2,4.35132870050432
GRU,day_ramp,roll_1,4,7.510578248666788
GRU,day_ramp,roll_2,1,0.0
GRU,day_ramp,roll_2,2,1.9289391622930419
GRU,day_ramp,roll_2,4,-6.122640617298347
GRU,day_ramp,roll_3,1,0.0
GRU,day_ramp,roll_3,2,6.18122188931749
GRU,day_ramp,roll_3,4,1.335846559098175
