session_id,device_id,rows,start_utc,end_utc,duration_s,timestamp_nulls,duplicate_timestamps,nonpositive_dt,median_dt_s,max_dt_s,gaps_over_2s,dc_power_min_kw,dc_power_max_kw,dc_power_median_kw,temperature_min_c,temperature_max_c,temperature_distinct,ambient_min_c,ambient_max_c,soc_start,soc_end,temperature_c_nonfinite,ambient_c_nonfinite,dc_voltage_v_nonfinite,dc_current_a_nonfinite,soc_percent_nonfinite,bms_dissipation_kw_nonfinite,negative_dc_power_rows,missing_required,temperature_outside_dbc_range
BEV1_2024-08-10_fast_1,BEV1,3006,2024-08-10 06:39:51+00:00,2024-08-10 07:02:16+00:00,1345.0,1660,0,0,1.0,1.0,0,5.075361529292543,100.04946195632985,77.59161259757306,28.5,49.75,86,19.0,21.5,51.3,,1660,1660,1660,1660,1660,1660,0,6640,0
BEV1_2024-08-10_fast_2,BEV1,1659,2024-08-10 22:18:30+00:00,2024-08-10 22:46:08+00:00,1658.0,0,0,0,1.0,1.0,0,0.0018717533778442926,150.1138832953814,97.45740581164863,39.5,52.0,51,19.0,23.5,16.1,84.30000000000001,0,0,0,0,0,0,0,0,0
BEV1_2024-09-01_fast_1,BEV1,1736,2024-09-01 17:41:46+00:00,2024-09-01 18:10:41+00:00,1735.0,0,0,0,1.0,1.0,0,0.7159311830918178,111.18799914906008,100.88978195533777,44.25,53.25,37,27.5,29.0,27.1,89.7,0,3,0,0,0,0,0,3,0
BEV1_2024-09-03_fast_1,BEV1,2515,2024-09-03 09:25:36+00:00,2024-09-03 10:07:29+00:00,2513.0,1,0,0,1.0,1.0,0,3.2993744187259506,172.12835465156752,65.82606655126656,41.75,53.5,48,24.0,28.0,12.1,,1,1,1,1,1,1,0,4,0
BEV1_2024-09-03_fast_2,BEV1,2516,2024-09-03 12:31:25+00:00,2024-09-03 12:41:24+00:00,599.0,1916,0,0,1.0,1.0,0,10.131331007376582,148.27949030500199,111.54674343224316,34.5,48.5,57,22.0,23.5,25.9,,1916,1916,1916,1916,1916,1916,0,7664,0
BEV1_2024-11-17_fast_1,BEV1,578,2024-11-17 23:04:32+00:00,2024-11-17 23:22:35+00:00,1083.0,0,0,0,1.0,502.0,2,0.22596653068213546,120.33439166006599,95.16905829293636,25.75,48.0,45,6.0,6.5,27.4,67.0,2,2,0,0,0,2,0,4,0
BEV1_2024-12-07_fast_1,BEV1,645,2024-12-07 16:53:42+00:00,2024-12-07 17:04:26+00:00,644.0,0,0,0,1.0,1.0,0,0.07390357394324552,178.98576787613413,127.31701838352602,38.5,52.25,56,6.0,6.5,19.700000000000003,54.6,0,0,0,0,0,0,0,0,0
BEV1_2024-12-08_fast_1,BEV1,2335,2024-12-08 15:05:46+00:00,2024-12-08 15:44:40+00:00,2334.0,0,0,0,1.0,1.0,0,0.004596395869363517,106.75234876455698,73.69085195062306,32.25,50.5,74,7.0,19.5,11.1,85.5,0,0,0,0,0,0,0,0,0
BEV2_2024-05-18_fast_1,BEV2,1520,2024-05-18 17:03:18+00:00,2024-05-18 17:28:37+00:00,1519.0,0,0,0,1.0,1.0,0,5.655570530135174,91.24343597392026,75.10938593286464,32.75,60.0,110,18.0,22.0,48.2,82.2,0,0,0,0,0,0,0,0,0
BEV2_2024-05-19_fast_1,BEV2,1955,2024-05-19 17:28:20+00:00,2024-05-19 18:00:52+00:00,1952.0,2,0,0,1.0,1.0,0,0.6526484630984535,230.99238591229826,88.46890727448194,52.25,63.25,45,19.0,25.5,16.6,,2,2,2,2,2,2,0,8,0
BEV2_2024-05-21_fast_1,BEV2,1861,2024-05-21 17:37:18+00:00,2024-05-21 18:08:18+00:00,1860.0,0,0,0,1.0,1.0,0,0.6937781675460956,128.21093018147238,63.52583432128515,53.0,60.5,31,17.0,21.5,53.8,90.9,0,0,0,0,0,0,0,0,0
BEV2_2024-07-05_fast_1,BEV2,1398,2024-07-05 16:21:59+00:00,2024-07-05 16:45:16+00:00,1397.0,0,0,0,1.0,1.0,0,1.081860041344349,160.4576622772404,81.96931179804986,52.5,62.25,40,22.0,25.5,41.1,81.9,0,0,0,0,0,0,0,0,0
BEV2_2024-08-19_fast_1,BEV2,2433,2024-08-19 17:55:05+00:00,2024-08-19 18:30:23+00:00,2118.0,314,0,0,1.0,1.0,0,0.8003718723909168,124.04566121613584,80.2761164412937,33.0,61.75,116,19.5,23.5,29.5,,314,314,314,314,314,314,0,1256,0
BEV2_2024-08-22_fast_1,BEV2,2888,2024-08-22 18:19:01+00:00,2024-08-22 19:07:08+00:00,2887.0,0,0,0,1.0,1.0,0,2.8797955686747727,116.23151785814287,78.9740403058794,40.0,62.25,90,22.0,26.5,15.4,90.3,0,0,0,0,0,0,0,0,0
BEV2_2024-08-31_fast_1,BEV2,1198,2024-08-31 18:08:29+00:00,2024-08-31 18:28:26+00:00,1197.0,0,0,0,1.0,1.0,0,0.17856222525586452,142.3082712558281,90.47756064717488,42.25,60.0,72,21.5,25.0,41.0,77.60000000000001,0,0,0,0,0,0,0,0,0
BEV2_2024-09-07_fast_1,BEV2,2001,2024-09-07 18:27:48+00:00,2024-09-07 19:01:08+00:00,2000.0,0,0,0,1.0,1.0,0,0.37681723582087284,96.84090860314599,74.35958407099247,50.5,62.0,47,23.5,27.0,44.900000000000006,90.6,0,0,0,0,0,0,0,0,0
BEV2_2024-09-10_fast_1,BEV2,2126,2024-09-10 19:14:06+00:00,2024-09-10 19:49:31+00:00,2125.0,0,0,0,1.0,1.0,0,5.252500467245733,103.26134503714137,72.7352611260007,51.75,60.25,35,14.0,28.5,42.3,90.8,0,0,0,0,0,0,0,0,0
BEV2_2024-09-29_fast_1,BEV2,3623,2024-09-29 12:17:12+00:00,2024-09-29 13:17:46+00:00,3634.0,0,0,0,1.0,13.0,1,0.4488824230778085,139.43628343932815,40.58486017073016,25.0,60.75,141,13.5,29.0,19.4,90.9,5,5,0,0,0,5,0,10,0
BEV2_2024-10-01_fast_1,BEV2,2891,2024-10-01 16:38:36+00:00,2024-10-01 17:26:46+00:00,2890.0,0,0,0,1.0,1.0,0,1.8669953520045222,103.28786978665264,83.14520733005641,35.5,61.0,103,14.0,16.0,16.900000000000002,90.8,0,0,0,0,0,0,0,0,0
BEV2_2024-11-04_fast_1,BEV2,2826,2024-11-04 13:06:47+00:00,2024-11-04 13:53:52+00:00,2825.0,0,0,0,1.0,1.0,0,0.014928751319128821,112.01703654999616,72.41219948096663,25.75,59.75,137,7.0,32.0,27.9,90.9,0,0,0,0,0,0,0,0,0
BEV2_2024-11-24_fast_1,BEV2,518,2024-11-24 17:26:37+00:00,2024-11-24 17:35:14+00:00,517.0,0,0,0,1.0,1.0,0,47.58019750920974,76.92586144503498,60.965101705047516,59.75,61.25,7,19.5,20.0,72.4,82.0,1,0,0,0,0,1,0,1,0
BEV2_2025-02-16_fast_1,BEV2,3644,2025-02-16 17:13:53+00:00,2025-02-16 17:30:21+00:00,988.0,2655,0,0,1.0,1.0,0,0.5353009202835453,143.59912528621268,134.6034276975927,48.5,60.5,49,3.0,7.0,13.1,,2655,2655,2655,2655,2655,2655,0,10620,0
BEV2_2025-02-16_fast_2,BEV2,2641,2025-02-16 17:57:28+00:00,2025-02-16 18:20:00+00:00,1352.0,1288,0,0,1.0,1.0,0,0.0035276425004883843,102.46080015160531,71.11882211509045,43.75,60.25,67,0.5,8.0,50.400000000000006,,1289,1288,1288,1288,1288,1289,0,5153,0
BEV2_2025-04-05_fast_1,BEV2,2008,2025-04-05 20:09:56+00:00,2025-04-05 20:30:04+00:00,1208.0,799,0,0,1.0,1.0,0,0.0,126.51027563972858,91.51750512537443,29.25,59.75,123,11.5,18.0,34.7,,799,799,799,799,799,799,0,3196,0
BEV2_2025-04-06_fast_1,BEV2,1300,2025-04-06 16:42:21+00:00,2025-04-06 17:04:00+00:00,1299.0,0,0,0,1.0,1.0,0,2.8601726281122164,67.51110636058803,63.67356875446045,26.75,59.0,130,12.5,14.0,59.7,82.4,0,0,0,0,0,0,0,0,0
