horizon_minutes,fold,model,dimension,scene,RMSE_mean_MW,RMSE_seed_std_MW,MAE_mean_MW,n,seed_runs
15,roll_1,GRU_local,irradiance_scene,day_high,2.5802589698191514,0.1357884516280238,1.3987536795254085,126,3
15,roll_1,GRU_local,irradiance_scene,day_low,1.5757172587999528,0.03579514660736663,1.014758051563203,206,3
15,roll_1,GRU_local,irradiance_scene,day_medium,2.663313350608919,0.09797398561212274,1.6970046719494825,148,3
15,roll_1,GRU_local,irradiance_scene,night_lowlight,0.2628982573589003,0.0988853290442694,0.1771808816160959,479,3
15,roll_1,GRU_local,ramp_scene,day_ramp_down,4.99023362578671,0.43426137525117003,4.4378666101541135,27,3
15,roll_1,GRU_local,ramp_scene,day_ramp_up,6.717507392562464,0.12263941189420803,5.878718214281748,24,3
15,roll_1,GRU_local,ramp_scene,day_stable,1.2234966462211803,0.07555523723582297,0.8753570584471367,429,3
15,roll_1,GRU_local,ramp_scene,night_lowlight,0.2628982573589003,0.0988853290442694,0.1771808816160959,479,3
15,roll_1,GRU_local_surface,irradiance_scene,day_high,2.3924183375047434,0.040790145992935206,1.3683320997851336,126,3
15,roll_1,GRU_local_surface,irradiance_scene,day_low,1.5776662578425364,0.04152595619526,1.0184780537550149,206,3
15,roll_1,GRU_local_surface,irradiance_scene,day_medium,2.729287966139878,0.05074708783761254,1.7862558501426153,148,3
15,roll_1,GRU_local_surface,irradiance_scene,night_lowlight,0.14205581427725616,0.07921152200546776,0.05874262488197759,479,3
15,roll_1,GRU_local_surface,ramp_scene,day_ramp_down,5.215096860162046,0.1892542624318895,4.642236933078819,27,3
15,roll_1,GRU_local_surface,ramp_scene,day_ramp_up,6.368771741074977,0.2383177500788958,5.641493026598063,24,3
15,roll_1,GRU_local_surface,ramp_scene,day_stable,1.2077483790315362,0.08138686298419442,0.8994078313195462,429,3
15,roll_1,GRU_local_surface,ramp_scene,night_lowlight,0.14205581427725616,0.07921152200546776,0.05874262488197759,479,3
15,roll_1,GRU_local_surface_pressure,irradiance_scene,day_high,2.46451745341765,0.1478883633235543,1.4798399567955478,126,3
15,roll_1,GRU_local_surface_pressure,irradiance_scene,day_low,1.6834859868088783,0.07387350739718472,1.053286981181812,206,3
15,roll_1,GRU_local_surface_pressure,irradiance_scene,day_medium,2.8136830456634567,0.13277825147875072,1.7506762292748865,148,3
15,roll_1,GRU_local_surface_pressure,irradiance_scene,night_lowlight,0.2772321547031953,0.17700768142441156,0.20242599062114364,479,3
15,roll_1,GRU_local_surface_pressure,ramp_scene,day_ramp_down,5.703211744550564,0.24869043854655498,5.106457210216045,27,3
15,roll_1,GRU_local_surface_pressure,ramp_scene,day_ramp_up,6.450541394915947,0.5866807144794883,5.644548632291046,24,3
15,roll_1,GRU_local_surface_pressure,ramp_scene,day_stable,1.2207636772866837,0.0908136445780497,0.9072110087681985,429,3
15,roll_1,GRU_local_surface_pressure,ramp_scene,night_lowlight,0.2772321547031953,0.17700768142441156,0.20242599062114364,479,3
15,roll_1,HGB_local,irradiance_scene,day_high,2.547073761854476,,1.5273020032122138,126,1
15,roll_1,HGB_local,irradiance_scene,day_low,1.9169485536628297,,1.2926529358278027,206,1
15,roll_1,HGB_local,irradiance_scene,day_medium,2.7480926825122003,,2.023481128027452,148,1
15,roll_1,HGB_local,irradiance_scene,night_lowlight,0.2432090626707407,,0.07663559342451912,479,1
15,roll_1,HGB_local,ramp_scene,day_ramp_down,4.573873064684161,,4.131127899159633,27,1
15,roll_1,HGB_local,ramp_scene,day_ramp_up,6.023595169194515,,5.21404648363471,24,1
15,roll_1,HGB_local,ramp_scene,day_stable,1.7113789557601398,,1.2156741147990349,429,1
15,roll_1,HGB_local,ramp_scene,night_lowlight,0.2432090626707407,,0.07663559342451912,479,1
15,roll_1,HGB_local_surface,irradiance_scene,day_high,2.5836869217483662,,1.736970570519611,126,1
15,roll_1,HGB_local_surface,irradiance_scene,day_low,1.7983594064847421,,1.2541816668317984,206,1
15,roll_1,HGB_local_surface,irradiance_scene,day_medium,2.8125629057665456,,2.0869454163104253,148,1
15,roll_1,HGB_local_surface,irradiance_scene,night_lowlight,0.27852659135856367,,0.13148562660955765,479,1
15,roll_1,HGB_local_surface,ramp_scene,day_ramp_down,4.552211787308259,,4.06778126654744,27,1
15,roll_1,HGB_local_surface,ramp_scene,day_ramp_up,5.826367275547814,,5.0327849317110775,24,1
15,roll_1,HGB_local_surface,ramp_scene,day_stable,1.743356476124019,,1.2948035065475936,429,1
15,roll_1,HGB_local_surface,ramp_scene,night_lowlight,0.27852659135856367,,0.13148562660955765,479,1
15,roll_1,HGB_local_surface_pressure,irradiance_scene,day_high,2.553856847189483,,1.754219249653306,126,1
15,roll_1,HGB_local_surface_pressure,irradiance_scene,day_low,1.8092265377551133,,1.2463663065969752,206,1
15,roll_1,HGB_local_surface_pressure,irradiance_scene,day_medium,2.9420766927198687,,2.1700506488205313,148,1
15,roll_1,HGB_local_surface_pressure,irradiance_scene,night_lowlight,0.21572841521742236,,0.07058294829543527,479,1
15,roll_1,HGB_local_surface_pressure,ramp_scene,day_ramp_down,4.364223722539394,,3.900300119705896,27,1
15,roll_1,HGB_local_surface_pressure,ramp_scene,day_ramp_up,5.986813102722734,,5.360102074218822,24,1
15,roll_1,HGB_local_surface_pressure,ramp_scene,day_stable,1.8082273890632494,,1.3170163814159,429,1
15,roll_1,HGB_local_surface_pressure,ramp_scene,night_lowlight,0.21572841521742236,,0.07058294829543527,479,1
15,roll_1,LSTM,irradiance_scene,day_high,2.51193395549567,0.10767010742236871,1.4234654830672369,126,3
15,roll_1,LSTM,irradiance_scene,day_low,1.6533048967658812,0.04198468409656439,0.9860511532158034,206,3
15,roll_1,LSTM,irradiance_scene,day_medium,2.9802815035459744,0.027249082323462737,1.8820289650754798,148,3
15,roll_1,LSTM,irradiance_scene,night_lowlight,0.14505533091686754,0.0806943951569379,0.06709487804724289,479,3
15,roll_1,LSTM,ramp_scene,day_ramp_down,5.997168323919076,0.10989275670078201,5.319648934210334,27,3
15,roll_1,LSTM,ramp_scene,day_ramp_up,6.814267476357582,0.41566368923771374,6.0121875506051365,24,3
15,roll_1,LSTM,ramp_scene,day_stable,1.1676206730218726,0.0457478310057844,0.8696980252258646,429,3
15,roll_1,LSTM,ramp_scene,night_lowlight,0.14505533091686754,0.0806943951569379,0.06709487804724289,479,3
15,roll_1,persistence,irradiance_scene,day_high,2.6256664492307955,,1.4977293809523806,126,1
15,roll_1,persistence,irradiance_scene,day_low,1.8405864180414908,,1.2308607378640777,206,1
15,roll_1,persistence,irradiance_scene,day_medium,3.2181927116866995,,2.290574189189189,148,1
15,roll_1,persistence,irradiance_scene,night_lowlight,0.09968282466873303,,0.028846208768267222,479,1
15,roll_1,persistence,ramp_scene,day_ramp_down,6.390886208805329,,5.7953312592592585,27,1
15,roll_1,persistence,ramp_scene,day_ramp_up,7.110131892064895,,6.245062083333333,24,1
15,roll_1,persistence,ramp_scene,day_stable,1.3512241506523408,,1.1070413986013987,429,1
15,roll_1,persistence,ramp_scene,night_lowlight,0.09968282466873303,,0.028846208768267222,479,1
15,roll_2,GRU_local,irradiance_scene,day_high,2.7016580400853853,0.011090242052228572,1.3828063838958773,170,3
15,roll_2,GRU_local,irradiance_scene,day_low,1.7668150087402463,0.004365917993345341,0.9326736796694347,205,3
15,roll_2,GRU_local,irradiance_scene,day_medium,2.4644019566463715,0.0791292223674948,1.6356315122002238,146,3
15,roll_2,GRU_local,irradiance_scene,night_lowlight,0.25174751125726086,0.13242246682166817,0.19549001368771016,438,3
15,roll_2,GRU_local,ramp_scene,day_ramp_down,6.172070065821724,0.011950607403983744,5.548750454038287,28,3
15,roll_2,GRU_local,ramp_scene,day_ramp_up,7.287455723486826,0.037356342299948386,5.9916477305170375,20,3
15,roll_2,GRU_local,ramp_scene,day_stable,1.161801815777902,0.05126032191824517,0.8242693933453555,473,3
15,roll_2,GRU_local,ramp_scene,night_lowlight,0.25174751125726086,0.13242246682166817,0.19549001368771016,438,3
15,roll_2,GRU_local_surface,irradiance_scene,day_high,2.720310461468104,0.09232259410091646,1.4447259980541265,170,3
15,roll_2,GRU_local_surface,irradiance_scene,day_low,1.773097295262809,0.06109853022965683,0.9651804878174608,205,3
15,roll_2,GRU_local_surface,irradiance_scene,day_medium,2.307994801786593,0.08292506520842752,1.562886568527308,146,3
15,roll_2,GRU_local_surface,irradiance_scene,night_lowlight,0.29247925982668505,0.19459254293259273,0.2095130692953715,438,3
15,roll_2,GRU_local_surface,ramp_scene,day_ramp_down,5.842229619024821,0.28988282008500615,5.086275660285431,28,3
15,roll_2,GRU_local_surface,ramp_scene,day_ramp_up,7.346294096872363,0.42597373866324906,6.251039032340818,20,3
15,roll_2,GRU_local_surface,ramp_scene,day_stable,1.1660070934504987,0.0287582699267561,0.8545673563254957,473,3
15,roll_2,GRU_local_surface,ramp_scene,night_lowlight,0.29247925982668505,0.19459254293259273,0.2095130692953715,438,3
15,roll_2,GRU_local_surface_pressure,irradiance_scene,day_high,2.9605842815928667,0.08070675413575104,1.6228819909638925,170,3
15,roll_2,GRU_local_surface_pressure,irradiance_scene,day_low,1.72550636980923,0.031020113900500388,0.9144768609199464,205,3
15,roll_2,GRU_local_surface_pressure,irradiance_scene,day_medium,2.3207777149683966,0.05337376634454971,1.584080568415967,146,3
15,roll_2,GRU_local_surface_pressure,irradiance_scene,night_lowlight,0.23318167399554932,0.14004253294716004,0.1504976046856869,438,3
15,roll_2,GRU_local_surface_pressure,ramp_scene,day_ramp_down,5.68354907691927,0.18136848919777385,4.8670512439381115,28,3
15,roll_2,GRU_local_surface_pressure,ramp_scene,day_ramp_up,8.11830686598106,0.28356283632091883,7.020353388038921,20,3
15,roll_2,GRU_local_surface_pressure,ramp_scene,day_stable,1.1844266992948411,0.014804312107436006,0.8836130134252352,473,3
15,roll_2,GRU_local_surface_pressure,ramp_scene,night_lowlight,0.23318167399554932,0.14004253294716004,0.1504976046856869,438,3
15,roll_2,HGB_local,irradiance_scene,day_high,2.6125262285901303,,1.4268491567989643,170,1
15,roll_2,HGB_local,irradiance_scene,day_low,1.8095422073879133,,1.0019375512873294,205,1
15,roll_2,HGB_local,irradiance_scene,day_medium,2.3872411940606724,,1.5882151624343446,146,1
15,roll_2,HGB_local,irradiance_scene,night_lowlight,0.07047220890752491,,0.028266231796182713,438,1
15,roll_2,HGB_local,ramp_scene,day_ramp_down,5.667855449950486,,4.797866960260313,28,1
15,roll_2,HGB_local,ramp_scene,day_ramp_up,7.228425623457376,,5.989475479610175,20,1
15,roll_2,HGB_local,ramp_scene,day_stable,1.233013067995459,,0.9000236446208215,473,1
15,roll_2,HGB_local,ramp_scene,night_lowlight,0.07047220890752491,,0.028266231796182713,438,1
15,roll_2,HGB_local_surface,irradiance_scene,day_high,2.6075708508539157,,1.4578764938339783,170,1
15,roll_2,HGB_local_surface,irradiance_scene,day_low,1.8541002859237388,,1.0046835417327036,205,1
15,roll_2,HGB_local_surface,irradiance_scene,day_medium,2.3071575064826626,,1.552133251174367,146,1
15,roll_2,HGB_local_surface,irradiance_scene,night_lowlight,0.06283620522149487,,0.03092783955113653,438,1
15,roll_2,HGB_local_surface,ramp_scene,day_ramp_down,5.607738372683142,,4.684908196810168,28,1
15,roll_2,HGB_local_surface,ramp_scene,day_ramp_up,7.057613426449565,,5.818926633300947,20,1
15,roll_2,HGB_local_surface,ramp_scene,day_stable,1.2684797001259478,,0.9151260518007073,473,1
15,roll_2,HGB_local_surface,ramp_scene,night_lowlight,0.06283620522149487,,0.03092783955113653,438,1
15,roll_2,HGB_local_surface_pressure,irradiance_scene,day_high,2.6489427270001578,,1.434250179811077,170,1
15,roll_2,HGB_local_surface_pressure,irradiance_scene,day_low,1.8197598660288001,,1.01109889723589,205,1
15,roll_2,HGB_local_surface_pressure,irradiance_scene,day_medium,2.1949287082158206,,1.4911194142508577,146,1
15,roll_2,HGB_local_surface_pressure,irradiance_scene,night_lowlight,0.06986106475419027,,0.04077555190148312,438,1
15,roll_2,HGB_local_surface_pressure,ramp_scene,day_ramp_down,5.281075545107328,,4.40773096426699,28,1
15,roll_2,HGB_local_surface_pressure,ramp_scene,day_ramp_up,7.256400785262443,,5.962908183483519,20,1
15,roll_2,HGB_local_surface_pressure,ramp_scene,day_stable,1.2517227631102232,,0.9009019203228745,473,1
15,roll_2,HGB_local_surface_pressure,ramp_scene,night_lowlight,0.06986106475419027,,0.04077555190148312,438,1
15,roll_2,LSTM,irradiance_scene,day_high,2.897841666231732,0.09145703107742509,1.482346194713586,170,3
15,roll_2,LSTM,irradiance_scene,day_low,1.7566227994128585,0.03916911941525379,0.9144465033720502,205,3
15,roll_2,LSTM,irradiance_scene,day_medium,2.3810251885603004,0.053176353924501374,1.6096299113024328,146,3
15,roll_2,LSTM,irradiance_scene,night_lowlight,0.14555590852248196,0.05650366022702268,0.07259034826043881,438,3
15,roll_2,LSTM,ramp_scene,day_ramp_down,6.009755625540446,0.1519937973291362,5.2518169333559745,28,3
15,roll_2,LSTM,ramp_scene,day_ramp_up,7.949310458313904,0.3803829013563535,6.800937789521018,20,3
15,roll_2,LSTM,ramp_scene,day_stable,1.1372316068230803,0.017200340344289026,0.8274772165292759,473,3
15,roll_2,LSTM,ramp_scene,night_lowlight,0.14555590852248196,0.05650366022702268,0.07259034826043881,438,3
15,roll_2,persistence,irradiance_scene,day_high,3.063633100045425,,1.665203505882353,170,1
15,roll_2,persistence,irradiance_scene,day_low,1.8973091633690582,,1.1665884097560977,205,1
15,roll_2,persistence,irradiance_scene,day_medium,2.8705488309835454,,2.2741724794520546,146,1
15,roll_2,persistence,irradiance_scene,night_lowlight,0.12597630800433002,,0.03208344292237443,438,1
15,roll_2,persistence,ramp_scene,day_ramp_down,6.354542942971362,,5.693137214285714,28,1
15,roll_2,persistence,ramp_scene,day_ramp_up,8.590622528178185,,7.44710005,20,1
15,roll_2,persistence,ramp_scene,day_stable,1.4021840961216545,,1.154153401691332,473,1
15,roll_2,persistence,ramp_scene,night_lowlight,0.12597630800433002,,0.03208344292237443,438,1
15,roll_3,GRU_local,irradiance_scene,day_high,3.8711546349713633,0.24446579459362383,2.269331377285956,169,3
15,roll_3,GRU_local,irradiance_scene,day_low,2.1335244906421305,0.10184832209151402,1.15844361391225,339,3
15,roll_3,GRU_local,irradiance_scene,day_medium,3.599560437265854,0.11249857534039914,2.2366923990670573,199,3
15,roll_3,GRU_local,irradiance_scene,night_lowlight,0.3443134589957311,0.22722111751209598,0.2434619607542096,588,3
15,roll_3,GRU_local,ramp_scene,day_ramp_down,6.729258606622378,0.23929175467984853,5.538856185709235,46,3
15,roll_3,GRU_local,ramp_scene,day_ramp_up,8.888288735372923,0.429566649223509,7.544652008313246,43,3
15,roll_3,GRU_local,ramp_scene,day_stable,1.3787298736905236,0.08520002364581411,1.0390352012812771,618,3
15,roll_3,GRU_local,ramp_scene,night_lowlight,0.3443134589957311,0.22722111751209598,0.2434619607542096,588,3
15,roll_3,GRU_local_surface,irradiance_scene,day_high,3.4675591676197883,0.10497366861411359,1.7535462490055087,169,3
15,roll_3,GRU_local_surface,irradiance_scene,day_low,2.225422661285799,0.042305847622280936,1.132752788689005,339,3
15,roll_3,GRU_local_surface,irradiance_scene,day_medium,3.671375377891866,0.04019210338769786,2.156746724657538,199,3
15,roll_3,GRU_local_surface,irradiance_scene,night_lowlight,0.2766752890365099,0.14099014692770653,0.18493471818009474,588,3
15,roll_3,GRU_local_surface,ramp_scene,day_ramp_down,7.311648676332737,0.16199261525863093,6.1464527860662885,46,3
15,roll_3,GRU_local_surface,ramp_scene,day_ramp_up,8.277249255250444,0.14737710587867878,6.965541783828802,43,3
15,roll_3,GRU_local_surface,ramp_scene,day_stable,1.2638494709484247,0.057030852758043496,0.853220040114346,618,3
15,roll_3,GRU_local_surface,ramp_scene,night_lowlight,0.2766752890365099,0.14099014692770653,0.18493471818009474,588,3
15,roll_3,GRU_local_surface_pressure,irradiance_scene,day_high,3.6591099346955445,0.07184489633830918,1.921226586813269,169,3
15,roll_3,GRU_local_surface_pressure,irradiance_scene,day_low,2.1257248609364634,0.039003662379081726,1.096623567716735,339,3
15,roll_3,GRU_local_surface_pressure,irradiance_scene,day_medium,3.7366737779417982,0.06963165239465727,2.2575074540195783,199,3
15,roll_3,GRU_local_surface_pressure,irradiance_scene,night_lowlight,0.18623677177353923,0.0834029178320102,0.09600714097061834,588,3
15,roll_3,GRU_local_surface_pressure,ramp_scene,day_ramp_down,7.085202812432615,0.12231918035202646,5.8779188824218975,46,3
15,roll_3,GRU_local_surface_pressure,ramp_scene,day_ramp_up,8.695936742861203,0.2932739116714217,7.51153694617843,43,3
15,roll_3,GRU_local_surface_pressure,ramp_scene,day_stable,1.2772455144752517,0.08260417662093376,0.8936995286411523,618,3
15,roll_3,GRU_local_surface_pressure,ramp_scene,night_lowlight,0.18623677177353923,0.0834029178320102,0.09600714097061834,588,3
15,roll_3,HGB_local,irradiance_scene,day_high,3.376154395848384,,1.646655161620719,169,1
15,roll_3,HGB_local,irradiance_scene,day_low,2.2415889830837554,,1.1147229988918088,339,1
15,roll_3,HGB_local,irradiance_scene,day_medium,3.638823039535822,,2.2886655475932547,199,1
15,roll_3,HGB_local,irradiance_scene,night_lowlight,0.08017719842496994,,0.04113663330976617,588,1
15,roll_3,HGB_local,ramp_scene,day_ramp_down,7.16792231155187,,5.819108930058991,46,1
15,roll_3,HGB_local,ramp_scene,day_ramp_up,8.149444372952903,,6.930396244306895,43,1
15,roll_3,HGB_local,ramp_scene,day_stable,1.3006481124364524,,0.883388695180214,618,1
15,roll_3,HGB_local,ramp_scene,night_lowlight,0.08017719842496994,,0.04113663330976617,588,1
15,roll_3,HGB_local_surface,irradiance_scene,day_high,3.2060551876213426,,1.5488951323873583,169,1
15,roll_3,HGB_local_surface,irradiance_scene,day_low,2.2733986557567487,,1.1659864502350663,339,1
15,roll_3,HGB_local_surface,irradiance_scene,day_medium,3.598902833972146,,2.2172027094071995,199,1
15,roll_3,HGB_local_surface,irradiance_scene,night_lowlight,0.06541880589637894,,0.0359218818619182,588,1
15,roll_3,HGB_local_surface,ramp_scene,day_ramp_down,7.313406423832652,,5.996708846041638,46,1
15,roll_3,HGB_local_surface,ramp_scene,day_ramp_up,7.657863361541756,,6.483598533703087,43,1
15,roll_3,HGB_local_surface,ramp_scene,day_stable,1.3248044198466808,,0.8796321671651063,618,1
15,roll_3,HGB_local_surface,ramp_scene,night_lowlight,0.06541880589637894,,0.0359218818619182,588,1
15,roll_3,HGB_local_surface_pressure,irradiance_scene,day_high,3.2286709481413496,,1.5793173342554176,169,1
15,roll_3,HGB_local_surface_pressure,irradiance_scene,day_low,2.29861661877784,,1.1926854458403402,339,1
15,roll_3,HGB_local_surface_pressure,irradiance_scene,day_medium,3.5607795725214393,,2.2120317850912823,199,1
15,roll_3,HGB_local_surface_pressure,irradiance_scene,night_lowlight,0.0719862982922337,,0.028669803975370375,588,1
15,roll_3,HGB_local_surface_pressure,ramp_scene,day_ramp_down,7.324649507061276,,6.041855146410604,46,1
15,roll_3,HGB_local_surface_pressure,ramp_scene,day_ramp_up,7.584136438308821,,6.352488580942044,43,1
15,roll_3,HGB_local_surface_pressure,ramp_scene,day_stable,1.3550629916314691,,0.9066941345417645,618,1
15,roll_3,HGB_local_surface_pressure,ramp_scene,night_lowlight,0.0719862982922337,,0.028669803975370375,588,1
15,roll_3,LSTM,irradiance_scene,day_high,3.4768216958662417,0.08698593655714586,1.8318799276371418,169,3
15,roll_3,LSTM,irradiance_scene,day_low,2.2394418596758983,0.10173121409966214,1.189662028778821,339,3
15,roll_3,LSTM,irradiance_scene,day_medium,3.768036585593311,0.0726613484432597,2.2214586189797525,199,3
15,roll_3,LSTM,irradiance_scene,night_lowlight,0.26233738302324316,0.13451266079452381,0.14642037030052737,588,3
15,roll_3,LSTM,ramp_scene,day_ramp_down,7.546328599002198,0.2942185739321874,6.348968867158845,46,3
15,roll_3,LSTM,ramp_scene,day_ramp_up,8.063748564383346,0.2938050454904864,6.844034835120266,43,3
15,roll_3,LSTM,ramp_scene,day_stable,1.364225071156275,0.0595082063646495,0.9200765936960996,618,3
15,roll_3,LSTM,ramp_scene,night_lowlight,0.26233738302324316,0.13451266079452381,0.14642037030052737,588,3
15,roll_3,persistence,irradiance_scene,day_high,3.7298848336602837,,1.8460597041420121,169,1
15,roll_3,persistence,irradiance_scene,day_low,2.3389967383224444,,1.2710754454277287,339,1
15,roll_3,persistence,irradiance_scene,day_medium,4.301130368778424,,3.0136926934673363,199,1
15,roll_3,persistence,irradiance_scene,night_lowlight,0.09053417537787617,,0.02801909353741496,588,1
15,roll_3,persistence,ramp_scene,day_ramp_down,8.458701426254816,,7.518453695652173,46,1
15,roll_3,persistence,ramp_scene,day_ramp_up,9.084100263065912,,7.9204059534883715,43,1
15,roll_3,persistence,ramp_scene,day_stable,1.301937822156861,,1.0617753818770226,618,1
15,roll_3,persistence,ramp_scene,night_lowlight,0.09053417537787617,,0.02801909353741496,588,1
60,roll_1,GRU_local,irradiance_scene,day_high,4.617817801049564,0.16413888136896115,3.3720383721689777,126,3
60,roll_1,GRU_local,irradiance_scene,day_low,2.8007031770484683,0.11228204430760401,1.9066108866754818,203,3
60,roll_1,GRU_local,irradiance_scene,day_medium,4.011081941979326,0.26096905032910345,2.969165980248537,148,3
60,roll_1,GRU_local,irradiance_scene,night_lowlight,0.7175044990849,0.10301340219546176,0.43973741641227065,479,3
60,roll_1,GRU_local,ramp_scene,day_ramp_down,6.740341611262905,0.8296934795771945,5.515392743026204,25,3
60,roll_1,GRU_local,ramp_scene,day_ramp_up,10.633942477326192,0.4060717409649851,9.337283844055113,14,3
60,roll_1,GRU_local,ramp_scene,day_stable,2.996486141081378,0.14669236689301382,2.2437183049606637,438,3
60,roll_1,GRU_local,ramp_scene,night_lowlight,0.7175044990849,0.10301340219546176,0.43973741641227065,479,3
60,roll_1,GRU_local_surface,irradiance_scene,day_high,5.124161306475695,0.07127545493380133,3.9894823802080013,126,3
60,roll_1,GRU_local_surface,irradiance_scene,day_low,2.969702614124916,0.04062207016192175,2.083575917106541,203,3
60,roll_1,GRU_local_surface,irradiance_scene,day_medium,4.2547581577368625,0.1135872255558008,3.239691639069493,148,3
60,roll_1,GRU_local_surface,irradiance_scene,night_lowlight,0.5764873914738912,0.22494268846069362,0.3059006942222735,479,3
60,roll_1,GRU_local_surface,ramp_scene,day_ramp_down,7.616493652724898,0.20708743142614014,6.398714001970849,25,3
60,roll_1,GRU_local_surface,ramp_scene,day_ramp_up,11.658808570092951,0.09552821245391872,10.502030424700555,14,3
60,roll_1,GRU_local_surface,ramp_scene,day_stable,3.1785510148061813,0.04427867278270247,2.5071204969544336,438,3
60,roll_1,GRU_local_surface,ramp_scene,night_lowlight,0.5764873914738912,0.22494268846069362,0.3059006942222735,479,3
60,roll_1,GRU_local_surface_pressure,irradiance_scene,day_high,5.1166903280045615,0.06003428482610508,3.793572080950874,126,3
60,roll_1,GRU_local_surface_pressure,irradiance_scene,day_low,2.8758070541330416,0.07896959593965197,2.018362884480236,203,3
60,roll_1,GRU_local_surface_pressure,irradiance_scene,day_medium,4.40555114352096,0.0879366274467188,3.37331102128246,148,3
60,roll_1,GRU_local_surface_pressure,irradiance_scene,night_lowlight,0.7022759867149512,0.5027919912900406,0.4521227267721792,479,3
60,roll_1,GRU_local_surface_pressure,ramp_scene,day_ramp_down,7.698454596717384,0.3715591205647148,6.458827550905309,25,3
60,roll_1,GRU_local_surface_pressure,ramp_scene,day_ramp_up,11.98910332937942,0.1939371317590297,10.99324578926459,14,3
60,roll_1,GRU_local_surface_pressure,ramp_scene,day_stable,3.1532395374697546,0.03642363597879322,2.4465562764309703,438,3
60,roll_1,GRU_local_surface_pressure,ramp_scene,night_lowlight,0.7022759867149512,0.5027919912900406,0.4521227267721792,479,3
60,roll_1,HGB_local,irradiance_scene,day_high,3.283948021295901,,2.317788752224874,126,1
60,roll_1,HGB_local,irradiance_scene,day_low,5.034410079014702,,3.4749770104380837,203,1
60,roll_1,HGB_local,irradiance_scene,day_medium,4.604825257488872,,3.1475263920227836,148,1
60,roll_1,HGB_local,irradiance_scene,night_lowlight,1.0810624017077948,,0.22347458109190008,479,1
60,roll_1,HGB_local,ramp_scene,day_ramp_down,6.8479442250022755,,5.176232485975435,25,1
60,roll_1,HGB_local,ramp_scene,day_ramp_up,5.212911536514365,,2.8765397988035097,14,1
60,roll_1,HGB_local,ramp_scene,day_stable,4.2975434269481925,,2.953466330105028,438,1
60,roll_1,HGB_local,ramp_scene,night_lowlight,1.0810624017077948,,0.22347458109190008,479,1
60,roll_1,HGB_local_surface,irradiance_scene,day_high,3.242183896057285,,2.3663745966636904,126,1
60,roll_1,HGB_local_surface,irradiance_scene,day_low,4.2284618393904845,,2.94694796215684,203,1
60,roll_1,HGB_local_surface,irradiance_scene,day_medium,4.285918196670613,,3.0519308548603385,148,1
60,roll_1,HGB_local_surface,irradiance_scene,night_lowlight,0.8209410655574254,,0.1806857175157527,479,1
60,roll_1,HGB_local_surface,ramp_scene,day_ramp_down,5.230508322857073,,4.2384535387799716,25,1
60,roll_1,HGB_local_surface,ramp_scene,day_ramp_up,5.51477102832757,,3.6589404002135133,14,1
60,roll_1,HGB_local_surface,ramp_scene,day_stable,3.8709171111663143,,2.7189335569504682,438,1
60,roll_1,HGB_local_surface,ramp_scene,night_lowlight,0.8209410655574254,,0.1806857175157527,479,1
60,roll_1,HGB_local_surface_pressure,irradiance_scene,day_high,3.133410097105613,,2.4882004200414856,126,1
60,roll_1,HGB_local_surface_pressure,irradiance_scene,day_low,4.246831738549373,,2.957871997259591,203,1
60,roll_1,HGB_local_surface_pressure,irradiance_scene,day_medium,4.560437465206918,,3.2561105192549347,148,1
60,roll_1,HGB_local_surface_pressure,irradiance_scene,night_lowlight,0.8014002284623042,,0.1698139593962863,479,1
60,roll_1,HGB_local_surface_pressure,ramp_scene,day_ramp_down,5.9909890417977305,,4.649308452271418,25,1
60,roll_1,HGB_local_surface_pressure,ramp_scene,day_ramp_up,5.050317419461625,,3.6415417577650095,14,1
60,roll_1,HGB_local_surface_pressure,ramp_scene,day_stable,3.9175253086806294,,2.805140021240089,438,1
60,roll_1,HGB_local_surface_pressure,ramp_scene,night_lowlight,0.8014002284623042,,0.1698139593962863,479,1
60,roll_1,LSTM,irradiance_scene,day_high,4.895815650932845,0.2908309465507242,3.478249185571317,126,3
60,roll_1,LSTM,irradiance_scene,day_low,3.1531246350666726,0.1335297157300666,2.2385734747344013,203,3
60,roll_1,LSTM,irradiance_scene,day_medium,4.654046104417134,0.10738571526738838,3.5230614992851232,148,3
60,roll_1,LSTM,irradiance_scene,night_lowlight,0.49522214039903867,0.18806318384380083,0.22698893493756192,479,3
60,roll_1,LSTM,ramp_scene,day_ramp_down,8.857027839574783,0.197318670665409,7.680862470266582,25,3
60,roll_1,LSTM,ramp_scene,day_ramp_up,12.093041961386954,0.2583520109307926,11.198319773826166,14,3
60,roll_1,LSTM,ramp_scene,day_stable,3.1094112713664495,0.1861048253284305,2.43220291337223,438,3
60,roll_1,LSTM,ramp_scene,night_lowlight,0.49522214039903867,0.18806318384380083,0.22698893493756192,479,3
60,roll_1,persistence,irradiance_scene,day_high,5.649352286470396,,3.9827877063492068,126,1
60,roll_1,persistence,irradiance_scene,day_low,4.686976304319912,,3.6619466798029556,203,1
60,roll_1,persistence,irradiance_scene,day_medium,6.207851369410554,,5.337188222972973,148,1
60,roll_1,persistence,irradiance_scene,night_lowlight,0.5808727997012372,,0.17462103340292273,479,1
60,roll_1,persistence,ramp_scene,day_ramp_down,11.093325875131015,,10.796174919999999,25,1
60,roll_1,persistence,ramp_scene,day_ramp_up,14.630178331074376,,13.80732092857143,14,1
60,roll_1,persistence,ramp_scene,day_stable,4.303329597756053,,3.5888205890410956,438,1
60,roll_1,persistence,ramp_scene,night_lowlight,0.5808727997012372,,0.17462103340292273,479,1
60,roll_2,GRU_local,irradiance_scene,day_high,3.7192075545481393,0.28577798692448275,2.0314876794471246,170,3
60,roll_2,GRU_local,irradiance_scene,day_low,2.726055976639042,0.042667167700642536,1.6916884538972,205,3
60,roll_2,GRU_local,irradiance_scene,day_medium,4.08983013130048,0.30752404360192387,3.0146039308698183,143,3
60,roll_2,GRU_local,irradiance_scene,night_lowlight,0.42410484366404955,0.3105655560425662,0.3124052305987753,438,3
60,roll_2,GRU_local,ramp_scene,day_ramp_down,8.748557979636281,0.14910540690730112,7.616047796699462,21,3
60,roll_2,GRU_local,ramp_scene,day_ramp_up,9.182344682062721,0.9577627628289161,7.804415428449534,26,3
60,roll_2,GRU_local,ramp_scene,day_stable,2.28940541458972,0.05684485897192501,1.6144067851357635,471,3
60,roll_2,GRU_local,ramp_scene,night_lowlight,0.42410484366404955,0.3105655560425662,0.3124052305987753,438,3
60,roll_2,GRU_local_surface,irradiance_scene,day_high,3.952238890861399,0.5975608623274521,2.683375418554801,170,3
60,roll_2,GRU_local_surface,irradiance_scene,day_low,2.795258194015457,0.3132661156181395,1.762650417215372,205,3
60,roll_2,GRU_local_surface,irradiance_scene,day_medium,3.7212460256789193,0.21642196254276377,2.615310036839429,143,3
60,roll_2,GRU_local_surface,irradiance_scene,night_lowlight,0.703929359392817,0.44801497629104703,0.48121991197575037,438,3
60,roll_2,GRU_local_surface,ramp_scene,day_ramp_down,8.409067372718967,0.6662453827995474,7.156407204126282,21,3
60,roll_2,GRU_local_surface,ramp_scene,day_ramp_up,8.708882048769548,1.7157493643441744,7.349468079098916,26,3
60,roll_2,GRU_local_surface,ramp_scene,day_stable,2.429413636128818,0.07422428612891402,1.8049591732659913,471,3
60,roll_2,GRU_local_surface,ramp_scene,night_lowlight,0.703929359392817,0.44801497629104703,0.48121991197575037,438,3
60,roll_2,GRU_local_surface_pressure,irradiance_scene,day_high,4.335914752400214,0.3854491903498949,2.769657600028033,170,3
60,roll_2,GRU_local_surface_pressure,irradiance_scene,day_low,2.666779766831738,0.08842870773568873,1.808355450609633,205,3
60,roll_2,GRU_local_surface_pressure,irradiance_scene,day_medium,3.618915961176065,0.28354175836338,2.5345558171061575,143,3
60,roll_2,GRU_local_surface_pressure,irradiance_scene,night_lowlight,1.0906436749527006,0.6701239108211267,0.8002745972288183,438,3
60,roll_2,GRU_local_surface_pressure,ramp_scene,day_ramp_down,7.726391781857681,0.3467310996364887,6.60074598550107,21,3
60,roll_2,GRU_local_surface_pressure,ramp_scene,day_ramp_up,9.803395937753175,0.735675716317202,8.084673844432807,26,3
60,roll_2,GRU_local_surface_pressure,ramp_scene,day_stable,2.4314215121610725,0.1179530495501173,1.8156665723463814,471,3
60,roll_2,GRU_local_surface_pressure,ramp_scene,night_lowlight,1.0906436749527006,0.6701239108211267,0.8002745972288183,438,3
60,roll_2,HGB_local,irradiance_scene,day_high,3.7363077915166687,,2.7082186421108156,170,1
60,roll_2,HGB_local,irradiance_scene,day_low,2.7938627602644908,,1.8543431444949,205,1
60,roll_2,HGB_local,irradiance_scene,day_medium,4.160110087034824,,2.807719760487555,143,1
60,roll_2,HGB_local,irradiance_scene,night_lowlight,0.08741051952010706,,0.036933809626591256,438,1
60,roll_2,HGB_local,ramp_scene,day_ramp_down,8.040541343083786,,6.739299055709366,21,1
60,roll_2,HGB_local,ramp_scene,day_ramp_up,7.484602188197258,,5.991209904910878,26,1
60,roll_2,HGB_local,ramp_scene,day_stable,2.7776923893527465,,2.00582739242555,471,1
60,roll_2,HGB_local,ramp_scene,night_lowlight,0.08741051952010706,,0.036933809626591256,438,1
60,roll_2,HGB_local_surface,irradiance_scene,day_high,3.425157329325057,,2.3747291645846245,170,1
60,roll_2,HGB_local_surface,irradiance_scene,day_low,2.7733369144515017,,1.7493374527018566,205,1
60,roll_2,HGB_local_surface,irradiance_scene,day_medium,3.6785388804492656,,2.4353329106831696,143,1
60,roll_2,HGB_local_surface,irradiance_scene,night_lowlight,0.14657822265900927,,0.07854059879351027,438,1
60,roll_2,HGB_local_surface,ramp_scene,day_ramp_down,8.073158062008684,,6.785603201173361,21,1
60,roll_2,HGB_local_surface,ramp_scene,day_ramp_up,6.76498288373542,,5.629096353215553,26,1
60,roll_2,HGB_local_surface,ramp_scene,day_stable,2.501620856721842,,1.7446211668847453,471,1
60,roll_2,HGB_local_surface,ramp_scene,night_lowlight,0.14657822265900927,,0.07854059879351027,438,1
60,roll_2,HGB_local_surface_pressure,irradiance_scene,day_high,3.573332378012283,,2.3504119394058716,170,1
60,roll_2,HGB_local_surface_pressure,irradiance_scene,day_low,2.5092665992538286,,1.6728898841417443,205,1
60,roll_2,HGB_local_surface_pressure,irradiance_scene,day_medium,3.200500977985695,,2.290544928521778,143,1
60,roll_2,HGB_local_surface_pressure,irradiance_scene,night_lowlight,0.1956074520344235,,0.10404024243723169,438,1
60,roll_2,HGB_local_surface_pressure,ramp_scene,day_ramp_down,6.940801097152091,,5.894238410215498,21,1
60,roll_2,HGB_local_surface_pressure,ramp_scene,day_ramp_up,7.380782034282557,,5.950635998621262,26,1
60,roll_2,HGB_local_surface_pressure,ramp_scene,day_stable,2.3030398447963405,,1.6806047519065639,471,1
60,roll_2,HGB_local_surface_pressure,ramp_scene,night_lowlight,0.1956074520344235,,0.10404024243723169,438,1
60,roll_2,LSTM,irradiance_scene,day_high,4.39070649296081,0.4717432622414975,2.7110927542946315,170,3
60,roll_2,LSTM,irradiance_scene,day_low,2.7341540416656698,0.24674984783297982,1.7825027368856408,205,3
60,roll_2,LSTM,irradiance_scene,day_medium,3.956114043313597,0.03821619048282758,2.9460246682645717,143,3
60,roll_2,LSTM,irradiance_scene,night_lowlight,0.4670703654515409,0.25788714322555467,0.23222510764125207,438,3
60,roll_2,LSTM,ramp_scene,day_ramp_down,8.32112501602289,0.8004716249552074,7.432869837584676,21,3
60,roll_2,LSTM,ramp_scene,day_ramp_up,10.081338693707975,1.2495626363962276,8.442516788804202,26,3
60,roll_2,LSTM,ramp_scene,day_stable,2.500546541899691,0.11225664200078674,1.851347460202314,471,3
60,roll_2,LSTM,ramp_scene,night_lowlight,0.4670703654515409,0.25788714322555467,0.23222510764125207,438,3
60,roll_2,persistence,irradiance_scene,day_high,5.3833527010116216,,3.7961344764705887,170,1
60,roll_2,persistence,irradiance_scene,day_low,4.436868436506782,,3.384117707317073,205,1
60,roll_2,persistence,irradiance_scene,day_medium,6.837295327937953,,6.262001517482517,143,1
60,roll_2,persistence,irradiance_scene,night_lowlight,0.5576503734246737,,0.1781099840182648,438,1
60,roll_2,persistence,ramp_scene,day_ramp_down,12.19349295838737,,11.884937809523809,21,1
60,roll_2,persistence,ramp_scene,day_ramp_up,12.932716215286096,,12.17389196153846,26,1
60,roll_2,persistence,ramp_scene,day_stable,4.166488054295735,,3.542353127388535,471,1
60,roll_2,persistence,ramp_scene,night_lowlight,0.5576503734246737,,0.1781099840182648,438,1
60,roll_3,GRU_local,irradiance_scene,day_high,5.062702257334168,0.8762452488529079,3.5486744128562755,168,3
60,roll_3,GRU_local,irradiance_scene,day_low,3.997226559677935,0.3972306056399641,2.6638161195054386,339,3
60,roll_3,GRU_local,irradiance_scene,day_medium,4.778448036725415,0.4631909806265933,3.431974851722177,194,3
60,roll_3,GRU_local,irradiance_scene,night_lowlight,0.9284522760842373,0.5622791658813456,0.601656638368787,588,3
60,roll_3,GRU_local,ramp_scene,day_ramp_down,9.729769191032533,0.9612632583358184,8.545693935264744,47,3
60,roll_3,GRU_local,ramp_scene,day_ramp_up,11.201598305006875,1.5855895684934205,10.51196840897497,36,3
60,roll_3,GRU_local,ramp_scene,day_stable,2.907975214106696,0.21897450520693001,2.2409961317568907,618,3
60,roll_3,GRU_local,ramp_scene,night_lowlight,0.9284522760842373,0.5622791658813456,0.601656638368787,588,3
60,roll_3,GRU_local_surface,irradiance_scene,day_high,4.911025149110516,0.5928723485200175,3.4484660319713414,168,3
60,roll_3,GRU_local_surface,irradiance_scene,day_low,3.826099573157798,0.5190076199934309,2.4841895720825997,339,3
60,roll_3,GRU_local_surface,irradiance_scene,day_medium,4.659639603931846,0.1983749494010209,3.3000372506642814,194,3
60,roll_3,GRU_local_surface,irradiance_scene,night_lowlight,0.806187273163641,0.5435562075628104,0.5387654231682221,588,3
60,roll_3,GRU_local_surface,ramp_scene,day_ramp_down,9.872921614060985,1.2913203293078568,8.60038335614278,47,3
60,roll_3,GRU_local_surface,ramp_scene,day_ramp_up,10.562815156545076,0.9589307484241091,10.08781044449538,36,3
60,roll_3,GRU_local_surface,ramp_scene,day_stable,2.7438151144734686,0.13142257889246375,2.0943537074361047,618,3
60,roll_3,GRU_local_surface,ramp_scene,night_lowlight,0.806187273163641,0.5435562075628104,0.5387654231682221,588,3
60,roll_3,GRU_local_surface_pressure,irradiance_scene,day_high,4.817965443295431,0.34161664085984206,2.995832358198441,168,3
60,roll_3,GRU_local_surface_pressure,irradiance_scene,day_low,3.8205130351585654,0.2005824195471933,2.2821717906272414,339,3
60,roll_3,GRU_local_surface_pressure,irradiance_scene,day_medium,4.8307884539525405,0.13255452118445402,3.28382677714596,194,3
60,roll_3,GRU_local_surface_pressure,irradiance_scene,night_lowlight,0.64296451202396,0.1936981364148384,0.3275456783592498,588,3
60,roll_3,GRU_local_surface_pressure,ramp_scene,day_ramp_down,10.734110299203488,0.6391136400948623,9.468415608471668,47,3
60,roll_3,GRU_local_surface_pressure,ramp_scene,day_ramp_up,10.95104299820901,0.7508360442300405,10.389110642179896,36,3
60,roll_3,GRU_local_surface_pressure,ramp_scene,day_stable,2.4256050658532837,0.10506042050187098,1.771836490695218,618,3
60,roll_3,GRU_local_surface_pressure,ramp_scene,night_lowlight,0.64296451202396,0.1936981364148384,0.3275456783592498,588,3
60,roll_3,HGB_local,irradiance_scene,day_high,5.170911210077331,,3.530533403723302,168,1
60,roll_3,HGB_local,irradiance_scene,day_low,3.5872252366492927,,2.367067960507773,339,1
60,roll_3,HGB_local,irradiance_scene,day_medium,5.127232363447499,,4.02785718161509,194,1
60,roll_3,HGB_local,irradiance_scene,night_lowlight,0.30026680974570735,,0.05159655731019935,588,1
60,roll_3,HGB_local,ramp_scene,day_ramp_down,8.604502286000319,,6.981565614117266,47,1
60,roll_3,HGB_local,ramp_scene,day_ramp_up,10.902055254402278,,10.06458244388352,36,1
60,roll_3,HGB_local,ramp_scene,day_stable,3.1663150349088163,,2.4053582392033315,618,1
60,roll_3,HGB_local,ramp_scene,night_lowlight,0.30026680974570735,,0.05159655731019935,588,1
60,roll_3,HGB_local_surface,irradiance_scene,day_high,4.920132688322615,,3.2096249103911276,168,1
60,roll_3,HGB_local_surface,irradiance_scene,day_low,3.464963855050951,,2.177216553079507,339,1
60,roll_3,HGB_local_surface,irradiance_scene,day_medium,4.7525288469826235,,3.5206277335143166,194,1
60,roll_3,HGB_local_surface,irradiance_scene,night_lowlight,0.21833621338166975,,0.09337573814931743,588,1
60,roll_3,HGB_local_surface,ramp_scene,day_ramp_down,8.981822470826202,,7.289855923664134,47,1
60,roll_3,HGB_local_surface,ramp_scene,day_ramp_up,10.600100681266728,,9.950411722789669,36,1
60,roll_3,HGB_local_surface,ramp_scene,day_stable,2.752472451067378,,2.0379565150627794,618,1
60,roll_3,HGB_local_surface,ramp_scene,night_lowlight,0.21833621338166975,,0.09337573814931743,588,1
60,roll_3,HGB_local_surface_pressure,irradiance_scene,day_high,4.343225168793622,,2.8342450680132734,168,1
60,roll_3,HGB_local_surface_pressure,irradiance_scene,day_low,3.693074925193288,,2.266026139131904,339,1
60,roll_3,HGB_local_surface_pressure,irradiance_scene,day_medium,4.907627941938735,,3.6996619822883394,194,1
60,roll_3,HGB_local_surface_pressure,irradiance_scene,night_lowlight,0.3067214920822173,,0.07082929859178479,588,1
60,roll_3,HGB_local_surface_pressure,ramp_scene,day_ramp_down,9.778175846489132,,7.903983514543904,47,1
60,roll_3,HGB_local_surface_pressure,ramp_scene,day_ramp_up,9.29770035211482,,8.642142324159089,36,1
60,roll_3,HGB_local_surface_pressure,ramp_scene,day_stable,2.8040639837223074,,2.070333508580247,618,1
60,roll_3,HGB_local_surface_pressure,ramp_scene,night_lowlight,0.3067214920822173,,0.07082929859178479,588,1
60,roll_3,LSTM,irradiance_scene,day_high,5.521422734218011,0.5981732334970382,3.4437663505181804,168,3
60,roll_3,LSTM,irradiance_scene,day_low,3.9057305957643127,0.20739849422924736,2.2935705144802268,339,3
60,roll_3,LSTM,irradiance_scene,day_medium,5.098479099199578,0.32948651571492327,3.492983427092262,194,3
60,roll_3,LSTM,irradiance_scene,night_lowlight,0.6041735706801862,0.2847886855768743,0.2896795942033616,588,3
60,roll_3,LSTM,ramp_scene,day_ramp_down,10.96150699285333,0.6239773841809789,9.701417048495367,47,3
60,roll_3,LSTM,ramp_scene,day_ramp_up,12.566341920213967,1.8707690405226676,11.931224065139318,36,3
60,roll_3,LSTM,ramp_scene,day_stable,2.5345404023974205,0.060186582579905196,1.8579632176819618,618,3
60,roll_3,LSTM,ramp_scene,night_lowlight,0.6041735706801862,0.2847886855768743,0.2896795942033616,588,3
60,roll_3,persistence,irradiance_scene,day_high,5.967556069858462,,4.25415906547619,168,1
60,roll_3,persistence,irradiance_scene,day_low,5.337010738937166,,3.531561687315634,339,1
60,roll_3,persistence,irradiance_scene,day_medium,7.133908583698023,,6.211964175257731,194,1
60,roll_3,persistence,irradiance_scene,night_lowlight,0.650024288512122,,0.17046795918367347,588,1
60,roll_3,persistence,ramp_scene,day_ramp_down,14.350984061609699,,13.684194319148935,47,1
60,roll_3,persistence,ramp_scene,day_ramp_up,13.129451554231165,,12.641787694444446,36,1
60,roll_3,persistence,ramp_scene,day_stable,3.9467446280906557,,3.2665982119741104,618,1
60,roll_3,persistence,ramp_scene,night_lowlight,0.650024288512122,,0.17046795918367347,588,1
