fold,split,classifier,bin_lower,n,mean_probability,event_frequency
roll_2,validation,LR,0.0,850,0.028864297266968295,0.02588235294117647
roll_2,validation,LR,0.1,72,0.12639857039904592,0.19444444444444445
roll_2,validation,LR,0.2,17,0.24533849968053095,0.0
roll_2,validation,LR,0.30000000000000004,11,0.3573435668440394,0.0
roll_2,validation,LR,0.4,6,0.4220145468432017,0.0
roll_2,evaluation,LR,0.0,613,0.03226308569020206,0.009787928221859706
roll_2,evaluation,LR,0.1,217,0.14031803656230563,0.08294930875576037
roll_2,evaluation,LR,0.2,70,0.24456281000900662,0.14285714285714285
roll_2,evaluation,LR,0.30000000000000004,30,0.35638036978436216,0.2
roll_2,evaluation,LR,0.4,17,0.43545812316047006,0.29411764705882354
roll_2,evaluation,LR,0.5,7,0.5339946267961344,0.2857142857142857
roll_2,evaluation,LR,0.6000000000000001,2,0.6134559520631204,0.0
roll_2,validation,HGB,0.0,903,0.021895590683093366,0.031007751937984496
roll_2,validation,HGB,0.1,50,0.13165695181549714,0.14
roll_2,validation,HGB,0.2,3,0.23286189945448024,0.3333333333333333
roll_2,evaluation,HGB,0.0,882,0.01909132192707531,0.036281179138321996
roll_2,evaluation,HGB,0.1,69,0.1336188432690294,0.2028985507246377
roll_2,evaluation,HGB,0.2,5,0.23780076629738883,0.2
roll_3,validation,LR,0.0,1338,0.02966484318409357,0.032137518684603884
roll_3,validation,LR,0.1,84,0.1318538973322973,0.2261904761904762
roll_3,validation,LR,0.2,14,0.23273290635224,0.0
roll_3,evaluation,LR,0.0,1231,0.02780459184044983,0.0479285134037368
roll_3,evaluation,LR,0.1,56,0.12732146636791378,0.39285714285714285
roll_3,evaluation,LR,0.2,2,0.231803920606601,1.0
roll_3,validation,HGB,0.0,1314,0.018209101391789065,0.0289193302891933
roll_3,validation,HGB,0.1,94,0.1404673384459628,0.19148936170212766
roll_3,validation,HGB,0.2,17,0.2606148948129236,0.11764705882352941
roll_3,validation,HGB,0.30000000000000004,9,0.3503944443296486,0.3333333333333333
roll_3,validation,HGB,0.4,2,0.4146413957991433,0.5
roll_3,evaluation,HGB,0.0,1274,0.013949502357354458,0.059654631083202514
roll_3,evaluation,HGB,0.1,14,0.1292469984152129,0.42857142857142855
roll_3,evaluation,HGB,0.2,1,0.22436557506274,1.0
