fold,split,model,scope,RMSE_MW,RMSE_seed_std_MW,MAE_MW,n,seed_runs
roll_2,evaluation,HGB_hard_0.15,all,2.39057887532728,,1.1919780739589543,956,1
roll_2,evaluation,HGB_hard_0.15,day_ramp,7.339908190248743,,6.095309654163951,47,1
roll_2,evaluation,HGB_hard_0.15,day_ramp_down,7.9964978027175775,,6.68176665197668,21,1
roll_2,evaluation,HGB_hard_0.15,day_ramp_up,6.763210252916366,,5.621632848238287,26,1
roll_2,evaluation,HGB_hard_0.15,day_stable,2.490710057103884,,1.7381118953025418,471,1
roll_2,evaluation,HGB_hard_0.15,daylight,3.2448363162432137,,2.1334560935003912,518,1
roll_2,evaluation,HGB_hard_0.15,night_lowlight,0.14657822265900927,,0.07854059879351027,438,1
roll_2,evaluation,HGB_soft,all,2.385025260733078,,1.1940288285137517,956,1
roll_2,evaluation,HGB_soft,day_ramp,7.314949834853373,,6.078188580747497,47,1
roll_2,evaluation,HGB_soft,day_ramp_down,8.002139731090477,,6.686302373378135,21,1
roll_2,evaluation,HGB_soft,day_ramp_up,6.708720029438073,,5.587019748238135,26,1
roll_2,evaluation,HGB_soft,day_stable,2.4872108736444396,,1.7437285692175597,471,1
roll_2,evaluation,HGB_soft,daylight,3.237273188214939,,2.137009689954832,518,1
roll_2,evaluation,HGB_soft,night_lowlight,0.14688987662195468,,0.07881401977749702,438,1
roll_2,evaluation,LR_hard_0.25,all,2.419871740599377,,1.2173357342907956,956,1
roll_2,evaluation,LR_hard_0.25,day_ramp,7.346933433066002,,6.032766076738897,47,1
roll_2,evaluation,LR_hard_0.25,day_ramp_down,8.163487316103412,,6.663878929679214,21,1
roll_2,evaluation,LR_hard_0.25,day_ramp_up,6.614221922149833,,5.5230210801332555,26,1
roll_2,evaluation,LR_hard_0.25,day_stable,2.5453328771966928,,1.7951373806212665,471,1
roll_2,evaluation,LR_hard_0.25,daylight,3.284577308812222,,2.179632648415723,518,1
roll_2,evaluation,LR_hard_0.25,night_lowlight,0.14888351466565772,,0.07927682671839298,438,1
roll_2,evaluation,LR_soft,all,2.3785129906526703,,1.1969013187029711,956,1
roll_2,evaluation,LR_soft,day_ramp,7.291106163574775,,6.037213892017381,47,1
roll_2,evaluation,LR_soft,day_ramp_down,8.043331862852884,,6.639516101929481,21,1
roll_2,evaluation,LR_soft,day_ramp_up,6.621444853320494,,5.550739030165304,26,1
roll_2,evaluation,LR_soft,day_stable,2.481374889316595,,1.7524549984973727,471,1
roll_2,evaluation,LR_soft,daylight,3.2283080722743938,,2.1412265583341306,518,1
roll_2,evaluation,LR_soft,night_lowlight,0.14973164519839696,,0.08009658324876873,438,1
roll_2,evaluation,baseline,all,2.401960973978397,,1.1976689584545162,956,1
roll_2,evaluation,baseline,day_ramp,7.3782073181996735,,6.145833455494571,47,1
roll_2,evaluation,baseline,day_ramp_down,8.073158062008684,,6.785603201173361,21,1
roll_2,evaluation,baseline,day_ramp_up,6.76498288373542,,5.629096353215553,26,1
roll_2,evaluation,baseline,day_stable,2.501620856721842,,1.7446211668847453,471,1
roll_2,evaluation,baseline,daylight,3.260312325685243,,2.143958961411119,518,1
roll_2,evaluation,baseline,night_lowlight,0.14657822265900927,,0.07854059879351027,438,1
roll_2,evaluation,expert,all,2.386394679701599,,1.2645377653647545,956,1
roll_2,evaluation,expert,day_ramp,6.9130123064033855,,5.55893838166085,47,1
roll_2,evaluation,expert,day_ramp_down,7.572670252285081,,5.8507408183031595,21,1
roll_2,evaluation,expert,day_ramp_up,6.330225753150416,,5.323251798218984,26,1
roll_2,evaluation,expert,day_stable,2.597296285358801,,1.891096820412953,471,1
roll_2,evaluation,expert,daylight,3.2357377122860527,,2.2238932555068742,518,1
roll_2,evaluation,expert,night_lowlight,0.2181576093504657,,0.129957528164714,438,1
roll_2,evaluation,oracle,all,2.332931560744728,,1.168815330347628,956,1
roll_2,evaluation,oracle,day_ramp,6.9130123064033855,,5.55893838166085,47,1
roll_2,evaluation,oracle,day_ramp_down,7.572670252285081,,5.8507408183031595,21,1
roll_2,evaluation,oracle,day_ramp_up,6.330225753150416,,5.323251798218984,26,1
roll_2,evaluation,oracle,day_stable,2.501620856721842,,1.7446211668847453,471,1
roll_2,evaluation,oracle,daylight,3.166452436519314,,2.09070786397833,518,1
roll_2,evaluation,oracle,night_lowlight,0.14657822265900927,,0.07854059879351027,438,1
roll_2,evaluation,selected,all,2.39057887532728,,1.1919780739589543,956,1
roll_2,evaluation,selected,day_ramp,7.339908190248743,,6.095309654163951,47,1
roll_2,evaluation,selected,day_ramp_down,7.9964978027175775,,6.68176665197668,21,1
roll_2,evaluation,selected,day_ramp_up,6.763210252916366,,5.621632848238287,26,1
roll_2,evaluation,selected,day_stable,2.490710057103884,,1.7381118953025418,471,1
roll_2,evaluation,selected,daylight,3.2448363162432137,,2.1334560935003912,518,1
roll_2,evaluation,selected,night_lowlight,0.14657822265900927,,0.07854059879351027,438,1
roll_2,validation,HGB_hard_0.10,all,2.380688292484547,,1.219055864799483,956,1
roll_2,validation,HGB_hard_0.10,day_ramp,6.865518004710129,,5.334427830702441,36,1
roll_2,validation,HGB_hard_0.10,day_ramp_down,7.741380294559564,,5.762077456652328,20,1
roll_2,validation,HGB_hard_0.10,day_ramp_up,5.580618087004678,,4.799865798265079,16,1
roll_2,validation,HGB_hard_0.10,day_stable,2.7862354559482516,,1.954110528775857,478,1
roll_2,validation,HGB_hard_0.10,daylight,3.243562250264106,,2.190864269766824,514,1
roll_2,validation,HGB_hard_0.10,night_lowlight,0.15530723078055,,0.08894382825375148,442,1
roll_2,validation,HGB_hard_0.15,all,2.3271805653684536,,1.2000960343135882,956,1
roll_2,validation,HGB_hard_0.15,day_ramp,6.7613811799450705,,5.206689177908469,36,1
roll_2,validation,HGB_hard_0.15,day_ramp_down,7.719907011201099,,5.655515679163838,20,1
roll_2,validation,HGB_hard_0.15,day_ramp_up,5.325919118722118,,4.645656051339259,16,1
roll_2,validation,HGB_hard_0.15,day_stable,2.7140685796379085,,1.9258113521149112,478,1
roll_2,validation,HGB_hard_0.15,daylight,3.1705154125844626,,2.15560046053625,514,1
roll_2,validation,HGB_hard_0.15,night_lowlight,0.15530723078055,,0.08894382825375148,442,1
roll_2,validation,HGB_hard_0.20,all,2.344790422324464,,1.2096728873573683,956,1
roll_2,validation,HGB_hard_0.20,day_ramp,6.877807973135223,,5.4325933116529175,36,1
roll_2,validation,HGB_hard_0.20,day_ramp_down,7.719907011201099,,5.655515679163838,20,1
roll_2,validation,HGB_hard_0.20,day_ramp_up,5.651401625480676,,5.153940352264266,16,1
roll_2,validation,HGB_hard_0.20,day_stable,2.7223368438600004,,1.9279513577530987,478,1
roll_2,validation,HGB_hard_0.20,daylight,3.194556131416082,,2.1734126619172884,514,1
roll_2,validation,HGB_hard_0.20,night_lowlight,0.15530723078055,,0.08894382825375148,442,1
roll_2,validation,HGB_hard_0.25,all,2.340305857711134,,1.205438812744665,956,1
roll_2,validation,HGB_hard_0.25,day_ramp,6.859450393101302,,5.3986272902763766,36,1
roll_2,validation,HGB_hard_0.25,day_ramp_down,7.6904509091316084,,5.594376840686065,20,1
roll_2,validation,HGB_hard_0.25,day_ramp_up,5.651401625480676,,5.153940352264266,16,1
roll_2,validation,HGB_hard_0.25,day_stable,2.7181040277781277,,1.9220413189242513,478,1
roll_2,validation,HGB_hard_0.25,daylight,3.1884339046370114,,2.1655376126376296,514,1
roll_2,validation,HGB_hard_0.25,night_lowlight,0.15530723078055,,0.08894382825375148,442,1
roll_2,validation,HGB_hard_0.30,all,2.340305857711134,,1.205438812744665,956,1
roll_2,validation,HGB_hard_0.30,day_ramp,6.859450393101302,,5.3986272902763766,36,1
roll_2,validation,HGB_hard_0.30,day_ramp_down,7.6904509091316084,,5.594376840686065,20,1
roll_2,validation,HGB_hard_0.30,day_ramp_up,5.651401625480676,,5.153940352264266,16,1
roll_2,validation,HGB_hard_0.30,day_stable,2.7181040277781277,,1.9220413189242513,478,1
roll_2,validation,HGB_hard_0.30,daylight,3.1884339046370114,,2.1655376126376296,514,1
roll_2,validation,HGB_hard_0.30,night_lowlight,0.15530723078055,,0.08894382825375148,442,1
roll_2,validation,HGB_hard_0.35,all,2.340305857711134,,1.205438812744665,956,1
roll_2,validation,HGB_hard_0.35,day_ramp,6.859450393101302,,5.3986272902763766,36,1
roll_2,validation,HGB_hard_0.35,day_ramp_down,7.6904509091316084,,5.594376840686065,20,1
roll_2,validation,HGB_hard_0.35,day_ramp_up,5.651401625480676,,5.153940352264266,16,1
roll_2,validation,HGB_hard_0.35,day_stable,2.7181040277781277,,1.9220413189242513,478,1
roll_2,validation,HGB_hard_0.35,daylight,3.1884339046370114,,2.1655376126376296,514,1
roll_2,validation,HGB_hard_0.35,night_lowlight,0.15530723078055,,0.08894382825375148,442,1
roll_2,validation,HGB_hard_0.40,all,2.340305857711134,,1.205438812744665,956,1
roll_2,validation,HGB_hard_0.40,day_ramp,6.859450393101302,,5.3986272902763766,36,1
roll_2,validation,HGB_hard_0.40,day_ramp_down,7.6904509091316084,,5.594376840686065,20,1
roll_2,validation,HGB_hard_0.40,day_ramp_up,5.651401625480676,,5.153940352264266,16,1
roll_2,validation,HGB_hard_0.40,day_stable,2.7181040277781277,,1.9220413189242513,478,1
roll_2,validation,HGB_hard_0.40,daylight,3.1884339046370114,,2.1655376126376296,514,1
roll_2,validation,HGB_hard_0.40,night_lowlight,0.15530723078055,,0.08894382825375148,442,1
roll_2,validation,HGB_hard_0.45,all,2.340305857711134,,1.205438812744665,956,1
roll_2,validation,HGB_hard_0.45,day_ramp,6.859450393101302,,5.3986272902763766,36,1
roll_2,validation,HGB_hard_0.45,day_ramp_down,7.6904509091316084,,5.594376840686065,20,1
roll_2,validation,HGB_hard_0.45,day_ramp_up,5.651401625480676,,5.153940352264266,16,1
roll_2,validation,HGB_hard_0.45,day_stable,2.7181040277781277,,1.9220413189242513,478,1
roll_2,validation,HGB_hard_0.45,daylight,3.1884339046370114,,2.1655376126376296,514,1
roll_2,validation,HGB_hard_0.45,night_lowlight,0.15530723078055,,0.08894382825375148,442,1
roll_2,validation,HGB_hard_0.50,all,2.340305857711134,,1.205438812744665,956,1
roll_2,validation,HGB_hard_0.50,day_ramp,6.859450393101302,,5.3986272902763766,36,1
roll_2,validation,HGB_hard_0.50,day_ramp_down,7.6904509091316084,,5.594376840686065,20,1
roll_2,validation,HGB_hard_0.50,day_ramp_up,5.651401625480676,,5.153940352264266,16,1
roll_2,validation,HGB_hard_0.50,day_stable,2.7181040277781277,,1.9220413189242513,478,1
roll_2,validation,HGB_hard_0.50,daylight,3.1884339046370114,,2.1655376126376296,514,1
roll_2,validation,HGB_hard_0.50,night_lowlight,0.15530723078055,,0.08894382825375148,442,1
roll_2,validation,HGB_hard_0.55,all,2.340305857711134,,1.205438812744665,956,1
roll_2,validation,HGB_hard_0.55,day_ramp,6.859450393101302,,5.3986272902763766,36,1
roll_2,validation,HGB_hard_0.55,day_ramp_down,7.6904509091316084,,5.594376840686065,20,1
roll_2,validation,HGB_hard_0.55,day_ramp_up,5.651401625480676,,5.153940352264266,16,1
roll_2,validation,HGB_hard_0.55,day_stable,2.7181040277781277,,1.9220413189242513,478,1
roll_2,validation,HGB_hard_0.55,daylight,3.1884339046370114,,2.1655376126376296,514,1
roll_2,validation,HGB_hard_0.55,night_lowlight,0.15530723078055,,0.08894382825375148,442,1
roll_2,validation,HGB_hard_0.60,all,2.340305857711134,,1.205438812744665,956,1
roll_2,validation,HGB_hard_0.60,day_ramp,6.859450393101302,,5.3986272902763766,36,1
roll_2,validation,HGB_hard_0.60,day_ramp_down,7.6904509091316084,,5.594376840686065,20,1
roll_2,validation,HGB_hard_0.60,day_ramp_up,5.651401625480676,,5.153940352264266,16,1
roll_2,validation,HGB_hard_0.60,day_stable,2.7181040277781277,,1.9220413189242513,478,1
roll_2,validation,HGB_hard_0.60,daylight,3.1884339046370114,,2.1655376126376296,514,1
roll_2,validation,HGB_hard_0.60,night_lowlight,0.15530723078055,,0.08894382825375148,442,1
roll_2,validation,HGB_hard_0.65,all,2.340305857711134,,1.205438812744665,956,1
roll_2,validation,HGB_hard_0.65,day_ramp,6.859450393101302,,5.3986272902763766,36,1
roll_2,validation,HGB_hard_0.65,day_ramp_down,7.6904509091316084,,5.594376840686065,20,1
roll_2,validation,HGB_hard_0.65,day_ramp_up,5.651401625480676,,5.153940352264266,16,1
roll_2,validation,HGB_hard_0.65,day_stable,2.7181040277781277,,1.9220413189242513,478,1
roll_2,validation,HGB_hard_0.65,daylight,3.1884339046370114,,2.1655376126376296,514,1
roll_2,validation,HGB_hard_0.65,night_lowlight,0.15530723078055,,0.08894382825375148,442,1
roll_2,validation,HGB_hard_0.70,all,2.340305857711134,,1.205438812744665,956,1
roll_2,validation,HGB_hard_0.70,day_ramp,6.859450393101302,,5.3986272902763766,36,1
roll_2,validation,HGB_hard_0.70,day_ramp_down,7.6904509091316084,,5.594376840686065,20,1
roll_2,validation,HGB_hard_0.70,day_ramp_up,5.651401625480676,,5.153940352264266,16,1
roll_2,validation,HGB_hard_0.70,day_stable,2.7181040277781277,,1.9220413189242513,478,1
roll_2,validation,HGB_hard_0.70,daylight,3.1884339046370114,,2.1655376126376296,514,1
roll_2,validation,HGB_hard_0.70,night_lowlight,0.15530723078055,,0.08894382825375148,442,1
roll_2,validation,HGB_hard_0.75,all,2.340305857711134,,1.205438812744665,956,1
roll_2,validation,HGB_hard_0.75,day_ramp,6.859450393101302,,5.3986272902763766,36,1
roll_2,validation,HGB_hard_0.75,day_ramp_down,7.6904509091316084,,5.594376840686065,20,1
roll_2,validation,HGB_hard_0.75,day_ramp_up,5.651401625480676,,5.153940352264266,16,1
roll_2,validation,HGB_hard_0.75,day_stable,2.7181040277781277,,1.9220413189242513,478,1
roll_2,validation,HGB_hard_0.75,daylight,3.1884339046370114,,2.1655376126376296,514,1
roll_2,validation,HGB_hard_0.75,night_lowlight,0.15530723078055,,0.08894382825375148,442,1
roll_2,validation,HGB_hard_0.80,all,2.340305857711134,,1.205438812744665,956,1
roll_2,validation,HGB_hard_0.80,day_ramp,6.859450393101302,,5.3986272902763766,36,1
roll_2,validation,HGB_hard_0.80,day_ramp_down,7.6904509091316084,,5.594376840686065,20,1
roll_2,validation,HGB_hard_0.80,day_ramp_up,5.651401625480676,,5.153940352264266,16,1
roll_2,validation,HGB_hard_0.80,day_stable,2.7181040277781277,,1.9220413189242513,478,1
roll_2,validation,HGB_hard_0.80,daylight,3.1884339046370114,,2.1655376126376296,514,1
roll_2,validation,HGB_hard_0.80,night_lowlight,0.15530723078055,,0.08894382825375148,442,1
roll_2,validation,HGB_hard_0.85,all,2.340305857711134,,1.205438812744665,956,1
roll_2,validation,HGB_hard_0.85,day_ramp,6.859450393101302,,5.3986272902763766,36,1
roll_2,validation,HGB_hard_0.85,day_ramp_down,7.6904509091316084,,5.594376840686065,20,1
roll_2,validation,HGB_hard_0.85,day_ramp_up,5.651401625480676,,5.153940352264266,16,1
roll_2,validation,HGB_hard_0.85,day_stable,2.7181040277781277,,1.9220413189242513,478,1
roll_2,validation,HGB_hard_0.85,daylight,3.1884339046370114,,2.1655376126376296,514,1
roll_2,validation,HGB_hard_0.85,night_lowlight,0.15530723078055,,0.08894382825375148,442,1
roll_2,validation,HGB_hard_0.90,all,2.340305857711134,,1.205438812744665,956,1
roll_2,validation,HGB_hard_0.90,day_ramp,6.859450393101302,,5.3986272902763766,36,1
roll_2,validation,HGB_hard_0.90,day_ramp_down,7.6904509091316084,,5.594376840686065,20,1
roll_2,validation,HGB_hard_0.90,day_ramp_up,5.651401625480676,,5.153940352264266,16,1
roll_2,validation,HGB_hard_0.90,day_stable,2.7181040277781277,,1.9220413189242513,478,1
roll_2,validation,HGB_hard_0.90,daylight,3.1884339046370114,,2.1655376126376296,514,1
roll_2,validation,HGB_hard_0.90,night_lowlight,0.15530723078055,,0.08894382825375148,442,1
roll_2,validation,HGB_soft,all,2.3354621952282772,,1.201198797046651,956,1
roll_2,validation,HGB_soft,day_ramp,6.8009105808482495,,5.337509378316435,36,1
roll_2,validation,HGB_soft,day_ramp_down,7.617718938096175,,5.54619974490347,20,1
roll_2,validation,HGB_soft,day_ramp_up,5.615230481892474,,5.076646420082639,16,1
roll_2,validation,HGB_soft,day_stable,2.7208488149456818,,1.918062602499235,478,1
roll_2,validation,HGB_soft,daylight,3.1818211097003357,,2.157556929210167,514,1
roll_2,validation,HGB_soft,night_lowlight,0.15531459069281017,,0.08905381982482394,442,1
roll_2,validation,LR_hard_0.10,all,2.460632520040438,,1.2660009647922454,956,1
roll_2,validation,LR_hard_0.10,day_ramp,6.307630465652956,,5.138397227256642,36,1
roll_2,validation,LR_hard_0.10,day_ramp_down,6.7487267046578046,,5.199254236444721,20,1
roll_2,validation,LR_hard_0.10,day_ramp_up,5.708529980439207,,5.062325965771545,16,1
roll_2,validation,LR_hard_0.10,day_stable,3.0150739110447455,,2.0627645398995593,478,1
roll_2,validation,LR_hard_0.10,daylight,3.3526932853854055,,2.278178502438188,514,1
roll_2,validation,LR_hard_0.10,night_lowlight,0.15530723078055,,0.08894382825375148,442,1
roll_2,validation,LR_hard_0.15,all,2.4607272688941215,,1.24765995321574,956,1
roll_2,validation,LR_hard_0.15,day_ramp,6.859450393101302,,5.3986272902763766,36,1
roll_2,validation,LR_hard_0.15,day_ramp_down,7.6904509091316084,,5.594376840686065,20,1
roll_2,validation,LR_hard_0.15,day_ramp_up,5.651401625480676,,5.153940352264266,16,1
roll_2,validation,LR_hard_0.15,day_stable,2.923077808459404,,2.006483599866401,478,1
roll_2,validation,LR_hard_0.15,daylight,3.352822622050011,,2.2440656482219636,514,1
roll_2,validation,LR_hard_0.15,night_lowlight,0.15530723078055,,0.08894382825375148,442,1
roll_2,validation,LR_hard_0.20,all,2.4172301377496725,,1.2277002631744567,956,1
roll_2,validation,LR_hard_0.20,day_ramp,6.859450393101302,,5.3986272902763766,36,1
roll_2,validation,LR_hard_0.20,day_ramp_down,7.6904509091316084,,5.594376840686065,20,1
roll_2,validation,LR_hard_0.20,day_ramp_up,5.651401625480676,,5.153940352264266,16,1
roll_2,validation,LR_hard_0.20,day_stable,2.8495665579593306,,1.9665642197838347,478,1
roll_2,validation,LR_hard_0.20,daylight,3.2934459980585835,,2.206942178028448,514,1
roll_2,validation,LR_hard_0.20,night_lowlight,0.15530723078055,,0.08894382825375148,442,1
roll_2,validation,LR_hard_0.25,all,2.369880563904974,,1.2139106118350582,956,1
roll_2,validation,LR_hard_0.25,day_ramp,6.859450393101302,,5.3986272902763766,36,1
roll_2,validation,LR_hard_0.25,day_ramp_down,7.6904509091316084,,5.594376840686065,20,1
roll_2,validation,LR_hard_0.25,day_ramp_up,5.651401625480676,,5.153940352264266,16,1
roll_2,validation,LR_hard_0.25,day_stable,2.768879604623267,,1.9389849171050377,478,1
roll_2,validation,LR_hard_0.25,daylight,3.228808193362759,,2.181294499661785,514,1
roll_2,validation,LR_hard_0.25,night_lowlight,0.15530723078055,,0.08894382825375148,442,1
roll_2,validation,LR_hard_0.30,all,2.3286686754796926,,1.2004493544033592,956,1
roll_2,validation,LR_hard_0.30,day_ramp,6.859450393101302,,5.3986272902763766,36,1
roll_2,validation,LR_hard_0.30,day_ramp_down,7.6904509091316084,,5.594376840686065,20,1
roll_2,validation,LR_hard_0.30,day_ramp_up,5.651401625480676,,5.153940352264266,16,1
roll_2,validation,LR_hard_0.30,day_stable,2.6980404168340915,,1.9120624022416393,478,1
roll_2,validation,LR_hard_0.30,daylight,3.1725469731173783,,2.1562576084074965,514,1
roll_2,validation,LR_hard_0.30,night_lowlight,0.15530723078055,,0.08894382825375148,442,1
roll_2,validation,LR_hard_0.35,all,2.3284877880157504,,1.1994258835075078,956,1
roll_2,validation,LR_hard_0.35,day_ramp,6.859450393101302,,5.3986272902763766,36,1
roll_2,validation,LR_hard_0.35,day_ramp_down,7.6904509091316084,,5.594376840686065,20,1
roll_2,validation,LR_hard_0.35,day_ramp_up,5.651401625480676,,5.153940352264266,16,1
roll_2,validation,LR_hard_0.35,day_stable,2.697728164294274,,1.9100154604499366,478,1
roll_2,validation,LR_hard_0.35,daylight,3.172300026592952,,2.1543540321887535,514,1
roll_2,validation,LR_hard_0.35,night_lowlight,0.15530723078055,,0.08894382825375148,442,1
roll_2,validation,LR_hard_0.40,all,2.3320126197765214,,1.2006181416827306,956,1
roll_2,validation,LR_hard_0.40,day_ramp,6.859450393101302,,5.3986272902763766,36,1
roll_2,validation,LR_hard_0.40,day_ramp_down,7.6904509091316084,,5.594376840686065,20,1
roll_2,validation,LR_hard_0.40,day_ramp_up,5.651401625480676,,5.153940352264266,16,1
roll_2,validation,LR_hard_0.40,day_stable,2.703810682748238,,1.9123999768003825,478,1
roll_2,validation,LR_hard_0.40,daylight,3.1771120995103868,,2.1565715396119307,514,1
roll_2,validation,LR_hard_0.40,night_lowlight,0.15530723078055,,0.08894382825375148,442,1
roll_2,validation,LR_hard_0.45,all,2.340305857711134,,1.205438812744665,956,1
roll_2,validation,LR_hard_0.45,day_ramp,6.859450393101302,,5.3986272902763766,36,1
roll_2,validation,LR_hard_0.45,day_ramp_down,7.6904509091316084,,5.594376840686065,20,1
roll_2,validation,LR_hard_0.45,day_ramp_up,5.651401625480676,,5.153940352264266,16,1
roll_2,validation,LR_hard_0.45,day_stable,2.7181040277781277,,1.9220413189242513,478,1
roll_2,validation,LR_hard_0.45,daylight,3.1884339046370114,,2.1655376126376296,514,1
roll_2,validation,LR_hard_0.45,night_lowlight,0.15530723078055,,0.08894382825375148,442,1
roll_2,validation,LR_hard_0.50,all,2.340305857711134,,1.205438812744665,956,1
roll_2,validation,LR_hard_0.50,day_ramp,6.859450393101302,,5.3986272902763766,36,1
roll_2,validation,LR_hard_0.50,day_ramp_down,7.6904509091316084,,5.594376840686065,20,1
roll_2,validation,LR_hard_0.50,day_ramp_up,5.651401625480676,,5.153940352264266,16,1
roll_2,validation,LR_hard_0.50,day_stable,2.7181040277781277,,1.9220413189242513,478,1
roll_2,validation,LR_hard_0.50,daylight,3.1884339046370114,,2.1655376126376296,514,1
roll_2,validation,LR_hard_0.50,night_lowlight,0.15530723078055,,0.08894382825375148,442,1
roll_2,validation,LR_hard_0.55,all,2.340305857711134,,1.205438812744665,956,1
roll_2,validation,LR_hard_0.55,day_ramp,6.859450393101302,,5.3986272902763766,36,1
roll_2,validation,LR_hard_0.55,day_ramp_down,7.6904509091316084,,5.594376840686065,20,1
roll_2,validation,LR_hard_0.55,day_ramp_up,5.651401625480676,,5.153940352264266,16,1
roll_2,validation,LR_hard_0.55,day_stable,2.7181040277781277,,1.9220413189242513,478,1
roll_2,validation,LR_hard_0.55,daylight,3.1884339046370114,,2.1655376126376296,514,1
roll_2,validation,LR_hard_0.55,night_lowlight,0.15530723078055,,0.08894382825375148,442,1
roll_2,validation,LR_hard_0.60,all,2.340305857711134,,1.205438812744665,956,1
roll_2,validation,LR_hard_0.60,day_ramp,6.859450393101302,,5.3986272902763766,36,1
roll_2,validation,LR_hard_0.60,day_ramp_down,7.6904509091316084,,5.594376840686065,20,1
roll_2,validation,LR_hard_0.60,day_ramp_up,5.651401625480676,,5.153940352264266,16,1
roll_2,validation,LR_hard_0.60,day_stable,2.7181040277781277,,1.9220413189242513,478,1
roll_2,validation,LR_hard_0.60,daylight,3.1884339046370114,,2.1655376126376296,514,1
roll_2,validation,LR_hard_0.60,night_lowlight,0.15530723078055,,0.08894382825375148,442,1
roll_2,validation,LR_hard_0.65,all,2.340305857711134,,1.205438812744665,956,1
roll_2,validation,LR_hard_0.65,day_ramp,6.859450393101302,,5.3986272902763766,36,1
roll_2,validation,LR_hard_0.65,day_ramp_down,7.6904509091316084,,5.594376840686065,20,1
roll_2,validation,LR_hard_0.65,day_ramp_up,5.651401625480676,,5.153940352264266,16,1
roll_2,validation,LR_hard_0.65,day_stable,2.7181040277781277,,1.9220413189242513,478,1
roll_2,validation,LR_hard_0.65,daylight,3.1884339046370114,,2.1655376126376296,514,1
roll_2,validation,LR_hard_0.65,night_lowlight,0.15530723078055,,0.08894382825375148,442,1
roll_2,validation,LR_hard_0.70,all,2.340305857711134,,1.205438812744665,956,1
roll_2,validation,LR_hard_0.70,day_ramp,6.859450393101302,,5.3986272902763766,36,1
roll_2,validation,LR_hard_0.70,day_ramp_down,7.6904509091316084,,5.594376840686065,20,1
roll_2,validation,LR_hard_0.70,day_ramp_up,5.651401625480676,,5.153940352264266,16,1
roll_2,validation,LR_hard_0.70,day_stable,2.7181040277781277,,1.9220413189242513,478,1
roll_2,validation,LR_hard_0.70,daylight,3.1884339046370114,,2.1655376126376296,514,1
roll_2,validation,LR_hard_0.70,night_lowlight,0.15530723078055,,0.08894382825375148,442,1
roll_2,validation,LR_hard_0.75,all,2.340305857711134,,1.205438812744665,956,1
roll_2,validation,LR_hard_0.75,day_ramp,6.859450393101302,,5.3986272902763766,36,1
roll_2,validation,LR_hard_0.75,day_ramp_down,7.6904509091316084,,5.594376840686065,20,1
roll_2,validation,LR_hard_0.75,day_ramp_up,5.651401625480676,,5.153940352264266,16,1
roll_2,validation,LR_hard_0.75,day_stable,2.7181040277781277,,1.9220413189242513,478,1
roll_2,validation,LR_hard_0.75,daylight,3.1884339046370114,,2.1655376126376296,514,1
roll_2,validation,LR_hard_0.75,night_lowlight,0.15530723078055,,0.08894382825375148,442,1
roll_2,validation,LR_hard_0.80,all,2.340305857711134,,1.205438812744665,956,1
roll_2,validation,LR_hard_0.80,day_ramp,6.859450393101302,,5.3986272902763766,36,1
roll_2,validation,LR_hard_0.80,day_ramp_down,7.6904509091316084,,5.594376840686065,20,1
roll_2,validation,LR_hard_0.80,day_ramp_up,5.651401625480676,,5.153940352264266,16,1
roll_2,validation,LR_hard_0.80,day_stable,2.7181040277781277,,1.9220413189242513,478,1
roll_2,validation,LR_hard_0.80,daylight,3.1884339046370114,,2.1655376126376296,514,1
roll_2,validation,LR_hard_0.80,night_lowlight,0.15530723078055,,0.08894382825375148,442,1
roll_2,validation,LR_hard_0.85,all,2.340305857711134,,1.205438812744665,956,1
roll_2,validation,LR_hard_0.85,day_ramp,6.859450393101302,,5.3986272902763766,36,1
roll_2,validation,LR_hard_0.85,day_ramp_down,7.6904509091316084,,5.594376840686065,20,1
roll_2,validation,LR_hard_0.85,day_ramp_up,5.651401625480676,,5.153940352264266,16,1
roll_2,validation,LR_hard_0.85,day_stable,2.7181040277781277,,1.9220413189242513,478,1
roll_2,validation,LR_hard_0.85,daylight,3.1884339046370114,,2.1655376126376296,514,1
roll_2,validation,LR_hard_0.85,night_lowlight,0.15530723078055,,0.08894382825375148,442,1
roll_2,validation,LR_hard_0.90,all,2.340305857711134,,1.205438812744665,956,1
roll_2,validation,LR_hard_0.90,day_ramp,6.859450393101302,,5.3986272902763766,36,1
roll_2,validation,LR_hard_0.90,day_ramp_down,7.6904509091316084,,5.594376840686065,20,1
roll_2,validation,LR_hard_0.90,day_ramp_up,5.651401625480676,,5.153940352264266,16,1
roll_2,validation,LR_hard_0.90,day_stable,2.7181040277781277,,1.9220413189242513,478,1
roll_2,validation,LR_hard_0.90,daylight,3.1884339046370114,,2.1655376126376296,514,1
roll_2,validation,LR_hard_0.90,night_lowlight,0.15530723078055,,0.08894382825375148,442,1
roll_2,validation,LR_soft,all,2.347290520222181,,1.2058305321465648,956,1
roll_2,validation,LR_soft,day_ramp,6.773596001977602,,5.337506065008855,36,1
roll_2,validation,LR_soft,day_ramp_down,7.555200570141516,,5.518400719671542,20,1
roll_2,validation,LR_soft,day_ramp_up,5.646440181803246,,5.111387746680499,16,1
roll_2,validation,LR_soft,day_stable,2.746224275966937,,1.9273861203631628,478,1
roll_2,validation,LR_soft,daylight,3.1979727091939973,,2.166227205980371,514,1
roll_2,validation,LR_soft,night_lowlight,0.15522314305139526,,0.08898915126290835,442,1
roll_2,validation,baseline,all,2.340305857711134,,1.205438812744665,956,1
roll_2,validation,baseline,day_ramp,6.859450393101302,,5.3986272902763766,36,1
roll_2,validation,baseline,day_ramp_down,7.6904509091316084,,5.594376840686065,20,1
roll_2,validation,baseline,day_ramp_up,5.651401625480676,,5.153940352264266,16,1
roll_2,validation,baseline,day_stable,2.7181040277781277,,1.9220413189242513,478,1
roll_2,validation,baseline,daylight,3.1884339046370114,,2.1655376126376296,514,1
roll_2,validation,baseline,night_lowlight,0.15530723078055,,0.08894382825375148,442,1
roll_2,validation,expert,all,2.4918256307652324,,1.3123957294619604,956,1
roll_2,validation,expert,day_ramp,6.230504865319521,,4.8265328008170965,36,1
roll_2,validation,expert,day_ramp_down,6.564114660374591,,4.888512424179792,20,1
roll_2,validation,expert,day_ramp_up,5.786508263154232,,4.749058271613728,16,1
roll_2,validation,expert,day_stable,3.0762641940838718,,2.1570157769448954,478,1
roll_2,validation,expert,daylight,3.3940313646706812,,2.3439858408736876,514,1
roll_2,validation,expert,night_lowlight,0.18418008617338938,,0.11276378994696541,442,1
roll_2,validation,oracle,all,2.273105179884488,,1.1838955056102154,956,1
roll_2,validation,oracle,day_ramp,6.230504865319521,,4.8265328008170965,36,1
roll_2,validation,oracle,day_ramp_down,6.564114660374591,,4.888512424179792,20,1
roll_2,validation,oracle,day_ramp_up,5.786508263154232,,4.749058271613728,16,1
roll_2,validation,oracle,day_stable,2.7181040277781277,,1.9220413189242513,478,1
roll_2,validation,oracle,daylight,3.096690104263467,,2.125468737889509,514,1
roll_2,validation,oracle,night_lowlight,0.15530723078055,,0.08894382825375148,442,1
roll_2,validation,selected,all,2.3271805653684536,,1.2000960343135882,956,1
roll_2,validation,selected,day_ramp,6.7613811799450705,,5.206689177908469,36,1
roll_2,validation,selected,day_ramp_down,7.719907011201099,,5.655515679163838,20,1
roll_2,validation,selected,day_ramp_up,5.325919118722118,,4.645656051339259,16,1
roll_2,validation,selected,day_stable,2.7140685796379085,,1.9258113521149112,478,1
roll_2,validation,selected,daylight,3.1705154125844626,,2.15560046053625,514,1
roll_2,validation,selected,night_lowlight,0.15530723078055,,0.08894382825375148,442,1
roll_3,evaluation,HGB_hard_0.30,all,3.119887556447806,,1.56338255296605,1289,1
roll_3,evaluation,HGB_hard_0.30,day_ramp,9.716880220044413,,8.4438319329234,83,1
roll_3,evaluation,HGB_hard_0.30,day_ramp_down,8.981822470826202,,7.289855923664134,47,1
roll_3,evaluation,HGB_hard_0.30,day_ramp_up,10.600100681266728,,9.950411722789669,36,1
roll_3,evaluation,HGB_hard_0.30,day_stable,2.752472451067378,,2.0379565150627794,618,1
roll_3,evaluation,HGB_hard_0.30,daylight,4.225914687895353,,2.7964267856511267,701,1
roll_3,evaluation,HGB_hard_0.30,night_lowlight,0.21833621338166975,,0.09337573814931743,588,1
roll_3,evaluation,HGB_soft,all,3.112986023106945,,1.5618616868906923,1289,1
roll_3,evaluation,HGB_soft,day_ramp,9.68364941699573,,8.402977751855675,83,1
roll_3,evaluation,HGB_soft,day_ramp_down,8.967809071201376,,7.264737882371165,47,1
roll_3,evaluation,HGB_soft,day_ramp_up,10.545337703792326,,9.889013137016004,36,1
roll_3,evaluation,HGB_soft,day_stable,2.75173673638333,,2.04020614670375,618,1
roll_3,evaluation,HGB_soft,daylight,4.216450108138264,,2.793572827484933,701,1
roll_3,evaluation,HGB_soft,night_lowlight,0.22052257311323806,,0.09344415363123099,588,1
roll_3,evaluation,LR_hard_0.20,all,3.1169766859004495,,1.5636444260159768,1289,1
roll_3,evaluation,LR_hard_0.20,day_ramp,9.70236138594953,,8.44789885293973,83,1
roll_3,evaluation,LR_hard_0.20,day_ramp_down,8.954062344637938,,7.2970379313525475,47,1
roll_3,evaluation,LR_hard_0.20,day_ramp_up,10.600100681266728,,9.950411722789669,36,1
roll_3,evaluation,LR_hard_0.20,day_stable,2.752472451067378,,2.0379565150627794,618,1
roll_3,evaluation,LR_hard_0.20,daylight,4.221963056184192,,2.7969083182636165,701,1
roll_3,evaluation,LR_hard_0.20,night_lowlight,0.21833621338166975,,0.09337573814931743,588,1
roll_3,evaluation,LR_soft,all,3.102018350086832,,1.5593971134414002,1289,1
roll_3,evaluation,LR_soft,day_ramp,9.627123803703885,,8.35884605907432,83,1
roll_3,evaluation,LR_soft,day_ramp_down,8.95920918937784,,7.271756905319761,47,1
roll_3,evaluation,LR_soft,day_ramp_up,10.434979076389025,,9.778101343142772,36,1
roll_3,evaluation,LR_soft,day_stable,2.752322000369398,,2.040806999227075,618,1
roll_3,evaluation,LR_soft,daylight,4.201434163138829,,2.788877244544224,701,1
roll_3,evaluation,LR_soft,night_lowlight,0.22337521136502844,,0.0936393380960266,588,1
roll_3,evaluation,baseline,all,3.119887556447806,,1.56338255296605,1289,1
roll_3,evaluation,baseline,day_ramp,9.716880220044413,,8.4438319329234,83,1
roll_3,evaluation,baseline,day_ramp_down,8.981822470826202,,7.289855923664134,47,1
roll_3,evaluation,baseline,day_ramp_up,10.600100681266728,,9.950411722789669,36,1
roll_3,evaluation,baseline,day_stable,2.752472451067378,,2.0379565150627794,618,1
roll_3,evaluation,baseline,daylight,4.225914687895353,,2.7964267856511267,701,1
roll_3,evaluation,baseline,night_lowlight,0.21833621338166975,,0.09337573814931743,588,1
roll_3,evaluation,expert,all,3.017373616656258,,1.547587287581386,1289,1
roll_3,evaluation,expert,day_ramp,8.681538366060606,,7.242287029375355,83,1
roll_3,evaluation,expert,day_ramp_down,8.955460160444591,,7.141728954854152,47,1
roll_3,evaluation,expert,day_ramp_up,8.310340718889433,,7.373571182222482,36,1
roll_3,evaluation,expert,day_stable,2.963304824005925,,2.194044128304939,618,1
roll_3,evaluation,expert,daylight,4.082320262025128,,2.79176761017205,701,1
roll_3,evaluation,expert,night_lowlight,0.30122816158019394,,0.06430428394863931,588,1
roll_3,evaluation,oracle,all,2.9166995983569945,,1.4860138741495352,1289,1
roll_3,evaluation,oracle,day_ramp,8.681538366060606,,7.242287029375355,83,1
roll_3,evaluation,oracle,day_ramp_down,8.955460160444591,,7.141728954854152,47,1
roll_3,evaluation,oracle,day_ramp_up,8.310340718889433,,7.373571182222482,36,1
roll_3,evaluation,oracle,day_stable,2.752472451067378,,2.0379565150627794,618,1
roll_3,evaluation,oracle,daylight,3.9500570855470807,,2.6541611266005023,701,1
roll_3,evaluation,oracle,night_lowlight,0.21833621338166975,,0.09337573814931743,588,1
roll_3,evaluation,selected,all,3.102018350086832,,1.5593971134414002,1289,1
roll_3,evaluation,selected,day_ramp,9.627123803703885,,8.35884605907432,83,1
roll_3,evaluation,selected,day_ramp_down,8.95920918937784,,7.271756905319761,47,1
roll_3,evaluation,selected,day_ramp_up,10.434979076389025,,9.778101343142772,36,1
roll_3,evaluation,selected,day_stable,2.752322000369398,,2.040806999227075,618,1
roll_3,evaluation,selected,daylight,4.201434163138829,,2.788877244544224,701,1
roll_3,evaluation,selected,night_lowlight,0.22337521136502844,,0.0936393380960266,588,1
roll_3,validation,HGB_hard_0.10,all,2.3854319240003967,,1.1507041089910872,1436,1
roll_3,validation,HGB_hard_0.10,day_ramp,6.684945162558226,,4.710545028679096,62,1
roll_3,validation,HGB_hard_0.10,day_ramp_down,5.136334175846128,,3.4523225778224975,28,1
roll_3,validation,HGB_hard_0.10,day_ramp_up,7.730749312648354,,5.746728223502176,34,1
roll_3,validation,HGB_hard_0.10,day_stable,2.7230967392412873,,1.80357765136817,727,1
roll_3,validation,HGB_hard_0.10,daylight,3.2162407692545725,,2.0320085479375964,789,1
roll_3,validation,HGB_hard_0.10,night_lowlight,0.12226879739074363,,0.07597582100222201,647,1
roll_3,validation,HGB_hard_0.15,all,2.371140038284569,,1.1438271503596915,1436,1
roll_3,validation,HGB_hard_0.15,day_ramp,6.666411935439276,,4.701751155025963,62,1
roll_3,validation,HGB_hard_0.15,day_ramp_down,5.07104847911106,,3.3754453744664574,28,1
roll_3,validation,HGB_hard_0.15,day_ramp_up,7.73705763117106,,5.794002974310263,34,1
roll_3,validation,HGB_hard_0.15,day_stable,2.702236244828494,,1.7907439616457632,727,1
roll_3,validation,HGB_hard_0.15,daylight,3.1969483364237496,,2.0194923089075787,789,1
roll_3,validation,HGB_hard_0.15,night_lowlight,0.12226879739074363,,0.07597582100222201,647,1
roll_3,validation,HGB_hard_0.20,all,2.337128220878759,,1.1291554689009986,1436,1
roll_3,validation,HGB_hard_0.20,day_ramp,6.698256920989299,,4.784002563042467,62,1
roll_3,validation,HGB_hard_0.20,day_ramp_down,5.065933892363103,,3.4139801951986075,28,1
roll_3,validation,HGB_hard_0.20,day_ramp_up,7.789791254251819,,5.912256277737411,34,1
roll_3,validation,HGB_hard_0.20,day_stable,2.636185930494918,,1.7547492960725766,727,1
roll_3,validation,HGB_hard_0.20,daylight,3.1510356555792467,,1.9927894767470165,789,1
roll_3,validation,HGB_hard_0.20,night_lowlight,0.12226879739074363,,0.07597582100222201,647,1
roll_3,validation,HGB_hard_0.25,all,2.341354796355863,,1.1304496509591704,1436,1
roll_3,validation,HGB_hard_0.25,day_ramp,6.698256920989299,,4.784002563042467,62,1
roll_3,validation,HGB_hard_0.25,day_ramp_down,5.065933892363103,,3.4139801951986075,28,1
roll_3,validation,HGB_hard_0.25,day_ramp_up,7.789791254251819,,5.912256277737411,34,1
roll_3,validation,HGB_hard_0.25,day_stable,2.6435836650606386,,1.7573056171668473,727,1
roll_3,validation,HGB_hard_0.25,daylight,3.1567411699516787,,1.9951449208985184,789,1
roll_3,validation,HGB_hard_0.25,night_lowlight,0.12226879739074363,,0.07597582100222201,647,1
roll_3,validation,HGB_hard_0.30,all,2.328055411481428,,1.1259482303220003,1436,1
roll_3,validation,HGB_hard_0.30,day_ramp,6.696793783115359,,4.777586953172492,62,1
roll_3,validation,HGB_hard_0.30,day_ramp_down,5.061648826778822,,3.3997742019150903,28,1
roll_3,validation,HGB_hard_0.30,day_ramp_up,7.789791254251819,,5.912256277737411,34,1
roll_3,validation,HGB_hard_0.30,day_stable,2.620599742576424,,1.7489613637651449,727,1
roll_3,validation,HGB_hard_0.30,daylight,3.1387880979708154,,1.9869522212344168,789,1
roll_3,validation,HGB_hard_0.30,night_lowlight,0.12226879739074363,,0.07597582100222201,647,1
roll_3,validation,HGB_hard_0.35,all,2.328989022227323,,1.1266925932913094,1436,1
roll_3,validation,HGB_hard_0.35,day_ramp,6.700809861361246,,4.796989728410527,62,1
roll_3,validation,HGB_hard_0.35,day_ramp_down,5.061648826778822,,3.3997742019150903,28,1
roll_3,validation,HGB_hard_0.35,day_ramp_up,7.796086472609037,,5.947637809053827,34,1
roll_3,validation,HGB_hard_0.35,day_stable,2.6213627041833805,,1.7487769527048553,727,1
roll_3,validation,HGB_hard_0.35,daylight,3.1400483995663566,,1.9883069807070755,789,1
roll_3,validation,HGB_hard_0.35,night_lowlight,0.12226879739074363,,0.07597582100222201,647,1
roll_3,validation,HGB_hard_0.40,all,2.3294347868368708,,1.1278449706576879,1436,1
roll_3,validation,HGB_hard_0.40,day_ramp,6.705316623756877,,4.815750435279679,62,1
roll_3,validation,HGB_hard_0.40,day_ramp_down,5.074846998868753,,3.441315767125357,28,1
roll_3,validation,HGB_hard_0.40,day_ramp_up,7.796086472609037,,5.947637809053827,34,1
roll_3,validation,HGB_hard_0.40,day_stable,2.621162251297164,,1.7494532251563437,727,1
roll_3,validation,HGB_hard_0.40,daylight,3.1406501467551378,,1.9904043367249709,789,1
roll_3,validation,HGB_hard_0.40,night_lowlight,0.12226879739074363,,0.07597582100222201,647,1
roll_3,validation,HGB_hard_0.45,all,2.3294923723676875,,1.1279688043285094,1436,1
roll_3,validation,HGB_hard_0.45,day_ramp,6.706007659731413,,4.823561132889458,62,1
roll_3,validation,HGB_hard_0.45,day_ramp_down,5.074846998868753,,3.441315767125357,28,1
roll_3,validation,HGB_hard_0.45,day_ramp_up,7.797170270404995,,5.961880845871658,34,1
roll_3,validation,HGB_hard_0.45,day_stable,2.621112571059593,,1.7490317147017271,727,1
roll_3,validation,HGB_hard_0.45,daylight,3.140727882685464,,1.9906297171448695,789,1
roll_3,validation,HGB_hard_0.45,night_lowlight,0.12226879739074363,,0.07597582100222201,647,1
roll_3,validation,HGB_hard_0.50,all,2.3294923723676875,,1.1279688043285094,1436,1
roll_3,validation,HGB_hard_0.50,day_ramp,6.706007659731413,,4.823561132889458,62,1
roll_3,validation,HGB_hard_0.50,day_ramp_down,5.074846998868753,,3.441315767125357,28,1
roll_3,validation,HGB_hard_0.50,day_ramp_up,7.797170270404995,,5.961880845871658,34,1
roll_3,validation,HGB_hard_0.50,day_stable,2.621112571059593,,1.7490317147017271,727,1
roll_3,validation,HGB_hard_0.50,daylight,3.140727882685464,,1.9906297171448695,789,1
roll_3,validation,HGB_hard_0.50,night_lowlight,0.12226879739074363,,0.07597582100222201,647,1
roll_3,validation,HGB_hard_0.55,all,2.3294923723676875,,1.1279688043285094,1436,1
roll_3,validation,HGB_hard_0.55,day_ramp,6.706007659731413,,4.823561132889458,62,1
roll_3,validation,HGB_hard_0.55,day_ramp_down,5.074846998868753,,3.441315767125357,28,1
roll_3,validation,HGB_hard_0.55,day_ramp_up,7.797170270404995,,5.961880845871658,34,1
roll_3,validation,HGB_hard_0.55,day_stable,2.621112571059593,,1.7490317147017271,727,1
roll_3,validation,HGB_hard_0.55,daylight,3.140727882685464,,1.9906297171448695,789,1
roll_3,validation,HGB_hard_0.55,night_lowlight,0.12226879739074363,,0.07597582100222201,647,1
roll_3,validation,HGB_hard_0.60,all,2.3294923723676875,,1.1279688043285094,1436,1
roll_3,validation,HGB_hard_0.60,day_ramp,6.706007659731413,,4.823561132889458,62,1
roll_3,validation,HGB_hard_0.60,day_ramp_down,5.074846998868753,,3.441315767125357,28,1
roll_3,validation,HGB_hard_0.60,day_ramp_up,7.797170270404995,,5.961880845871658,34,1
roll_3,validation,HGB_hard_0.60,day_stable,2.621112571059593,,1.7490317147017271,727,1
roll_3,validation,HGB_hard_0.60,daylight,3.140727882685464,,1.9906297171448695,789,1
roll_3,validation,HGB_hard_0.60,night_lowlight,0.12226879739074363,,0.07597582100222201,647,1
roll_3,validation,HGB_hard_0.65,all,2.3294923723676875,,1.1279688043285094,1436,1
roll_3,validation,HGB_hard_0.65,day_ramp,6.706007659731413,,4.823561132889458,62,1
roll_3,validation,HGB_hard_0.65,day_ramp_down,5.074846998868753,,3.441315767125357,28,1
roll_3,validation,HGB_hard_0.65,day_ramp_up,7.797170270404995,,5.961880845871658,34,1
roll_3,validation,HGB_hard_0.65,day_stable,2.621112571059593,,1.7490317147017271,727,1
roll_3,validation,HGB_hard_0.65,daylight,3.140727882685464,,1.9906297171448695,789,1
roll_3,validation,HGB_hard_0.65,night_lowlight,0.12226879739074363,,0.07597582100222201,647,1
roll_3,validation,HGB_hard_0.70,all,2.3294923723676875,,1.1279688043285094,1436,1
roll_3,validation,HGB_hard_0.70,day_ramp,6.706007659731413,,4.823561132889458,62,1
roll_3,validation,HGB_hard_0.70,day_ramp_down,5.074846998868753,,3.441315767125357,28,1
roll_3,validation,HGB_hard_0.70,day_ramp_up,7.797170270404995,,5.961880845871658,34,1
roll_3,validation,HGB_hard_0.70,day_stable,2.621112571059593,,1.7490317147017271,727,1
roll_3,validation,HGB_hard_0.70,daylight,3.140727882685464,,1.9906297171448695,789,1
roll_3,validation,HGB_hard_0.70,night_lowlight,0.12226879739074363,,0.07597582100222201,647,1
roll_3,validation,HGB_hard_0.75,all,2.3294923723676875,,1.1279688043285094,1436,1
roll_3,validation,HGB_hard_0.75,day_ramp,6.706007659731413,,4.823561132889458,62,1
roll_3,validation,HGB_hard_0.75,day_ramp_down,5.074846998868753,,3.441315767125357,28,1
roll_3,validation,HGB_hard_0.75,day_ramp_up,7.797170270404995,,5.961880845871658,34,1
roll_3,validation,HGB_hard_0.75,day_stable,2.621112571059593,,1.7490317147017271,727,1
roll_3,validation,HGB_hard_0.75,daylight,3.140727882685464,,1.9906297171448695,789,1
roll_3,validation,HGB_hard_0.75,night_lowlight,0.12226879739074363,,0.07597582100222201,647,1
roll_3,validation,HGB_hard_0.80,all,2.3294923723676875,,1.1279688043285094,1436,1
roll_3,validation,HGB_hard_0.80,day_ramp,6.706007659731413,,4.823561132889458,62,1
roll_3,validation,HGB_hard_0.80,day_ramp_down,5.074846998868753,,3.441315767125357,28,1
roll_3,validation,HGB_hard_0.80,day_ramp_up,7.797170270404995,,5.961880845871658,34,1
roll_3,validation,HGB_hard_0.80,day_stable,2.621112571059593,,1.7490317147017271,727,1
roll_3,validation,HGB_hard_0.80,daylight,3.140727882685464,,1.9906297171448695,789,1
roll_3,validation,HGB_hard_0.80,night_lowlight,0.12226879739074363,,0.07597582100222201,647,1
roll_3,validation,HGB_hard_0.85,all,2.3294923723676875,,1.1279688043285094,1436,1
roll_3,validation,HGB_hard_0.85,day_ramp,6.706007659731413,,4.823561132889458,62,1
roll_3,validation,HGB_hard_0.85,day_ramp_down,5.074846998868753,,3.441315767125357,28,1
roll_3,validation,HGB_hard_0.85,day_ramp_up,7.797170270404995,,5.961880845871658,34,1
roll_3,validation,HGB_hard_0.85,day_stable,2.621112571059593,,1.7490317147017271,727,1
roll_3,validation,HGB_hard_0.85,daylight,3.140727882685464,,1.9906297171448695,789,1
roll_3,validation,HGB_hard_0.85,night_lowlight,0.12226879739074363,,0.07597582100222201,647,1
roll_3,validation,HGB_hard_0.90,all,2.3294923723676875,,1.1279688043285094,1436,1
roll_3,validation,HGB_hard_0.90,day_ramp,6.706007659731413,,4.823561132889458,62,1
roll_3,validation,HGB_hard_0.90,day_ramp_down,5.074846998868753,,3.441315767125357,28,1
roll_3,validation,HGB_hard_0.90,day_ramp_up,7.797170270404995,,5.961880845871658,34,1
roll_3,validation,HGB_hard_0.90,day_stable,2.621112571059593,,1.7490317147017271,727,1
roll_3,validation,HGB_hard_0.90,daylight,3.140727882685464,,1.9906297171448695,789,1
roll_3,validation,HGB_hard_0.90,night_lowlight,0.12226879739074363,,0.07597582100222201,647,1
roll_3,validation,HGB_soft,all,2.331708675869101,,1.129079908610659,1436,1
roll_3,validation,HGB_soft,day_ramp,6.653981981063999,,4.74505098106546,62,1
roll_3,validation,HGB_soft,day_ramp_down,5.066664410550749,,3.382932835792057,28,1
roll_3,validation,HGB_soft,day_ramp_up,7.71989228378858,,5.866795335996497,34,1
roll_3,validation,HGB_soft,day_stable,2.636273538082387,,1.7579160424122855,727,1
roll_3,validation,HGB_soft,daylight,3.1437234171172683,,1.9926465445624713,789,1
roll_3,validation,HGB_soft,night_lowlight,0.12215269558757862,,0.07598241901872758,647,1
roll_3,validation,LR_hard_0.10,all,2.3906727846339266,,1.1545292156282996,1436,1
roll_3,validation,LR_hard_0.10,day_ramp,6.568455367381261,,4.656679536908147,62,1
roll_3,validation,LR_hard_0.10,day_ramp_down,5.15384771400113,,3.386100321635162,28,1
roll_3,validation,LR_hard_0.10,day_ramp_up,7.53662717386804,,5.70303889066237,34,1
roll_3,validation,LR_hard_0.10,day_stable,2.7561053252148264,,1.8153299977421689,727,1
roll_3,validation,LR_hard_0.10,daylight,3.2232800029961255,,2.0386046129871507,789,1
roll_3,validation,LR_hard_0.10,night_lowlight,0.12339848322199504,,0.0764218145214472,647,1
roll_3,validation,LR_hard_0.15,all,2.386996096843483,,1.1500957510968748,1436,1
roll_3,validation,LR_hard_0.15,day_ramp,6.678555929653872,,4.795028375305721,62,1
roll_3,validation,LR_hard_0.15,day_ramp_down,5.0560557957113845,,3.424307032324981,28,1
roll_3,validation,LR_hard_0.15,day_ramp_up,7.764188475225849,,5.923857716583977,34,1
roll_3,validation,LR_hard_0.15,day_stable,2.7271381374509103,,1.7951710909459695,727,1
roll_3,validation,LR_hard_0.15,daylight,3.2183522177095796,,2.030901321149144,789,1
roll_3,validation,LR_hard_0.15,night_lowlight,0.12226879739074363,,0.07597582100222201,647,1
roll_3,validation,LR_hard_0.20,all,2.353694075260721,,1.1364096933021666,1436,1
roll_3,validation,LR_hard_0.20,day_ramp,6.706007659731413,,4.823561132889458,62,1
roll_3,validation,LR_hard_0.20,day_ramp_down,5.074846998868753,,3.441315767125357,28,1
roll_3,validation,LR_hard_0.20,day_ramp_up,7.797170270404995,,5.961880845871658,34,1
roll_3,validation,LR_hard_0.20,day_stable,2.663476495093996,,1.7657045022755529,727,1
roll_3,validation,LR_hard_0.20,daylight,3.1733980658666137,,2.0059923490411578,789,1
roll_3,validation,LR_hard_0.20,night_lowlight,0.12226879739074363,,0.07597582100222201,647,1
roll_3,validation,LR_hard_0.25,all,2.3290405735724677,,1.1279491703236617,1436,1
roll_3,validation,LR_hard_0.25,day_ramp,6.706007659731413,,4.823561132889458,62,1
roll_3,validation,LR_hard_0.25,day_ramp_down,5.074846998868753,,3.441315767125357,28,1
roll_3,validation,LR_hard_0.25,day_ramp_up,7.797170270404995,,5.961880845871658,34,1
roll_3,validation,LR_hard_0.25,day_stable,2.620319404647622,,1.7489929328159477,727,1
roll_3,validation,LR_hard_0.25,daylight,3.1401179898380325,,1.9905939827583532,789,1
roll_3,validation,LR_hard_0.25,night_lowlight,0.12226879739074363,,0.07597582100222201,647,1
roll_3,validation,LR_hard_0.30,all,2.3294923723676875,,1.1279688043285094,1436,1
roll_3,validation,LR_hard_0.30,day_ramp,6.706007659731413,,4.823561132889458,62,1
roll_3,validation,LR_hard_0.30,day_ramp_down,5.074846998868753,,3.441315767125357,28,1
roll_3,validation,LR_hard_0.30,day_ramp_up,7.797170270404995,,5.961880845871658,34,1
roll_3,validation,LR_hard_0.30,day_stable,2.621112571059593,,1.7490317147017271,727,1
roll_3,validation,LR_hard_0.30,daylight,3.140727882685464,,1.9906297171448695,789,1
roll_3,validation,LR_hard_0.30,night_lowlight,0.12226879739074363,,0.07597582100222201,647,1
roll_3,validation,LR_hard_0.35,all,2.3294923723676875,,1.1279688043285094,1436,1
roll_3,validation,LR_hard_0.35,day_ramp,6.706007659731413,,4.823561132889458,62,1
roll_3,validation,LR_hard_0.35,day_ramp_down,5.074846998868753,,3.441315767125357,28,1
roll_3,validation,LR_hard_0.35,day_ramp_up,7.797170270404995,,5.961880845871658,34,1
roll_3,validation,LR_hard_0.35,day_stable,2.621112571059593,,1.7490317147017271,727,1
roll_3,validation,LR_hard_0.35,daylight,3.140727882685464,,1.9906297171448695,789,1
roll_3,validation,LR_hard_0.35,night_lowlight,0.12226879739074363,,0.07597582100222201,647,1
roll_3,validation,LR_hard_0.40,all,2.3294923723676875,,1.1279688043285094,1436,1
roll_3,validation,LR_hard_0.40,day_ramp,6.706007659731413,,4.823561132889458,62,1
roll_3,validation,LR_hard_0.40,day_ramp_down,5.074846998868753,,3.441315767125357,28,1
roll_3,validation,LR_hard_0.40,day_ramp_up,7.797170270404995,,5.961880845871658,34,1
roll_3,validation,LR_hard_0.40,day_stable,2.621112571059593,,1.7490317147017271,727,1
roll_3,validation,LR_hard_0.40,daylight,3.140727882685464,,1.9906297171448695,789,1
roll_3,validation,LR_hard_0.40,night_lowlight,0.12226879739074363,,0.07597582100222201,647,1
roll_3,validation,LR_hard_0.45,all,2.3294923723676875,,1.1279688043285094,1436,1
roll_3,validation,LR_hard_0.45,day_ramp,6.706007659731413,,4.823561132889458,62,1
roll_3,validation,LR_hard_0.45,day_ramp_down,5.074846998868753,,3.441315767125357,28,1
roll_3,validation,LR_hard_0.45,day_ramp_up,7.797170270404995,,5.961880845871658,34,1
roll_3,validation,LR_hard_0.45,day_stable,2.621112571059593,,1.7490317147017271,727,1
roll_3,validation,LR_hard_0.45,daylight,3.140727882685464,,1.9906297171448695,789,1
roll_3,validation,LR_hard_0.45,night_lowlight,0.12226879739074363,,0.07597582100222201,647,1
roll_3,validation,LR_hard_0.50,all,2.3294923723676875,,1.1279688043285094,1436,1
roll_3,validation,LR_hard_0.50,day_ramp,6.706007659731413,,4.823561132889458,62,1
roll_3,validation,LR_hard_0.50,day_ramp_down,5.074846998868753,,3.441315767125357,28,1
roll_3,validation,LR_hard_0.50,day_ramp_up,7.797170270404995,,5.961880845871658,34,1
roll_3,validation,LR_hard_0.50,day_stable,2.621112571059593,,1.7490317147017271,727,1
roll_3,validation,LR_hard_0.50,daylight,3.140727882685464,,1.9906297171448695,789,1
roll_3,validation,LR_hard_0.50,night_lowlight,0.12226879739074363,,0.07597582100222201,647,1
roll_3,validation,LR_hard_0.55,all,2.3294923723676875,,1.1279688043285094,1436,1
roll_3,validation,LR_hard_0.55,day_ramp,6.706007659731413,,4.823561132889458,62,1
roll_3,validation,LR_hard_0.55,day_ramp_down,5.074846998868753,,3.441315767125357,28,1
roll_3,validation,LR_hard_0.55,day_ramp_up,7.797170270404995,,5.961880845871658,34,1
roll_3,validation,LR_hard_0.55,day_stable,2.621112571059593,,1.7490317147017271,727,1
roll_3,validation,LR_hard_0.55,daylight,3.140727882685464,,1.9906297171448695,789,1
roll_3,validation,LR_hard_0.55,night_lowlight,0.12226879739074363,,0.07597582100222201,647,1
roll_3,validation,LR_hard_0.60,all,2.3294923723676875,,1.1279688043285094,1436,1
roll_3,validation,LR_hard_0.60,day_ramp,6.706007659731413,,4.823561132889458,62,1
roll_3,validation,LR_hard_0.60,day_ramp_down,5.074846998868753,,3.441315767125357,28,1
roll_3,validation,LR_hard_0.60,day_ramp_up,7.797170270404995,,5.961880845871658,34,1
roll_3,validation,LR_hard_0.60,day_stable,2.621112571059593,,1.7490317147017271,727,1
roll_3,validation,LR_hard_0.60,daylight,3.140727882685464,,1.9906297171448695,789,1
roll_3,validation,LR_hard_0.60,night_lowlight,0.12226879739074363,,0.07597582100222201,647,1
roll_3,validation,LR_hard_0.65,all,2.3294923723676875,,1.1279688043285094,1436,1
roll_3,validation,LR_hard_0.65,day_ramp,6.706007659731413,,4.823561132889458,62,1
roll_3,validation,LR_hard_0.65,day_ramp_down,5.074846998868753,,3.441315767125357,28,1
roll_3,validation,LR_hard_0.65,day_ramp_up,7.797170270404995,,5.961880845871658,34,1
roll_3,validation,LR_hard_0.65,day_stable,2.621112571059593,,1.7490317147017271,727,1
roll_3,validation,LR_hard_0.65,daylight,3.140727882685464,,1.9906297171448695,789,1
roll_3,validation,LR_hard_0.65,night_lowlight,0.12226879739074363,,0.07597582100222201,647,1
roll_3,validation,LR_hard_0.70,all,2.3294923723676875,,1.1279688043285094,1436,1
roll_3,validation,LR_hard_0.70,day_ramp,6.706007659731413,,4.823561132889458,62,1
roll_3,validation,LR_hard_0.70,day_ramp_down,5.074846998868753,,3.441315767125357,28,1
roll_3,validation,LR_hard_0.70,day_ramp_up,7.797170270404995,,5.961880845871658,34,1
roll_3,validation,LR_hard_0.70,day_stable,2.621112571059593,,1.7490317147017271,727,1
roll_3,validation,LR_hard_0.70,daylight,3.140727882685464,,1.9906297171448695,789,1
roll_3,validation,LR_hard_0.70,night_lowlight,0.12226879739074363,,0.07597582100222201,647,1
roll_3,validation,LR_hard_0.75,all,2.3294923723676875,,1.1279688043285094,1436,1
roll_3,validation,LR_hard_0.75,day_ramp,6.706007659731413,,4.823561132889458,62,1
roll_3,validation,LR_hard_0.75,day_ramp_down,5.074846998868753,,3.441315767125357,28,1
roll_3,validation,LR_hard_0.75,day_ramp_up,7.797170270404995,,5.961880845871658,34,1
roll_3,validation,LR_hard_0.75,day_stable,2.621112571059593,,1.7490317147017271,727,1
roll_3,validation,LR_hard_0.75,daylight,3.140727882685464,,1.9906297171448695,789,1
roll_3,validation,LR_hard_0.75,night_lowlight,0.12226879739074363,,0.07597582100222201,647,1
roll_3,validation,LR_hard_0.80,all,2.3294923723676875,,1.1279688043285094,1436,1
roll_3,validation,LR_hard_0.80,day_ramp,6.706007659731413,,4.823561132889458,62,1
roll_3,validation,LR_hard_0.80,day_ramp_down,5.074846998868753,,3.441315767125357,28,1
roll_3,validation,LR_hard_0.80,day_ramp_up,7.797170270404995,,5.961880845871658,34,1
roll_3,validation,LR_hard_0.80,day_stable,2.621112571059593,,1.7490317147017271,727,1
roll_3,validation,LR_hard_0.80,daylight,3.140727882685464,,1.9906297171448695,789,1
roll_3,validation,LR_hard_0.80,night_lowlight,0.12226879739074363,,0.07597582100222201,647,1
roll_3,validation,LR_hard_0.85,all,2.3294923723676875,,1.1279688043285094,1436,1
roll_3,validation,LR_hard_0.85,day_ramp,6.706007659731413,,4.823561132889458,62,1
roll_3,validation,LR_hard_0.85,day_ramp_down,5.074846998868753,,3.441315767125357,28,1
roll_3,validation,LR_hard_0.85,day_ramp_up,7.797170270404995,,5.961880845871658,34,1
roll_3,validation,LR_hard_0.85,day_stable,2.621112571059593,,1.7490317147017271,727,1
roll_3,validation,LR_hard_0.85,daylight,3.140727882685464,,1.9906297171448695,789,1
roll_3,validation,LR_hard_0.85,night_lowlight,0.12226879739074363,,0.07597582100222201,647,1
roll_3,validation,LR_hard_0.90,all,2.3294923723676875,,1.1279688043285094,1436,1
roll_3,validation,LR_hard_0.90,day_ramp,6.706007659731413,,4.823561132889458,62,1
roll_3,validation,LR_hard_0.90,day_ramp_down,5.074846998868753,,3.441315767125357,28,1
roll_3,validation,LR_hard_0.90,day_ramp_up,7.797170270404995,,5.961880845871658,34,1
roll_3,validation,LR_hard_0.90,day_stable,2.621112571059593,,1.7490317147017271,727,1
roll_3,validation,LR_hard_0.90,daylight,3.140727882685464,,1.9906297171448695,789,1
roll_3,validation,LR_hard_0.90,night_lowlight,0.12226879739074363,,0.07597582100222201,647,1
roll_3,validation,LR_soft,all,2.3299887785748434,,1.1288088899667028,1436,1
roll_3,validation,LR_soft,day_ramp,6.645398805038657,,4.762645716563779,62,1
roll_3,validation,LR_soft,day_ramp_down,5.08400499270278,,3.412850587571395,28,1
roll_3,validation,LR_soft,day_ramp_up,7.696987909323822,,5.874241705145744,34,1
roll_3,validation,LR_soft,day_stable,2.635136447269114,,1.7559216924131713,727,1
roll_3,validation,LR_soft,daylight,3.1414174879743175,,1.9921915143362863,789,1
roll_3,validation,LR_soft,night_lowlight,0.12165642113240537,,0.07593579780657715,647,1
roll_3,validation,baseline,all,2.3294923723676875,,1.1279688043285094,1436,1
roll_3,validation,baseline,day_ramp,6.706007659731413,,4.823561132889458,62,1
roll_3,validation,baseline,day_ramp_down,5.074846998868753,,3.441315767125357,28,1
roll_3,validation,baseline,day_ramp_up,7.797170270404995,,5.961880845871658,34,1
roll_3,validation,baseline,day_stable,2.621112571059593,,1.7490317147017271,727,1
roll_3,validation,baseline,daylight,3.140727882685464,,1.9906297171448695,789,1
roll_3,validation,baseline,night_lowlight,0.12226879739074363,,0.07597582100222201,647,1
roll_3,validation,expert,all,2.4221464758066027,,1.1996817575937124,1436,1
roll_3,validation,expert,day_ramp,5.9621182240749775,,4.227009845008195,62,1
roll_3,validation,expert,day_ramp_down,5.353870203857668,,3.5577158509245206,28,1
roll_3,validation,expert,day_ramp_up,6.419902413664991,,4.778193134253575,34,1
roll_3,validation,expert,day_stable,2.9227098490012144,,1.9377154542457689,727,1
roll_3,validation,expert,daylight,3.2656192329131497,,2.1176093100471256,789,1
roll_3,validation,expert,night_lowlight,0.12804146713485653,,0.08029251665747905,647,1
roll_3,validation,oracle,all,2.240460336336845,,1.1022124116762544,1436,1
roll_3,validation,oracle,day_ramp,5.9621182240749775,,4.227009845008195,62,1
roll_3,validation,oracle,day_ramp_down,5.353870203857668,,3.5577158509245206,28,1
roll_3,validation,oracle,day_ramp_up,6.419902413664991,,4.778193134253575,34,1
roll_3,validation,oracle,day_stable,2.621112571059593,,1.7490317147017271,727,1
roll_3,validation,oracle,daylight,3.020538681424106,,1.9437524296307525,789,1
roll_3,validation,oracle,night_lowlight,0.12226879739074363,,0.07597582100222201,647,1
roll_3,validation,selected,all,2.3299887785748434,,1.1288088899667028,1436,1
roll_3,validation,selected,day_ramp,6.645398805038657,,4.762645716563779,62,1
roll_3,validation,selected,day_ramp_down,5.08400499270278,,3.412850587571395,28,1
roll_3,validation,selected,day_ramp_up,7.696987909323822,,5.874241705145744,34,1
roll_3,validation,selected,day_stable,2.635136447269114,,1.7559216924131713,727,1
roll_3,validation,selected,daylight,3.1414174879743175,,1.9921915143362863,789,1
roll_3,validation,selected,night_lowlight,0.12165642113240537,,0.07593579780657715,647,1
