BEV2 ,BEV1
APP_environmentRainy,APP_environmentRainy
APP_environmentSnowy,APP_environmentSnowy
BattBeginningOfLifeEnergy292,BattBeginningOfLifeEnergy292
BattBrickempMaxNum332,BattBrickempMaxNum332
BattBrickModelTMax332,BattBrickModelTMax332
BattBrickModelTMin332,BattBrickModelTMin332
BattBrickMultiplexer332,BattBrickMultiplexer332
BattBrickTempMax332,BattBrickTempMax332
BattBrickTempMin332,BattBrickTempMin332
BattBrickTempMinNum332,BattBrickTempMinNum332
BattBrickVoltageMax332,BattBrickVoltageMax332
BattBrickVoltageMaxNum332,BattBrickVoltageMaxNum332
BattBrickVoltageMin332,BattBrickVoltageMin332
BattBrickVoltageMinNum332,BattBrickVoltageMinNum332
BattVoltage132,BattVoltage132
BMS_acChargerKwhTotal,BMS_acChargerKwhTotal
BMS_activeHeatingWorthwhile,BMS_activeHeatingWorthwhile
BMS_appCrc,BMS_appCrc
BMS_appGitHash,BMS_appGitHash
BMS_assemblyId,BMS_assemblyId
BMS_battTempPct,BMS_battTempPct
BMS_bootCrc,BMS_bootCrc
BMS_bootGitHash,BMS_bootGitHash
BMS_bootUdsProtoVersion,BMS_bootUdsProtoVersion
BMS_buildConfigId,BMS_buildConfigId
BMS_buildType,BMS_buildType
BMS_chargeRequest,BMS_chargeRequest
BMS_chargeRetryCount,BMS_chargeRetryCount
BMS_chgPowerAvailable,BMS_chgPowerAvailable
BMS_componentId,BMS_componentId
BMS_contactorState,BMS_contactorState
BMS_cpMiaOnHvs,BMS_cpMiaOnHvs
BMS_dcChargerKwhTotal,BMS_dcChargerKwhTotal
BMS_diLimpRequest,BMS_diLimpRequest
BMS_ecuLogUploadRequest,BMS_ecuLogUploadRequest
BMS_energyBuffer,BMS_energyBuffer
BMS_energyToChargeComplete,BMS_energyToChargeComplete
BMS_ensShouldBeActiveForDrive,BMS_ensShouldBeActiveForDrive
BMS_expectedEnergyRemaining,BMS_expectedEnergyRemaining
BMS_fcContactorRequest,BMS_fcContactorRequest
BMS_fcLinkOkToEnergizeRequest,BMS_fcLinkOkToEnergizeRequest
BMS_fullChargeComplete,BMS_fullChargeComplete
BMS_gpoHasCompleted,BMS_gpoHasCompleted
BMS_hardwareId,BMS_hardwareId
BMS_hvacPowerBudget,BMS_hvacPowerBudget
BMS_hvacPowerRequest,BMS_hvacPowerRequest
BMS_hvState,BMS_hvState
BMS_idealEnergyRemaining,BMS_idealEnergyRemaining
BMS_infoIndex,BMS_infoIndex
BMS_internalHvilSenseV,BMS_internalHvilSenseV
BMS_isolationResistance,BMS_isolationResistance
BMS_keepWarmRequest,BMS_keepWarmRequest
BMS_kwhAcChargeTotalModule1,BMS_kwhAcChargeTotalModule1
BMS_kwhAcChargeTotalModule2,BMS_kwhAcChargeTotalModule2
BMS_kwhAcChargeTotalModule3,BMS_kwhAcChargeTotalModule3
BMS_kwhAcChargeTotalModule4,BMS_kwhAcChargeTotalModule4
BMS_kwhChargeTotalModule1,BMS_kwhChargeTotalModule1
BMS_kwhChargeTotalModule2,BMS_kwhChargeTotalModule2
BMS_kwhChargeTotalModule3,BMS_kwhChargeTotalModule3
BMS_kwhChargeTotalModule4,BMS_kwhChargeTotalModule4
BMS_kwhCounter_Id,BMS_kwhCounter_Id
BMS_kwhDcChargeTotalModule1,BMS_kwhDcChargeTotalModule1
BMS_kwhDcChargeTotalModule2,BMS_kwhDcChargeTotalModule2
BMS_kwhDcChargeTotalModule3,BMS_kwhDcChargeTotalModule3
BMS_kwhDcChargeTotalModule4,BMS_kwhDcChargeTotalModule4
BMS_kwhDischargeTotalModule1,BMS_kwhDischargeTotalModule1
BMS_kwhDischargeTotalModule2,BMS_kwhDischargeTotalModule2
BMS_kwhDischargeTotalModule3,BMS_kwhDischargeTotalModule3
BMS_kwhDischargeTotalModule4,BMS_kwhDischargeTotalModule4
BMS_kwhDriveDischargeTotal,BMS_kwhDriveDischargeTotal
BMS_kwhRegenChargeTotal,BMS_kwhRegenChargeTotal
BMS_maxDischargePower,BMS_maxDischargePower
BMS_maxRegenPower,BMS_maxRegenPower
BMS_maxStationaryHeatPower,BMS_maxStationaryHeatPower
BMS_moduleType,BMS_moduleType
BMS_nominalEnergyRemaining,BMS_nominalEnergyRemaining
BMS_nominalFullPackEnergy,BMS_nominalFullPackEnergy
BMS_notEnoughPowerForDrive,BMS_notEnoughPowerForDrive
BMS_notEnoughPowerForHeatPump,BMS_notEnoughPowerForHeatPump
BMS_notEnoughPowerForSupport,BMS_notEnoughPowerForSupport
BMS_okToShipByAir,BMS_okToShipByAir
BMS_okToShipByLand,BMS_okToShipByLand
BMS_packConfigMultiplexer,BMS_packConfigMultiplexer
BMS_packContactorRequest,BMS_packContactorRequest
BMS_packMass,BMS_packMass
BMS_packSerialNumberByte01,BMS_packSerialNumberByte01
BMS_packSerialNumberByte02,BMS_packSerialNumberByte02
BMS_packSerialNumberByte03,BMS_packSerialNumberByte03
BMS_packSerialNumberByte04,BMS_packSerialNumberByte04
BMS_packSerialNumberByte05,BMS_packSerialNumberByte05
BMS_packSerialNumberByte06,BMS_packSerialNumberByte06
BMS_packSerialNumberByte07,BMS_packSerialNumberByte07
BMS_packSerialNumberByte08,BMS_packSerialNumberByte08
BMS_packSerialNumberByte09,BMS_packSerialNumberByte09
BMS_packSerialNumberByte10,BMS_packSerialNumberByte10
BMS_packSerialNumberByte11,BMS_packSerialNumberByte11
BMS_packSerialNumberByte12,BMS_packSerialNumberByte12
BMS_packSerialNumberByte13,BMS_packSerialNumberByte13
BMS_packSerialNumberByte14,BMS_packSerialNumberByte14
BMS_pcbaId,BMS_pcbaId
BMS_pcsPwmDisable,BMS_pcsPwmDisable
BMS_pcsPwmEnabled,BMS_pcsPwmEnabled
BMS_platformMaxBusVoltage,BMS_platformMaxBusVoltage
BMS_platformType,BMS_platformType
BMS_powerLimitsState,BMS_powerLimitsState
BMS_preconditionAllowed,BMS_preconditionAllowed
BMS_reservedConfig_0,BMS_reservedConfig_0
BMS_serialNumberMultiplexer,BMS_serialNumberMultiplexer
BMS_smStateRequest,BMS_smStateRequest
BMS_state,BMS_state
BMS_subUsageId,BMS_subUsageId
BMS_uiChargeStatus,BMS_uiChargeStatus
BMS_updateAllowed,BMS_updateAllowed
BMS_usageId,BMS_usageId
BMSdissipation312,BMSdissipation312
BMSflowRequest312,BMSflowRequest312
BMSinletActiveCoolTarget312,BMSinletActiveCoolTarget312
BMSinletActiveHeatTarget312,BMSinletActiveHeatTarget312
BMSinletPassiveTarget312,BMSinletPassiveTarget312
BMSmaxPackTemperature,BMSmaxPackTemperature
BMSminPackTemperature,BMSminPackTemperature
BMSnoFlowRequest312,BMSnoFlowRequest312
BMSpcsNoFlowRequest312,BMSpcsNoFlowRequest312
BrakeTempFL3FE,BrakeTempFL3FE
BrakeTempFR3FE,BrakeTempFR3FE
BrakeTempRL3FE,BrakeTempRL3FE
BrakeTempRR3FE,BrakeTempRR3FE
Brick0,Brick0
Brick1,Brick1
Brick10,Brick10
Brick100,Brick100
Brick101,Brick101
Brick102,Brick102
Brick103,Brick103
Brick104,Brick104
Brick105,Brick105
Brick106,Brick106
Brick107,Brick107
Brick11,Brick11
Brick12,Brick12
Brick13,Brick13
Brick14,Brick14
Brick15,Brick15
Brick16,Brick16
Brick17,Brick17
Brick18,Brick18
Brick19,Brick19
Brick2,Brick2
Brick20,Brick20
Brick21,Brick21
Brick22,Brick22
Brick23,Brick23
Brick24,Brick24
Brick25,Brick25
Brick26,Brick26
Brick27,Brick27
Brick28,Brick28
Brick29,Brick29
Brick3,Brick3
Brick30,Brick30
Brick31,Brick31
Brick32,Brick32
Brick33,Brick33
Brick34,Brick34
Brick35,Brick35
Brick36,Brick36
Brick37,Brick37
Brick38,Brick38
Brick39,Brick39
Brick4,Brick4
Brick40,Brick40
Brick41,Brick41
Brick42,Brick42
Brick43,Brick43
Brick44,Brick44
Brick45,Brick45
Brick46,Brick46
Brick47,Brick47
Brick48,Brick48
Brick49,Brick49
Brick5,Brick5
Brick50,Brick50
Brick51,Brick51
Brick52,Brick52
Brick53,Brick53
Brick54,Brick54
Brick55,Brick55
Brick56,Brick56
Brick57,Brick57
Brick58,Brick58
Brick59,Brick59
Brick6,Brick6
Brick60,Brick60
Brick61,Brick61
Brick62,Brick62
Brick63,Brick63
Brick64,Brick64
Brick65,Brick65
Brick66,Brick66
Brick67,Brick67
Brick68,Brick68
Brick69,Brick69
Brick7,Brick7
Brick70,Brick70
Brick71,Brick71
Brick72,Brick72
Brick73,Brick73
Brick74,Brick74
Brick75,Brick75
Brick76,Brick76
Brick77,Brick77
Brick78,Brick78
Brick79,Brick79
Brick8,Brick8
Brick80,Brick80
Brick81,Brick81
Brick82,Brick82
Brick83,Brick83
Brick84,Brick84
Brick85,Brick85
Brick86,Brick86
Brick87,Brick87
Brick88,Brick88
Brick89,Brick89
Brick9,Brick9
Brick90,Brick90
Brick91,Brick91
Brick92,Brick92
Brick93,Brick93
Brick94,Brick94
Brick95,Brick95
Brick96,Brick96
Brick97,Brick97
Brick98,Brick98
Brick99,Brick99
ChargeHoursRemaining132,ChargeHoursRemaining132
ChargeLineCurrent264,ChargeLineCurrent264
ChargeLineCurrentLimit264,ChargeLineCurrentLimit264
ChargeLinePower264,ChargeLinePower264
ChargeLineVoltage264,ChargeLineVoltage264
Checksum1D8,Checksum1D8
CMPD_inputHVCurrent,CMPD_inputHVCurrent
CMPD_inputHVPower,CMPD_inputHVPower
CMPD_inputHVVoltage,CMPD_inputHVVoltage
CMPD_powerLimitActive,CMPD_powerLimitActive
CMPD_powerLimitTooLowToStart,CMPD_powerLimitTooLowToStart
CMPD_ready,CMPD_ready
CMPD_speedDuty,CMPD_speedDuty
CMPD_speedRPM,CMPD_speedRPM
CMPD_state,CMPD_state
CMPD_wasteHeatState,CMPD_wasteHeatState
ColumnName,ColumnName
Counter1D8,Counter1D8
CP_acChargeCurrentLimit_log,CP_acChargeCurrentLimit_log
CP_acChargeState,CP_acChargeState
CP_acNumRetries,CP_acNumRetries
CP_acPinTemperature,CP_acPinTemperature
CP_apsVoltage,CP_apsVoltage
CP_backCover2Counts,CP_backCover2Counts
CP_backCoverCounts,CP_backCoverCounts
CP_boardTemperature,CP_boardTemperature
CP_cableCurrentLimit,CP_cableCurrentLimit
CP_cableType,CP_cableType
CP_chargeCablePresent,CP_chargeCablePresent
CP_chargeCableSecured,CP_chargeCableSecured
CP_chargeCableState,CP_chargeCableState
CP_chargeDoorOpen,CP_chargeDoorOpen
CP_chargeDoorOpenUI,CP_chargeDoorOpenUI
CP_chargeShutdownRequest_log,CP_chargeShutdownRequest_log
CP_coldWeatherMode,CP_coldWeatherMode
CP_coverClosed,CP_coverClosed
CP_dcPinTemperature,CP_dcPinTemperature
CP_dcPinTemperatureModeled,CP_dcPinTemperatureModeled
CP_digitalCommsAttempts,CP_digitalCommsAttempts
CP_digitalCommsEstablished,CP_digitalCommsEstablished
CP_doorButtonPressed,CP_doorButtonPressed
CP_doorControlState,CP_doorControlState
CP_doorCountsDebounced,CP_doorCountsDebounced
CP_doorCountsFiltered,CP_doorCountsFiltered
CP_doorI,CP_doorI
CP_doorLastRequestMaxI,CP_doorLastRequestMaxI
CP_doorOpenRequested,CP_doorOpenRequested
CP_doorPot,CP_doorPot
CP_dTdt_dcPinActual,CP_dTdt_dcPinActual
CP_dTdt_dcPinExpected,CP_dTdt_dcPinExpected
CP_evseAccept,CP_evseAccept
CP_evseChargeType_log,CP_evseChargeType_log
CP_evseChargeType_UI,CP_evseChargeType_UI
CP_evseInstantDcCurrentLimit,CP_evseInstantDcCurrentLimit
CP_evseInstantDcPowerLimit,CP_evseInstantDcPowerLimit
CP_evseMaxDcCurrentLimit,CP_evseMaxDcCurrentLimit
CP_evseMaxDcPowerLimit,CP_evseMaxDcPowerLimit
CP_evseMaxDcVoltageLimit,CP_evseMaxDcVoltageLimit
CP_evseMinDcCurrentLimit,CP_evseMinDcCurrentLimit
CP_evseMinDcVoltageLimit,CP_evseMinDcVoltageLimit
CP_evseOutputDcCurrent,CP_evseOutputDcCurrent
CP_evseOutputDcCurrentStale,CP_evseOutputDcCurrentStale
CP_evseOutputDcVoltage,CP_evseOutputDcVoltage
CP_evseRequest,CP_evseRequest
CP_faultLineSensed,CP_faultLineSensed
CP_faultLineV,CP_faultLineV
CP_gbdcChargeAttempts,CP_gbdcChargeAttempts
CP_gbdcFailureReason,CP_gbdcFailureReason
CP_gbdcStopChargeReason,CP_gbdcStopChargeReason
CP_gbState,CP_gbState
CP_hvChargeStatus_log,CP_hvChargeStatus_log
CP_hvInletExposed,CP_hvInletExposed
CP_iecComboState,CP_iecComboState
CP_inductiveDoorState,CP_inductiveDoorState
CP_inductiveSensor_raw,CP_inductiveSensor_raw
CP_inductiveSensorState,CP_inductiveSensorState
CP_insertEnableLine,CP_insertEnableLine
CP_internalMaxAcCurrentLimit_log,CP_internalMaxAcCurrentLimit_log
CP_internalMaxDcCurrentLimit_log,CP_internalMaxDcCurrentLimit_log
CP_latch2ControlState,CP_latch2ControlState
CP_latch2I,CP_latch2I
CP_latch2State,CP_latch2State
CP_latchControlState,CP_latchControlState
CP_latchEngaged,CP_latchEngaged
CP_latchI,CP_latchI
CP_latchState,CP_latchState
CP_ledColor,CP_ledColor
CP_numAlertsSet,CP_numAlertsSet
CP_permanentPowerRequest,CP_permanentPowerRequest
CP_pilot,CP_pilot
CP_pilotCurrent,CP_pilotCurrent
CP_pinTemperature1,CP_pinTemperature1
CP_pinTemperature2,CP_pinTemperature2
CP_pinTemperature3,CP_pinTemperature3
CP_proximity,CP_proximity
CP_sensorDataSelect,CP_sensorDataSelect
CP_swcanRelayClosed,CP_swcanRelayClosed
CP_teslaDcState,CP_teslaDcState
CP_teslaSwcanState,CP_teslaSwcanState
CP_type,CP_type
CP_UHF_controlState,CP_UHF_controlState
CP_UHF_handleFound,CP_UHF_handleFound
CP_vehicleIsoCheckRequired_log,CP_vehicleIsoCheckRequired_log
CP_vehiclePrechargeRequired_log,CP_vehiclePrechargeRequired_log
CP_vehicleUnlockRequest,CP_vehicleUnlockRequest
DAS_accSmartSpeedActive,DAS_accSmartSpeedActive
DAS_accSmartSpeedState,DAS_accSmartSpeedState
DAS_ahlbOverride,DAS_ahlbOverride
DAS_autoLaneChangeState,DAS_autoLaneChangeState
DAS_autoParked,DAS_autoParked
DAS_autoparkReady,DAS_autoparkReady
DAS_autoparkWaitingForBrake,DAS_autoparkWaitingForBrake
DAS_autopilotHandsOnState,DAS_autopilotHandsOnState
DAS_autopilotState,DAS_autopilotState
DAS_autosteerBottsDotsUsage,DAS_autosteerBottsDotsUsage
DAS_autosteerHealthAnomalyLevel,DAS_autosteerHealthAnomalyLevel
DAS_autosteerHealthState,DAS_autosteerHealthState
DAS_autosteerHPPUsage,DAS_autosteerHPPUsage
DAS_autosteerModelUsage,DAS_autosteerModelUsage
DAS_autosteerNavigationUsage,DAS_autosteerNavigationUsage
DAS_autosteerVehiclesUsage,DAS_autosteerVehiclesUsage
DAS_behaviorType,DAS_behaviorType
DAS_blindSpotRearLeft,DAS_blindSpotRearLeft
DAS_blindSpotRearRight,DAS_blindSpotRearRight
DAS_bodyControlsChecksum,DAS_bodyControlsChecksum
DAS_bodyControlsCounter,DAS_bodyControlsCounter
DAS_devAppInterfaceEnabled,DAS_devAppInterfaceEnabled
DAS_dynamicBrakeLightRequest,DAS_dynamicBrakeLightRequest
DAS_fleetSpeedState,DAS_fleetSpeedState
DAS_forwardCollisionWarning,DAS_forwardCollisionWarning
DAS_fusedSpeedLimit,DAS_fusedSpeedLimit
DAS_hazardLightRequest,DAS_hazardLightRequest
DAS_headlightRequest,DAS_headlightRequest
DAS_heaterRequest,DAS_heaterRequest
DAS_heaterState,DAS_heaterState
DAS_highLowBeamDecision,DAS_highLowBeamDecision
DAS_highLowBeamOffReason,DAS_highLowBeamOffReason
DAS_laneDepartureWarning,DAS_laneDepartureWarning
DAS_lastAutosteerAbortReason,DAS_lastAutosteerAbortReason
DAS_lastLinePreferenceReason,DAS_lastLinePreferenceReason
DAS_leadVeh2Dx,DAS_lssState
DAS_leadVeh2Dy,DAS_mirrorFoldRequest
DAS_leadVeh2Id,DAS_navAvailable
DAS_leadVeh2RelevantForControl,DAS_navDistance
DAS_leadVeh2Type,DAS_offsetSide
DAS_leadVeh2VxRel,DAS_plannerState
DAS_leadVehDx,DAS_radarHeaterRequest
DAS_leadVehDy,DAS_rearLeftVehDetectedCurrent
DAS_leadVehId,DAS_rearLeftVehDetectedTrip
DAS_leadVehRelevantForControl,DAS_rearRightVehDetectedTrip
DAS_leadVehType,DAS_rearVehDetectedThisCycle
DAS_leadVehVxRel,DAS_roadSurfaceType
DAS_lssState,DAS_sideCollisionAvoid
DAS_mirrorFoldRequest,DAS_sideCollisionInhibit
DAS_navAvailable,DAS_sideCollisionWarning
DAS_navDistance,DAS_statusChecksum
DAS_objectId,DAS_statusCounter
DAS_offsetSide,DAS_summonAvailable
DAS_plannerState,DAS_summonClearedGate
DAS_radarHeaterRequest,DAS_summonFwdLeashReached
DAS_rearLeftVehDetectedCurrent,DAS_summonObstacle
DAS_rearLeftVehDetectedTrip,DAS_summonRvsLeashReached
DAS_rearRightVehDetectedTrip,DAS_suppressSpeedWarning
DAS_rearVehDetectedThisCycle,DAS_turnIndicatorRequest
DAS_roadSurfaceType,DAS_turnIndicatorRequestReason
DAS_sideCollisionAvoid,DAS_ulcInProgress
DAS_sideCollisionInhibit,DAS_ulcType
DAS_sideCollisionWarning,DAS_visionOnlySpeedLimit
DAS_statusChecksum,DAS_wiperSpeed
DAS_statusCounter,DCDC12VSupportRtyCnt224
DAS_summonAvailable,DCDC12VSupportStatus224
DAS_summonClearedGate,DCDCDischargeRtyCnt224
DAS_summonFwdLeashReached,DCDCFaulted224
DAS_summonObstacle,DCDCHvBusDischargeStatus224
DAS_summonRvsLeashReached,DCDCInitialPrechargeSubState224
DAS_suppressSpeedWarning,DCDCoutputCurrent224
DAS_turnIndicatorRequest,DCDCoutputCurrentMax224
DAS_turnIndicatorRequestReason,DCDCOutputIsLimited224
DAS_ulcInProgress,DCDCPrechargeRestartCnt224
DAS_ulcType,DCDCPrechargeRtyCnt224
DAS_visionOnlySpeedLimit,DCDCPrechargeStatus224
DAS_wiperSpeed,DCDCPwmEnableLine224
DCDC12VSupportRtyCnt224,DCDCstate224
DCDC12VSupportStatus224,DCDCSubState224
DCDCDischargeRtyCnt224,DCDCSupportingFixedLvTarget224
DCDCFaulted224,DI_accelPedalPos
DCDCHvBusDischargeStatus224,DI_activeInletTempReq
DCDCInitialPrechargeSubState224,DI_brakePedalState
DCDCoutputCurrent224,DI_btcStateUI
DCDCoutputCurrentMax224,DI_coolantFlowReq
DCDCOutputIsLimited224,DI_driveBlocked
DCDCPrechargeRestartCnt224,DI_epbRequest
DCDCPrechargeRtyCnt224,DI_gear
DCDCPrechargeStatus224,DI_immobilizerState
DCDCPwmEnableLine224,DI_keepDrivePowerStateRequest
DCDCstate224,DI_limitBaseSpeed
DCDCSubState224,DI_limitClutch
DCDCSupportingFixedLvTarget224,DI_limitDcCapTemp
DI_accelPedalPos,DI_limitdcLinkCapTemp
DI_activeInletTempReq,DI_limitDeltaFluidTemp
DI_brakePedalState,DI_limitDiff
DI_btcStateUI,DI_limitDischargePower
DI_coolantFlowReq,DI_limitDriveTorque
DI_driveBlocked,DI_limitGracefulPowerOff
DI_epbRequest,DI_limithvDcCableTemp
DI_gear,DI_limitIBat
DI_immobilizerState,DI_limitIGBTJunctTemp
DI_keepDrivePowerStateRequest,DI_limitInverterTemp
DI_limitBaseSpeed,DI_limitLimpMode
DI_limitClutch,DI_limitMotorCurrent
DI_limitDcCapTemp,DI_limitMotorSpeed
DI_limitdcLinkCapTemp,DI_limitMotorVoltage
DI_limitDeltaFluidTemp,DI_limitnegDcBusbarTemp
DI_limitDiff,DI_limitObstacleDetection
DI_limitDischargePower,DI_limitOilPumpFluidTemp
DI_limitDriveTorque,DI_limitPCBTemp
DI_limitGracefulPowerOff,DI_limitphaseOutBusbarTemp
DI_limithvDcCableTemp,DI_limitphaseOutBusBarWeldTemp
DI_limitIBat,DI_limitphaseOutLugTemp
DI_limitIGBTJunctTemp,DI_limitPoleTemp
DI_limitInverterTemp,DI_limitposDcBusbarTemp
DI_limitLimpMode,DI_limitRegenPower
DI_limitMotorCurrent,DI_limitRegenTorque
DI_limitMotorSpeed,DI_limitRotorTemp
DI_limitMotorVoltage,DI_limitShift
DI_limitnegDcBusbarTemp,DI_limitShockTorque
DI_limitObstacleDetection,DI_limitStatorFrequency
DI_limitOilPumpFluidTemp,DI_limitStatorTemp
DI_limitPCBTemp,DI_limitTCDrive
DI_limitphaseOutBusbarTemp,DI_limitTCRegen
DI_limitphaseOutBusBarWeldTemp,DI_limitVBatHigh
DI_limitphaseOutLugTemp,DI_limitVBatLow
DI_limitPoleTemp,DI_limitVehicleSpeed
DI_limitposDcBusbarTemp,DI_oilFlowReq
DI_limitRegenPower,DI_passiveInletTempReq
DI_limitRegenTorque,DI_primaryUnitSiliconType
DI_limitRotorTemp,DI_proximity
DI_limitShift,DI_ptcStateUI
DI_limitShockTorque,DI_regenLight
DI_limitStatorFrequency,DI_speedChecksum
DI_limitStatorTemp,DI_speedCounter
DI_limitTCDrive,DI_systemState
DI_limitTCRegen,DI_systemStatusChecksum
DI_limitVBatHigh,DI_systemStatusCounter
DI_limitVBatLow,DI_tcTelltaleFlash
DI_limitVehicleSpeed,DI_tcTelltaleOn
DI_oilFlowReq,DI_trackModeState
DI_passiveInletTempReq,DI_tractionControlMode
DI_primaryUnitSiliconType,DI_tractionControlModeUI
DI_proximity,DI_uiSpeed
DI_ptcStateUI,DI_uiSpeedHighSpeed
DI_regenLight,DI_uiSpeedUnits
DI_speedChecksum,DI_vdcTelltaleFlash
DI_speedCounter,DI_vdcTelltaleOn
DI_systemState,DI_vehicleHoldTelltaleOn
DI_systemStatusChecksum,DI_vehicleSpeed
DI_systemStatusCounter,DIR_appGitHash
DI_tcTelltaleFlash,DIR_applicationCrc
DI_tcTelltaleOn,DIR_assemblyId
DI_trackModeState,DIR_axleSpeed
DI_tractionControlMode,DIR_axleSpeedQF
DI_tractionControlModeUI,DIR_bootGitHash
DI_uiSpeed,DIR_bootloaderCrc
DI_uiSpeedHighSpeed,DIR_buildConfigurationId
DI_uiSpeedUnits,DIR_buildType
DI_vdcTelltaleFlash,DIR_componentId
DI_vdcTelltaleOn,DIR_controlStack
DI_vehicleHoldTelltaleOn,DIR_cpu100HzAvg
DI_vehicleSpeed,DIR_cpu100HzMin
DIF_appGitHash,DIR_cpu10HzAvg
DIF_applicationCrc,DIR_cpu10HzMin
DIF_assemblyId,DIR_cpu10msMin
DIF_axleSpeed,DIR_cpu1kHzAvg
DIF_axleSpeedQF,DIR_cpu1kHzMin
DIF_bootGitHash,DIR_cpu20kHzAvg
DIF_bootloaderCrc,DIR_cpu20kHzMin
DIF_buildConfigurationId,DIR_dcCableCurrentEst
DIF_buildType,DIR_dcLinkCapTemp
DIF_componentId,DIR_debugSelector
DIF_dcCableCurrentEst,DIR_decodeHardwareStack
DIF_dcLinkCapTemp,DIR_eepromStack
DIF_debugSelector,DIR_FPGA_version
DIF_FPGA_version,DIR_gateDriveState
DIF_gateDriveState,DIR_gateDriveSupplyState
DIF_gateDriveSupplyState,DIR_hardwareId
DIF_hardwareId,DIR_hvDcCableTemp
DIF_hvDcCableTemp,DIR_idleStack
DIF_infoBootLdUdsProtocolVersion,DIR_immobilizerStack
DIF_infoIndex,DIR_infoBootLdUdsProtocolVersion
DIF_inverterTQF,DIR_infoIndex
DIF_negDcBusbarTemp,DIR_inverterTQF
DIF_oilPumpAppCrc,DIR_module10HzStack
DIF_oilPumpBuildType,DIR_negDcBusbarTemp
DIF_pcbaId,DIR_oilPumpAppCrc
DIF_phaseOutBusbarTemp,DIR_oilPumpBuildType
DIF_phaseOutBusbarWeldTemp,DIR_oilPumpFlowActual
DIF_phaseOutLugTemp,DIR_oilPumpFlowTarget
DIF_platformTyp,DIR_oilPumpFluidT
DIF_posDcBusbarTemp,DIR_oilPumpFluidTQF
DIF_powerStageSafeState,DIR_oilPumpLeadAngle
DIF_rotorMaxMagnetTemp,DIR_oilPumpPhaseCurrent
DIF_slavePedalPos,DIR_oilPumpPressureEstimate
DIF_statorEndWindingTemp,DIR_oilPumpPressureExpected
DIF_subcomponentGitHash,DIR_oilPumpPressureResidual
DIF_subUsageId,DIR_oilPumpState
DIF_switchingFrequency,DIR_pcbaId
DIF_sysHeatPowerOptimal,DIR_phaseOutBusbarTemp
DIF_targetFluxMode,DIR_phaseOutBusbarWeldTemp
DIF_torqueActual,DIR_phaseOutLugTemp
DIF_torqueChecksum,DIR_platformTyp
DIF_torqueCommand,DIR_posDcBusbarTemp
DIF_torqueCounter,DIR_powerStageSafeState
DIF_usageId,DIR_rotorMaxMagnetTemp
DIF_vBatQF,DIR_rotorOffsetEst
DIR_appGitHash,DIR_rotorOffsetMean
DIR_applicationCrc,DIR_slavePedalPos
DIR_assemblyId,DIR_statorEndWindingTemp
DIR_axleSpeed,DIR_subcomponentGitHash
DIR_axleSpeedQF,DIR_subUsageId
DIR_bootGitHash,DIR_switchingFrequency
DIR_bootloaderCrc,DIR_sysHeatPowerOptimal
DIR_buildConfigurationId,DIR_systemStack
DIR_buildType,DIR_targetFluxMode
DIR_componentId,DIR_torqueActual
DIR_controlStack,DIR_torqueChecksum
DIR_cpu100HzAvg,DIR_torqueCommand
DIR_cpu100HzMin,DIR_torqueCounter
DIR_cpu10HzAvg,DIR_udsStack
DIR_cpu10HzMin,DIR_usageId
DIR_cpu10msMin,DIR_vBatQF
DIR_cpu1kHzAvg,DIR_xcpStack
DIR_cpu1kHzMin,Elevation3D8
DIR_cpu20kHzAvg,EPBL12VFilt288
DIR_cpu20kHzMin,EPBLCDPQualified288
DIR_dcCableCurrentEst,EPBLcsmFaultReason288
DIR_dcLinkCapTemp,EPBLdisconnected288
DIR_debugSelector,EPBLesmCaliperRequest288
DIR_decodeHardwareStack,EPBLesmOperationTrigger288
DIR_eepromStack,EPBLinternalCDPRequest288
DIR_FPGA_version,EPBLinternalStatusChecksum288
DIR_gateDriveState,EPBLinternalStatusCounter288
DIR_gateDriveSupplyState,EPBLlocalServiceModeActive288
DIR_hardwareId,EPBLlockoutUnlockCount288
DIR_hvDcCableTemp,EPBLsummonFaultReason288
DIR_idleStack,EPBLsummonState288
DIR_immobilizerStack,EPBLunitFaultStatus288
DIR_infoBootLdUdsProtocolVersion,EPBLunitStatus288
DIR_infoIndex,EPBR12VFilt228
DIR_inverterTQF,EPBRCDPQualified228
DIR_module10HzStack,EPBRcsmFaultReason228
DIR_negDcBusbarTemp,EPBRdisconnected228
DIR_oilPumpAppCrc,EPBResmCaliperRequest228
DIR_oilPumpBuildType,EPBResmOperationTrigger228
DIR_oilPumpFlowActual,EPBRinternalCDPRequest228
DIR_oilPumpFlowTarget,EPBRinternalStatusChecksum228
DIR_oilPumpFluidT,EPBRinternalStatusCounter228
DIR_oilPumpFluidTQF,EPBRlocalServiceModeActive228
DIR_oilPumpLeadAngle,EPBRlockoutUnlockCount228
DIR_oilPumpPhaseCurrent,EPBRsummonFaultReason228
DIR_oilPumpPressureEstimate,EPBRsummonState228
DIR_oilPumpPressureExpected,EPBRunitFaultStatus228
DIR_oilPumpPressureResidual,EPBRunitStatus228
DIR_oilPumpState,GearLeverButton229
DIR_pcbaId,GearLeverPosition229
DIR_phaseOutBusbarTemp,GPSAccuracy04F
DIR_phaseOutBusbarWeldTemp,GPSLatitude04F
DIR_phaseOutLugTemp,GPSLongitude04F
DIR_platformTyp,GTW_activeHighBeam
DIR_posDcBusbarTemp,GTW_airbagCutoffSwitch
DIR_powerStageSafeState,GTW_airSuspension
DIR_rotorMaxMagnetTemp,GTW_audioType
DIR_rotorOffsetEst,GTW_autopilot
DIR_rotorOffsetMean,GTW_autopilotCameraType
DIR_slavePedalPos,GTW_auxParkLamps
DIR_statorEndWindingTemp,GTW_birthday
DIR_subcomponentGitHash,GTW_BMP_AWAKE_PIN
DIR_subUsageId,GTW_BMP_GTW_nSUSPWR
DIR_switchingFrequency,GTW_BMP_GTW_PMIC_ERROR
DIR_sysHeatPowerOptimal,GTW_BMP_GTW_PMIC_ON
DIR_systemStack,GTW_BMP_GTW_PMIC_THERMTRIP
DIR_targetFluxMode,GTW_BMP_GTW_SOC_PWROK
DIR_torqueActual,GTW_BMP_PERIPH_nRST_3V3_PIN
DIR_torqueChecksum,GTW_BMP_PGOOD_PIN
DIR_torqueCommand,GTW_BMP_PMIC_PWR_ON
DIR_torqueCounter,GTW_bmpState
DIR_udsStack,GTW_bPillarNFCParam
DIR_usageId,GTW_brakeHWType
DIR_vBatQF,GTW_brakeLineSwitchType
DIR_xcpStack,GTW_cabinPTCHeaterType
DIS_activeInletTempReq,GTW_carConfigMultiplexer
DIS_coolantFlowReq,GTW_chassisType
DIS_oilFlowReq,GTW_compressorType
DIS_passiveInletTempReq,GTW_connectivityPackage
Elevation3D8,GTW_coolantPumpType
EPBL12VFilt288,GTW_country
EPBLCDPQualified288,GTW_dasHw
EPBLcsmFaultReason288,GTW_deliveryStatus
EPBLdisconnected288,GTW_drivetrainType
EPBLesmCaliperRequest288,GTW_eBuckConfig
EPBLesmOperationTrigger288,GTW_eCallEnabled
EPBLinternalCDPRequest288,GTW_efficiencyPackage
EPBLinternalStatusChecksum288,GTW_epasType
EPBLinternalStatusCounter288,GTW_espValveType
EPBLlocalServiceModeActive288,GTW_exteriorColor
EPBLlockoutUnlockCount288,GTW_frontFogLamps
EPBLsummonFaultReason288,GTW_frontSeatHeaters
EPBLsummonState288,GTW_frontSeatReclinerHardware
EPBLunitFaultStatus288,GTW_frontSeatType
EPBLunitStatus288,GTW_headlamps
EPBR12VFilt228,GTW_headlightLevelerType
EPBRCDPQualified228,GTW_homelinkType
EPBRcsmFaultReason228,GTW_hvacPanelVaneType
EPBRdisconnected228,GTW_immersiveAudio
EPBResmCaliperRequest228,GTW_interiorLighting
EPBResmOperationTrigger228,GTW_intrusionSensorType
EPBRinternalCDPRequest228,GTW_lumbarECUType
EPBRinternalStatusChecksum228,GTW_mapRegion
EPBRinternalStatusCounter228,GTW_memoryMirrors
EPBRlocalServiceModeActive228,GTW_numberHVILNodes
EPBRlockoutUnlockCount228,GTW_packEnergy
EPBRsummonFaultReason228,GTW_passengerAirbagType
EPBRsummonState228,GTW_passengerOccupancySensorType
EPBRunitFaultStatus228,GTW_pedestrianWarningSound
EPBRunitStatus228,GTW_performancePackage
FrontExcessHeatCmd,GTW_plcSupportType
FrontHeatPower2E5,GTW_powerSteeringColumn
FrontHeatPowerMax2E5,GTW_radarHeaterType
FrontHeatPowerOptimal2E5,GTW_rearFogLamps
FrontHighVoltage1A5,GTW_rearGlassType
FrontMotorCurrent1A5,GTW_rearLightType
FrontOilFlowActual396,GTW_rearSeatHeaters
FrontOilPumpDutyCycle396,GTW_refrigerantType
FrontOilPumpFluidTemp396,GTW_restraintsHardwareType
FrontOilPumpLeadAngle396,GTW_rightHandDrive
FrontOilPumpOilTempEst396,GTW_roofGlassType
FrontOilPumpOilTempEstConfident3,GTW_roofType
FrontOilPumpPhaseCurrent396,GTW_softRange
FrontOilPumpPressureEstimate396,GTW_spoilerType
FrontOilPumpPressureExpected396,GTW_steeringColumnMotorType
FrontOilPumpState396,GTW_steeringColumnUJointType
FrontPower2E5,GTW_superchargingAccess
FrontPowerLimit2E5,GTW_tireType
FrontTorque1D5,GTW_towPackage
FrontTorqueRequest1D5,GTW_tpmsType
GearLeverButton229,GTW_twelveVBatteryType
GearLeverPosition229,GTW_vdcType
GPSAccuracy04F,GTW_wheelType
GPSLatitude04F,GTW_windshieldType
GPSLongitude04F,GTW_xcpESP
GTW_activeHighBeam,GTW_xcpIbst
GTW_airbagCutoffSwitch,HVP_dcLinkAllowedToEnergize
GTW_airSuspension,HVP_dcLinkVoltageFiltered
GTW_audioType,HVP_dcLinkVoltageRequest
GTW_autopilot,HVP_fcContactorSetState
GTW_autopilotCameraType,HVP_fcContNegativeAuxOpen
GTW_auxParkLamps,HVP_fcContNegativeState
GTW_birthday,HVP_fcContPositiveAuxOpen
GTW_BMP_AWAKE_PIN,HVP_fcContPositiveState
GTW_BMP_GTW_nSUSPWR,HVP_fcCtrsClosingAllowed
GTW_BMP_GTW_PMIC_ERROR,HVP_fcCtrsOpenNowRequested
GTW_BMP_GTW_PMIC_ON,HVP_fcCtrsOpenRequested
GTW_BMP_GTW_PMIC_THERMTRIP,HVP_fcCtrsRequestStatus
GTW_BMP_GTW_SOC_PWROK,HVP_fcCtrsResetRequestRequired
GTW_BMP_PERIPH_nRST_3V3_PIN,HVP_fcLinkAllowedToEnergize
GTW_BMP_PGOOD_PIN,HVP_hvilStatus
GTW_BMP_PMIC_PWR_ON,HVP_packContactorSetState
GTW_bmpState,HVP_packContNegativeState
GTW_bPillarNFCParam,HVP_packContPositiveState
GTW_brakeHWType,HVP_packCtrsClosingAllowed
GTW_brakeLineSwitchType,HVP_packCtrsOpenNowRequested
GTW_cabinPTCHeaterType,HVP_packCtrsOpenRequested
GTW_carConfigMultiplexer,HVP_packCtrsRequestStatus
GTW_chassisType,HVP_packCtrsResetRequestRequired
GTW_compressorType,HVP_pcsChargeHwEnabled
GTW_connectivityPackage,HVP_pcsControlRequest
GTW_coolantPumpType,HVP_pcsDcdcHwEnabled
GTW_country,HVP_pyroTestInProgress
GTW_dasHw,IBST_driverBrakeApply
GTW_deliveryStatus,IBST_iBoosterStatus
GTW_drivetrainType,IBST_internalState
GTW_eBuckConfig,IBST_sInputRodDriver
GTW_eCallEnabled,IBST_statusChecksum
GTW_efficiencyPackage,IBST_statusCounter
GTW_epasType,MaxChargeCurrent2D2
GTW_espValveType,MaxDischargeCurrent2D2
GTW_exteriorColor,MaxVoltage2D2
GTW_frontFogLamps,MinVoltage2D2
GTW_frontSeatHeaters,MultiplexSelector
GTW_frontSeatReclinerHardware,mux405
GTW_frontSeatType,Odometer3B6
GTW_headlamps,PCS_chargeShutdownRequest
GTW_headlightLevelerType,PCS_chgInstantAcPowerAvailable
GTW_homelinkType,PCS_chgMainState
GTW_hvacPanelVaneType,PCS_chgMaxAcPowerAvailable
GTW_immersiveAudio,PCS_chgPHAEnable
GTW_interiorLighting,PCS_chgPHALineCurrentRequest
GTW_intrusionSensorType,PCS_chgPHBEnable
GTW_lumbarECUType,PCS_chgPHBLineCurrentRequest
GTW_mapRegion,PCS_chgPHCEnable
GTW_memoryMirrors,PCS_chgPHCLineCurrentRequest
GTW_numberHVILNodes,PCS_chgPwmEnableLine
GTW_packEnergy,PCS_dcdcHvBusVolt
GTW_passengerAirbagType,PCS_dcdcLvBusVolt
GTW_passengerOccupancySensorType,PCS_dcdcLvOutputCurrent
GTW_pedestrianWarningSound,PCS_ecuLogUploadRequest224
GTW_performancePackage,PCS_gridConfig
GTW_plcSupportType,PCS_hvChargeStatus
GTW_powerSteeringColumn,PCS_hwVariantType
GTW_radarHeaterType,RawBattCurrent132
GTW_rearFogLamps,RearExcessHeatCmd
GTW_rearGlassType,RearHeatPower266
GTW_rearLightType,RearHeatPowerMax266
GTW_rearSeatHeaters,RearHeatPowerOptimal266
GTW_refrigerantType,RearHighVoltage126
GTW_restraintsHardwareType,RearMotorCurrent126
GTW_rightHandDrive,RearPower266
GTW_roofGlassType,RearPowerLimit266
GTW_roofType,RearTempInvCapbank315
GTW_softRange,RearTempInverter315
GTW_spoilerType,RearTempInvHeatsink315
GTW_steeringColumnMotorType,RearTempInvPCB315
GTW_steeringColumnUJointType,RearTempPctInverter315
GTW_superchargingAccess,RearTempPctStator315
GTW_tireType,RearTempStator315
GTW_towPackage,RearTorque1D8
GTW_tpmsType,RearTorqueRequest1D8
GTW_twelveVBatteryType,SCCM_highBeamStalkStatus
GTW_vdcType,SCCM_leftStalkCounter
GTW_wheelType,SCCM_leftStalkCrc
GTW_windshieldType,SCCM_leftStalkReserved1
GTW_xcpESP,SCCM_turnIndicatorStalkStatus
GTW_xcpIbst,SCCM_washWipeButtonStatus
HVP_dcLinkAllowedToEnergize,SmoothBattCurrent132
HVP_dcLinkVoltageFiltered,SOCave292
HVP_dcLinkVoltageRequest,SOCmax292
HVP_fcContactorSetState,SOCmin292
HVP_fcContNegativeAuxOpen,SOCUI292
HVP_fcContNegativeState,StatusFlags
HVP_fcContPositiveAuxOpen,SteeringAngle129
HVP_fcContPositiveState,SteeringSensorA129
HVP_fcCtrsClosingAllowed,SteeringSensorB129
HVP_fcCtrsOpenNowRequested,SteeringSensorC129
HVP_fcCtrsOpenRequested,SteeringSpeed129
HVP_fcCtrsRequestStatus,SystemDrivePowerMax268
HVP_fcCtrsResetRequestRequired,SystemHeatPower268
HVP_fcLinkAllowedToEnergize,SystemHeatPowerMax268
HVP_hvilStatus,SystemRegenPowerMax268
HVP_packContactorSetState,timestamps
HVP_packContNegativeState,TorqueFlags1D8
HVP_packContPositiveState,TotalChargeKWh3D2
HVP_packCtrsClosingAllowed,TotalDischargeKWh3D2
HVP_packCtrsOpenNowRequested,UI_a001_DriverDoorOpen
HVP_packCtrsOpenRequested,UI_a002_DoorOpen
HVP_packCtrsRequestStatus,UI_a003_TrunkOpen
HVP_packCtrsResetRequestRequired,UI_a004_FrunkOpen
HVP_pcsChargeHwEnabled,UI_a005_HeadlightsOnDoorOpen
HVP_pcsControlRequest,UI_a006_RemoteServiceAlert
HVP_pcsDcdcHwEnabled,UI_a007_SoftPackConfigMismatch
HVP_pyroTestInProgress,UI_a008_TouchScreenError
IBST_driverBrakeApply,UI_a009_SquashfsError
IBST_iBoosterStatus,UI_a010_MapsMissing
IBST_internalState,UI_a011_IncorrectMap
IBST_sInputRodDriver,UI_a012_NotOnPrivateProperty
IBST_statusChecksum,UI_a013_TPMSHardWarning
IBST_statusCounter,UI_a014_TPMSSoftWarning
MaxChargeCurrent2D2,UI_a015_TPMSOverPressureWarning
MaxDischargeCurrent2D2,UI_a016_TPMSTemperatureWarning
MaxVoltage2D2,UI_a017_TPMSSystemFault
MinVoltage2D2,UI_a018_SlipStartOn
MultiplexSelector,UI_a019_ParkBrakeFault
mux405,UI_a020_SteeringReduced
Odometer3B6,UI_a021_RearSeatbeltUnbuckled
PCS_chargeShutdownRequest,UI_a022_ApeFusesEtc
PCS_chgInstantAcPowerAvailable,UI_a023_CellInternetCheckFailed
PCS_chgMainState,UI_a024_WifiInternetCheckFailed
PCS_chgMaxAcPowerAvailable,UI_a025_WifiOnlineCheckFailed
PCS_chgPHAEnable,UI_a026_ModemResetLoopDetected
PCS_chgPHALineCurrentRequest,UI_a027_AutoSteerMIA
PCS_chgPHBEnable,UI_a028_FrontTrunkPopupClosed
PCS_chgPHBLineCurrentRequest,UI_a029_ModemMIA
PCS_chgPHCEnable,UI_a030_ModemVMCrash
PCS_chgPHCLineCurrentRequest,UI_a031_BrakeFluidLow
PCS_chgPwmEnableLine,UI_a032_CellModemRecoveryResets
PCS_dcdcHvBusVolt,UI_a033_ApTrialExpired
PCS_dcdcLvBusVolt,UI_a034_WakeupProblem
PCS_dcdcLvOutputCurrent,UI_a035_AudioWatchdogKernelError
PCS_ecuLogUploadRequest224,UI_a036_AudioWatchdogHfpError
PCS_gridConfig,UI_a037_AudioWatchdogXrunStormEr
PCS_hvChargeStatus,UI_a038_AudioWatchdogA2bI2cLocku
PCS_hwVariantType,UI_a039_AudioA2bNeedRediscovery
RawBattCurrent132,UI_a040_HomelinkTransmit
RearExcessHeatCmd,UI_a041_AudioDmesgXrun
RearHeatPower266,UI_a042_AudioDmesgRtThrottling
RearHeatPowerMax266,UI_a043_InvalidMapDataOverride
RearHeatPowerOptimal266,UI_a044_AudioDmesgDspException
RearHighVoltage126,UI_a045_ECallNeedsService
RearMotorCurrent126,UI_a046_BackupCameraStreamError
RearPower266,UI_a047_CellRoamingDisallowed
RearPowerLimit266,UI_a048_AudioPremiumAmpCheckFail
RearTempInvCapbank315,UI_a049_BrakeShiftRequired
RearTempInverter315,UI_a050_BackupCameraIPUTimeout
RearTempInvHeatsink315,UI_a051_BackupCameraFrameTimeout
RearTempInvPCB315,UI_a052_KernelPanicReported
RearTempPctInverter315,UI_a053_QtCarExitError
RearTempPctStator315,UI_a054_AudioBoostPowerBad
RearTempStator315,UI_a055_ManualECallDisabled
RearTorque1D8,UI_a056_ManualECallButtonDisconn
RearTorqueRequest1D8,UI_a057_CellAntennaDisconnected
SCCM_highBeamStalkStatus,UI_a058_GPSAntennaDisconnected
SCCM_leftStalkCounter,UI_a059_ECallSpeakerDisconnected
SCCM_leftStalkCrc,UI_a060_ECallMicDisconnected
SCCM_leftStalkReserved1,UI_a061_SIMTestFailed
SCCM_turnIndicatorStalkStatus,UI_a062_ENSTestFailed
SCCM_washWipeButtonStatus,UI_a063_CellularTestFailed
SmoothBattCurrent132,UI_a064_ModemFirmwareTestFailed
SOCave292,UI_acceptBottsDots
SOCmax292,UI_accessoryPowerRequest
SOCmin292,UI_acChargeCurrentLimit
SOCUI292,UI_accOvertakeEnable
StatusFlags,UI_aebEnable
SteeringAngle129,UI_aesEnable
SteeringSensorA129,UI_ahlbEnable
SteeringSensorB129,UI_alarmEnabled
SteeringSensorC129,UI_alarmTriggerRequest
SteeringSpeed129,UI_ambientLightingEnabled
SystemDrivePowerMax268,UI_apmv3Branch
SystemHeatPower268,UI_applyEceR79
SystemHeatPowerMax268,UI_audioActive
SystemRegenPowerMax268,UI_autoFoldMirrorsOn
TempInvCapbank376,UI_autoHighBeamEnabled
TempInverter376,UI_autoLaneChangeEnable
TempInvHeatsink376,UI_autoParkRequest
TempInvPCB376,UI_autopilotControlIndex
TempPctInverter376,UI_autopilotPowerStateRequest
TempPctStator376,UI_autopilotTrial
TempStator376,UI_autoRollWindowsOnLockEnable
timestamps,UI_autosteerRestricted
TorqueFlags1D8,UI_batteryPreconditioningRequest
TotalChargeKWh3D2,UI_blindspotDistance
TotalDischargeKWh3D2,UI_blindspotMinSpeed
UI_a001_DriverDoorOpen,UI_blindspotTTC
UI_a002_DoorOpen,UI_bluetoothActive
UI_a003_TrunkOpen,UI_brickBalancingDisabled
UI_a004_FrunkOpen,UI_brickVLoggingRequest
UI_a005_HeadlightsOnDoorOpen,UI_bsdEnable
UI_a006_RemoteServiceAlert,UI_cameraActive
UI_a007_SoftPackConfigMismatch,UI_cellActive
UI_a008_TouchScreenError,UI_cellConnected
UI_a009_SquashfsError,UI_cellNetworkTechnology
UI_a010_MapsMissing,UI_cellReceiverPower
UI_a011_IncorrectMap,UI_cellSignalBars
UI_a012_NotOnPrivateProperty,UI_chargeEnableRequest
UI_a013_TPMSHardWarning,UI_chargeTerminationPct
UI_a014_TPMSSoftWarning,UI_chassisControlChecksum
UI_a015_TPMSOverPressureWarning,UI_chassisControlCounter
UI_a016_TPMSTemperatureWarning,UI_childDoorLockOn
UI_a017_TPMSSystemFault,UI_closeChargePortDoorRequest
UI_a018_SlipStartOn,UI_closureConfirmed
UI_a019_ParkBrakeFault,UI_coastDownMode
UI_a020_SteeringReduced,UI_conditionalLoggingEnabledVCSE
UI_a021_RearSeatbeltUnbuckled,UI_controlledAccess
UI_a022_ApeFusesEtc,UI_countryCode
UI_a023_CellInternetCheckFailed,UI_cpInletHeaterRequest
UI_a024_WifiInternetCheckFailed,UI_cpuTemperature
UI_a025_WifiOnlineCheckFailed,UI_dasDebugEnable
UI_a026_ModemResetLoopDetected,UI_developmentCar
UI_a027_AutoSteerMIA,UI_DIAppSliderDebug
UI_a028_FrontTrunkPopupClosed,UI_disableBackup
UI_a029_ModemMIA,UI_disableFisheye
UI_a030_ModemVMCrash,UI_disableLeftPillar
UI_a031_BrakeFluidLow,UI_disableLeftRepeater
UI_a032_CellModemRecoveryResets,UI_disableMain
UI_a033_ApTrialExpired,UI_disableNarrow
UI_a034_WakeupProblem,UI_disableRadar
UI_a035_AudioWatchdogKernelError,UI_disableRightPillar
UI_a036_AudioWatchdogHfpError,UI_disableRightRepeater
UI_a037_AudioWatchdogXrunStormEr,UI_displayBrightnessLevel
UI_a038_AudioWatchdogA2bI2cLocku,UI_displayOn
UI_a039_AudioA2bNeedRediscovery,UI_displayReady
UI_a040_HomelinkTransmit,UI_distanceUnits
UI_a041_AudioDmesgXrun,UI_domeLightSwitch
UI_a042_AudioDmesgRtThrottling,UI_donAlcProgGoreAbortThres
UI_a043_InvalidMapDataOverride,UI_donDisableAutoWiperDuration
UI_a044_AudioDmesgDspException,UI_donDisableCutin
UI_a045_ECallNeedsService,UI_donDisableOnAutoWiperSpeed
UI_a046_BackupCameraStreamError,UI_donMinGoreWidthForAbortMap
UI_a047_CellRoamingDisallowed,UI_donMinGoreWidthForAbortNotMap
UI_a048_AudioPremiumAmpCheckFail,UI_donStopEndOfRampBuffer
UI_a049_BrakeShiftRequired,UI_driverMonitorConfirmation
UI_a050_BackupCameraIPUTimeout,UI_driveStateRequest
UI_a051_BackupCameraFrameTimeout,UI_efuseMXResistanceEstArmed
UI_a052_KernelPanicReported,UI_enableAutopilotStopWarning
UI_a053_QtCarExitError,UI_enableCabinCamera
UI_a054_AudioBoostPowerBad,UI_enableCabinCameraTelemetry
UI_a055_ManualECallDisabled,UI_enableMapStops
UI_a056_ManualECallButtonDisconn,UI_energyAtDestination
UI_a057_CellAntennaDisconnected,UI_factoryReset
UI_a058_GPSAntennaDisconnected,UI_factorySummonEnable
UI_a059_ECallSpeakerDisconnected,UI_falseTouchCounter
UI_a060_ECallMicDisconnected,UI_fcwEnable
UI_a061_SIMTestFailed,UI_fcwSensitivity
UI_a062_ENSTestFailed,UI_freeRollModeRequest
UI_a063_CellularTestFailed,UI_frontFogSwitch
UI_a064_ModemFirmwareTestFailed,UI_frontLeftSeatHeatReq
UI_acceptBottsDots,UI_frontRightSeatHeatReq
UI_accessoryPowerRequest,UI_frunkRequest
UI_acChargeCurrentLimit,UI_fsdStopsControlEnabled
UI_accOvertakeEnable,UI_fsdVisualizationEnabled
UI_aebEnable,UI_globalUnlockOn
UI_aesEnable,UI_gloveboxRequest
UI_ahlbEnable,UI_gpsActive
UI_alarmEnabled,UI_gpsRoadMatch
UI_alarmTriggerRequest,UI_hardCoreSummon
UI_ambientLightingEnabled,UI_hindsightEnergy
UI_apmv3Branch,UI_homelinkNearby
UI_applyEceR79,UI_honkHorn
UI_audioActive,UI_hovEnabled
UI_autoFoldMirrorsOn,UI_hvacReqACDisable
UI_autoHighBeamEnabled,UI_hvacReqAirDistributionMode
UI_autoLaneChangeEnable,UI_hvacReqBlowerSegment
UI_autoParkRequest,UI_hvacReqKeepClimateOn
UI_autopilotControlIndex,UI_hvacReqManualDefogState
UI_autopilotPowerStateRequest,UI_hvacReqRecirc
UI_autopilotTrial,UI_hvacReqSecondRowState
UI_autoRollWindowsOnLockEnable,UI_hvacReqTempSetpointLeft
UI_autosteerRestricted,UI_hvacReqTempSetpointRight
UI_batteryPreconditioningRequest,UI_hvacReqUserPowerState
UI_blindspotDistance,UI_hvacUseModeledDuctTemp
UI_blindspotMinSpeed,UI_idealRange
UI_blindspotTTC,UI_inSuperchargerGeofence
UI_bluetoothActive,UI_intrusionSensorOn
UI_brickBalancingDisabled,UI_isSunUp
UI_brickVLoggingRequest,UI_latControlEnable
UI_bsdEnable,UI_ldwEnable
UI_cameraActive,UI_lightSwitch
UI_cellActive,UI_limitMode
UI_cellConnected,UI_lockRequest
UI_cellNetworkTechnology,UI_locksPanelActive
UI_cellReceiverPower,UI_mapDataChecksum
UI_cellSignalBars,UI_mapDataCounter
UI_chargeEnableRequest,UI_mapSpeedLimit
UI_chargeTerminationPct,UI_mapSpeedLimitDependency
UI_chassisControlChecksum,UI_mapSpeedLimitType
UI_chassisControlCounter,UI_mapSpeedUnits
UI_childDoorLockOn,UI_minsToSunrise
UI_closeChargePortDoorRequest,UI_minsToSunset
UI_closureConfirmed,UI_mirrorDipOnReverse
UI_coastDownMode,UI_mirrorFoldRequest
UI_conditionalLoggingEnabledVCSE,UI_mirrorHeatRequest
UI_controlledAccess,UI_motorOnMode
UI_countryCode,UI_narrowGarages
UI_cpInletHeaterRequest,UI_navRouteActive
UI_cpuTemperature,UI_navToSupercharger
UI_dasDebugEnable,UI_nextBranchDist
UI_developmentCar,UI_nextBranchLeftOffRamp
UI_DIAppSliderDebug,UI_nextBranchRightOffRamp
UI_disableBackup,UI_noStalkConfirmAlertChime
UI_disableFisheye,UI_noStalkConfirmAlertHaptic
UI_disableLeftPillar,UI_openChargePortDoorRequest
UI_disableLeftRepeater,UI_parallelAutoparkEnabled
UI_disableMain,UI_parkBrakeRequest
UI_disableNarrow,UI_pcbTemperature
UI_disableRadar,UI_pedalMap
UI_disableRightPillar,UI_pedalSafetyEnable
UI_disableRightRepeater,UI_perpendicularAutoparkEnabled
UI_displayBrightnessLevel,UI_PINToDriveEnabled
UI_displayOn,UI_PINToDrivePassed
UI_displayReady,UI_pmmEnabled
UI_distanceUnits,UI_powerExpected
UI_domeLightSwitch,UI_powerIdeal
UI_donAlcProgGoreAbortThres,UI_powerOff
UI_donDisableAutoWiperDuration,UI_powertrainControlChecksum
UI_donDisableCutin,UI_powertrainControlCounter
UI_donDisableOnAutoWiperSpeed,UI_predictedEnergy
UI_donMinGoreWidthForAbortMap,UI_radioActive
UI_donMinGoreWidthForAbortNotMap,UI_Range
UI_donStopEndOfRampBuffer,UI_ratedWHpM
UI_driverMonitorConfirmation,UI_readyForDrive
UI_driveStateRequest,UI_readyToAddKey
UI_efuseMXResistanceEstArmed,UI_rearCenterSeatHeatReq
UI_enableAutopilotStopWarning,UI_rearFogSwitch
UI_enableCabinCamera,UI_rearLeftSeatHeatReq
UI_enableCabinCameraTelemetry,UI_rearRightSeatHeatReq
UI_enableMapStops,UI_rearWindowLockout
UI_energyAtDestination,UI_rebootAutopilot
UI_factoryReset,UI_redLightStopSignEnable
UI_factorySummonEnable,UI_regenTorqueMax
UI_falseTouchCounter,UI_rejectAutosteer
UI_fcwEnable,UI_rejectHandsOn
UI_fcwSensitivity,UI_rejectHPP
UI_freeRollModeRequest,UI_rejectLeftFreeSpace
UI_frontFogSwitch,UI_rejectLeftLane
UI_frontLeftSeatHeatReq,UI_rejectNav
UI_frontRightSeatHeatReq,UI_rejectRightFreeSpace
UI_frunkRequest,UI_rejectRightLane
UI_fsdStopsControlEnabled,UI_remoteClosureRequest
UI_fsdVisualizationEnabled,UI_remoteStartRequest
UI_globalUnlockOn,UI_requestActiveBatteryHeating
UI_gloveboxRequest,UI_roadClass
UI_gpsActive,UI_scaEnabled
UI_gpsRoadMatch,UI_scheduledDepartureEnabled
UI_hardCoreSummon,UI_screenPCBTemperature
UI_hindsightEnergy,UI_screenshotActive
UI_homelinkNearby,UI_seeYouHomeLightingOn
UI_honkHorn,UI_selfParkTune
UI_hovEnabled,UI_shorted12VCellTestMode
UI_hvacReqACDisable,UI_showLaneGraph
UI_hvacReqAirDistributionMode,UI_showTrackLabels
UI_hvacReqBlowerSegment,UI_smartAcChargingEnabled
UI_hvacReqKeepClimateOn,UI_SOC
UI_hvacReqManualDefogState,UI_socSnapshotExpirationTime
UI_hvacReqRecirc,UI_solarAzimuthAngle
UI_hvacReqSecondRowState,UI_solarAzimuthAngleCarRef
UI_hvacReqTempSetpointLeft,UI_solarElevationAngle
UI_hvacReqTempSetpointRight,UI_soundHornOnLock
UI_hvacReqUserPowerState,UI_speedLimit
UI_hvacUseModeledDuctTemp,UI_steeringBacklightEnabled
UI_idealRange,UI_steeringButtonMode
UI_inSuperchargerGeofence,UI_steeringTuneRequest
UI_intrusionSensorOn,UI_stop12vSupport
UI_isSunUp,UI_stoppingMode
UI_latControlEnable,UI_streetCount
UI_ldwEnable,UI_summonActive
UI_lightSwitch,UI_summonState
UI_limitMode,UI_systemActive
UI_lockRequest,UI_systemPowerLimit
UI_locksPanelActive,UI_systemTorqueLimit
UI_mapDataChecksum,UI_touchActive
UI_mapDataCounter,UI_trackCmpOverclock
UI_mapSpeedLimit,UI_trackModeRequest
UI_mapSpeedLimitDependency,UI_trackModeSettingsChecksum
UI_mapSpeedLimitType,UI_trackModeSettingsCounter
UI_mapSpeedUnits,UI_trackPostCooling
UI_minsToSunrise,UI_trackRotationTendency
UI_minsToSunset,UI_trackStabilityAssist
UI_mirrorDipOnReverse,UI_tractionControlMode
UI_mirrorFoldRequest,UI_trailerMode
UI_mirrorHeatRequest,UI_tripPlanningActive
UI_motorOnMode,UI_trunkRequest
UI_narrowGarages,UI_ulcSnooze
UI_navRouteActive,UI_UMCUpdateInhibit
UI_navToSupercharger,UI_unlockOnPark
UI_nextBranchDist,UI_userPresent
UI_nextBranchLeftOffRamp,UI_uSOE
UI_nextBranchRightOffRamp,UI_VCLEFTFeature1
UI_noStalkConfirmAlertChime,UI_VCSECFeature1
UI_noStalkConfirmAlertHaptic,UI_vpnActive
UI_openChargePortDoorRequest,UI_walkAwayLock
UI_parallelAutoparkEnabled,UI_walkUpUnlock
UI_parkBrakeRequest,UI_wasteMode
UI_pcbTemperature,UI_wasteModeRegenLimit
UI_pedalMap,UI_WCUpdateInhibit
UI_pedalSafetyEnable,UI_wifiActive
UI_perpendicularAutoparkEnabled,UI_wifiConnected
UI_PINToDriveEnabled,UI_winchModeRequest
UI_PINToDrivePassed,UI_windowRequest
UI_pmmEnabled,UI_wiperMode
UI_powerExpected,UI_wiperRequest
UI_powerIdeal,UI_zeroSpeedConfirmed
UI_powerOff,UIcarWashModeRequest284
UI_powertrainControlChecksum,UIfactoryMode284
UI_powertrainControlCounter,UIgameMode284
UI_predictedEnergy,UIhomelinkV2Command0284
UI_radioActive,UIhomelinkV2Command1284
UI_Range,UIhomelinkV2Command2284
UI_ratedWHpM,UIisDelivered284
UI_readyForDrive,UIsentryMode284
UI_readyToAddKey,UIserviceMode284
UI_rearCenterSeatHeatReq,UIshowroomMode284
UI_rearFogSwitch,UItransportMode284
UI_rearLeftSeatHeatReq,UIvaletMode284
UI_rearRightSeatHeatReq,UnixTimeSeconds528
UI_rearWindowLockout,UTCday318
UI_rebootAutopilot,UTChour318
UI_redLightStopSignEnable,UTCminutes318
UI_regenTorqueMax,UTCmonth318
UI_rejectAutosteer,UTCseconds318
UI_rejectHandsOn,UTCyear318
UI_rejectHPP,v12vBattAH261
UI_rejectLeftFreeSpace,v12vBattCurrent261
UI_rejectLeftLane,v12vBattTemp261
UI_rejectNav,v12vBattVoltage261
UI_rejectRightFreeSpace,VCFRONT_12VARailStable
UI_rejectRightLane,VCFRONT_12VBatteryStatusChecksum
UI_remoteClosureRequest,VCFRONT_12VBatteryStatusCounter
UI_remoteStartRequest,VCFRONT_12VBatteryStatusIndex
UI_requestActiveBatteryHeating,VCFRONT_12VBatteryTargetVoltage
UI_roadClass,VCFRONT_12VBRailStable
UI_scaEnabled,VCFRONT_12VOverchargeCounter
UI_scheduledDepartureEnabled,VCFRONT_12VOverchargeCounter_0
UI_screenPCBTemperature,VCFRONT_12vStatusForDrive
UI_screenshotActive,VCFRONT_2RowCenterUnbuckled
UI_seeYouHomeLightingOn,VCFRONT_2RowLeftUnbuckled
UI_selfParkTune,VCFRONT_2RowRightUnbuckled
UI_shorted12VCellTestMode,VCFRONT_5VARailStable
UI_showLaneGraph,VCFRONT_5VBRailStable
UI_showTrackLabels,VCFRONT_accPlusAvailable
UI_smartAcChargingEnabled,VCFRONT_activeLouverOpenPos
UI_SOC,VCFRONT_activeLouverOpenPosTarg
UI_socSnapshotExpirationTime,VCFRONT_airCompressorStatus
UI_solarAzimuthAngle,VCFRONT_ambientColderThanBatt
UI_solarAzimuthAngleCarRef,VCFRONT_ambientLightingBrightnes
UI_solarElevationAngle,VCFRONT_ambientSourcingAvailable
UI_soundHornOnLock,VCFRONT_ambientSourcingDisabled
UI_speedLimit,VCFRONT_amplifierLVRequest
UI_steeringBacklightEnabled,VCFRONT_anyClosureOpen
UI_steeringButtonMode,VCFRONT_anyDoorOpen
UI_steeringTuneRequest,VCFRONT_APGlassHeaterState
UI_stop12vSupport,VCFRONT_approachLightingRequest
UI_stoppingMode,VCFRONT_AS8510Voltage
UI_streetCount,VCFRONT_autopilot1Current
UI_summonActive,VCFRONT_autopilot1Fault
UI_summonState,VCFRONT_autopilot1State
UI_systemActive,VCFRONT_autopilot1Temp
UI_systemPowerLimit,VCFRONT_autopilot1Voltage
UI_systemTorqueLimit,VCFRONT_autopilot2Current
UI_touchActive,VCFRONT_autopilot2Fault
UI_trackCmpOverclock,VCFRONT_autopilot2State
UI_trackModeRequest,VCFRONT_autopilot2Temp
UI_trackModeSettingsChecksum,VCFRONT_autopilot2Voltage
UI_trackModeSettingsCounter,VCFRONT_battDissipation
UI_trackPostCooling,VCFRONT_batterySMState
UI_trackRotationTendency,VCFRONT_batterySMState_0
UI_trackStabilityAssist,VCFRONT_batterySupportRequest
UI_tractionControlMode,VCFRONT_batterySupportRequest_0
UI_trailerMode,VCFRONT_battLoopWorthCooling
UI_tripPlanningActive,VCFRONT_battOverStagUpperLimit
UI_trunkRequest,VCFRONT_battSensorIrrational
UI_ulcSnooze,VCFRONT_battUnderStagUpperLimit
UI_UMCUpdateInhibit,VCFRONT_bmsHvChargeEnable
UI_unlockOnPark,VCFRONT_brakeFluidLevel
UI_userPresent,VCFRONT_cabinHeatEnergyDuringDri
UI_uSOE,VCFRONT_calibratedPositionHCML
UI_VCLEFTFeature1,VCFRONT_calibratedPositionHCMR
UI_VCSECFeature1,VCFRONT_ccLeftExvCalibFailed
UI_vpnActive,VCFRONT_ccLeftExvCalibOffset
UI_walkAwayLock,VCFRONT_ccLeftExvRange
UI_walkUpUnlock,VCFRONT_cclExvFlow
UI_wasteMode,VCFRONT_CCQdotActual
UI_wasteModeRegenLimit,VCFRONT_CCQdotFdbk
UI_WCUpdateInhibit,VCFRONT_CCQdotFdFrwrdTarget
UI_wifiActive,VCFRONT_ccrExvFlow
UI_wifiConnected,VCFRONT_ccRightExvCalibFailed
UI_winchModeRequest,VCFRONT_ccRightExvCalibOffset
UI_windowRequest,VCFRONT_ccRightExvRange
UI_wiperMode,VCFRONT_chargedIBSAmpHours
UI_wiperRequest,VCFRONT_chargeNeeded
UI_zeroSpeedConfirmed,VCFRONT_chargeNeeded_0
UIcarWashModeRequest284,VCFRONT_ChargePumpVoltage
UIfactoryMode284,VCFRONT_ChargePumpVoltageStable
UIgameMode284,VCFRONT_chillerDemandActive
UIhomelinkV2Command0284,VCFRONT_chillerExvCalibFailed
UIhomelinkV2Command1284,VCFRONT_chillerExvCalibOffset
UIhomelinkV2Command2284,VCFRONT_chillerExvFlow
UIisDelivered284,VCFRONT_chillerExvRange
UIsentryMode284,VCFRONT_chillerInletTempEstimate
UIserviceMode284,VCFRONT_chillerLiftDisabledLowPs
UIshowroomMode284,VCFRONT_chillerPassiveCoolPower
UItransportMode284,VCFRONT_CMPDischargeSuperheat
UIvaletMode284,VCFRONT_CMPDLVState
UnixTimeSeconds528,VCFRONT_compDemandChiller
UTCday318,VCFRONT_compDemandEvap
UTChour318,VCFRONT_compEnergyDuringDrive
UTCminutes318,VCFRONT_compPerfRecoveryLimited
UTCmonth318,VCFRONT_compressorState
UTCseconds318,VCFRONT_condenserPressureLimit
UTCyear318,VCFRONT_coolantAirPurgeBatState
v12vBattAH261,VCFRONT_coolantFillRoutineStatus
v12vBattCurrent261,VCFRONT_coolantFlowBatActual
v12vBattTemp261,VCFRONT_coolantFlowBatReason
v12vBattVoltage261,VCFRONT_coolantFlowBatTarget
VCFRONT_12VARailStable,VCFRONT_coolantFlowPTActual
VCFRONT_12VBatteryStatusChecksum,VCFRONT_coolantFlowPTReason
VCFRONT_12VBatteryStatusCounter,VCFRONT_coolantFlowPTTarget
VCFRONT_12VBatteryStatusIndex,VCFRONT_coolantHasBeenFilled
VCFRONT_12VBatteryTargetVoltage,VCFRONT_coolantLevel
VCFRONT_12VBRailStable,VCFRONT_coolantLevelVoltage
VCFRONT_12VOverchargeCounter,VCFRONT_coolantValveAngleDrift
VCFRONT_12VOverchargeCounter_0,VCFRONT_coolantValveCountRange
VCFRONT_12vStatusForDrive,VCFRONT_coolantValveDailyAngleTr
VCFRONT_2RowCenterUnbuckled,VCFRONT_coolantValveMode
VCFRONT_2RowLeftUnbuckled,VCFRONT_coolantValveOdometer
VCFRONT_2RowRightUnbuckled,VCFRONT_coolantValveRadBypass
VCFRONT_5VARailStable,VCFRONT_coolantValveRecalCount
VCFRONT_5VBRailStable,VCFRONT_coolantValveRecalReason
VCFRONT_accPlusAvailable,VCFRONT_coolantValveWindupEstL
VCFRONT_activeLouverOpenPos,VCFRONT_coolantValveWindupEstR
VCFRONT_activeLouverOpenPosTarg,VCFRONT_courtesyLightingRequest
VCFRONT_airCompressorStatus,VCFRONT_cpLVRequest
VCFRONT_ambientColderThanBatt,VCFRONT_crashDetectedType
VCFRONT_ambientLightingBrightnes,VCFRONT_crashState
VCFRONT_ambientSourcingAvailable,VCFRONT_crashUnlockOverrideSet
VCFRONT_ambientSourcingDisabled,VCFRONT_currentPositionHCML
VCFRONT_amplifierLVRequest,VCFRONT_currentPositionHCMR
VCFRONT_anyClosureOpen,VCFRONT_cycleModelConverged
VCFRONT_anyDoorOpen,VCFRONT_das1HighCurrentLVState
VCFRONT_APGlassHeaterState,VCFRONT_das2HighCurrentLVState
VCFRONT_approachLightingRequest,VCFRONT_diDissipation
VCFRONT_AS8510Voltage,VCFRONT_difLVState
VCFRONT_autopilot1Current,VCFRONT_diPowerOnState
VCFRONT_autopilot1Fault,VCFRONT_DIQdotA
VCFRONT_autopilot1State,VCFRONT_dirLVRequest
VCFRONT_autopilot1Temp,VCFRONT_dischargedIBSAmpHours
VCFRONT_autopilot1Voltage,VCFRONT_dischargePressureLimit
VCFRONT_autopilot2Current,VCFRONT_dischargePressureTarget
VCFRONT_autopilot2Fault,VCFRONT_driverBuckleStatus
VCFRONT_autopilot2State,VCFRONT_driverDoorStatus
VCFRONT_autopilot2Temp,VCFRONT_driverIsLeaving
VCFRONT_autopilot2Voltage,VCFRONT_driverIsLeavingAnySpeed
VCFRONT_battDissipation,VCFRONT_driverPresent
VCFRONT_batterySMState,VCFRONT_driverUnbuckled
VCFRONT_batterySMState_0,VCFRONT_DRLLeftStatus
VCFRONT_batterySupportRequest,VCFRONT_drlMode
VCFRONT_batterySupportRequest_0,VCFRONT_DRLRightStatus
VCFRONT_battLoopWorthCooling,VCFRONT_eFuseDebugStatusIndex
VCFRONT_battOverStagUpperLimit,VCFRONT_eFuseLockoutVoltage
VCFRONT_battSensorIrrational,VCFRONT_EPAS3PCurrent
VCFRONT_battUnderStagUpperLimit,VCFRONT_EPAS3PFault
VCFRONT_bmsHvChargeEnable,VCFRONT_EPAS3PSelfTestResult
VCFRONT_brakeFluidLevel,VCFRONT_EPAS3PState
VCFRONT_cabinHeatEnergyDuringDri,VCFRONT_EPAS3PTemp
VCFRONT_calibratedPositionHCML,VCFRONT_EPAS3PVoltage
VCFRONT_calibratedPositionHCMR,VCFRONT_EPAS3SCurrent
VCFRONT_ccLeftExvCalibFailed,VCFRONT_EPAS3SFault
VCFRONT_ccLeftExvCalibOffset,VCFRONT_EPAS3SSelfTestResult
VCFRONT_ccLeftExvRange,VCFRONT_EPAS3SState
VCFRONT_cclExvFlow,VCFRONT_EPAS3STemp
VCFRONT_CCQdotActual,VCFRONT_EPAS3SVoltage
VCFRONT_CCQdotFdbk,VCFRONT_epasLVState
VCFRONT_CCQdotFdFrwrdTarget,VCFRONT_epasWakeLine
VCFRONT_ccrExvFlow,VCFRONT_espLVState
VCFRONT_ccRightExvCalibFailed,VCFRONT_ESPMotorCurrent
VCFRONT_ccRightExvCalibOffset,VCFRONT_ESPMotorFault
VCFRONT_ccRightExvRange,VCFRONT_ESPMotorSelfTestResult
VCFRONT_chargedIBSAmpHours,VCFRONT_ESPMotorState
VCFRONT_chargeNeeded,VCFRONT_ESPMotorTemp
VCFRONT_chargeNeeded_0,VCFRONT_ESPMotorVoltage
VCFRONT_ChargePumpVoltage,VCFRONT_ESPValveCurrent
VCFRONT_ChargePumpVoltageStable,VCFRONT_ESPValveFault
VCFRONT_chillerDemandActive,VCFRONT_ESPValveState
VCFRONT_chillerExvCalibFailed,VCFRONT_ESPValveTemp
VCFRONT_chillerExvCalibOffset,VCFRONT_ESPValveVoltage
VCFRONT_chillerExvFlow,VCFRONT_estCompPower
VCFRONT_chillerExvRange,VCFRONT_estCompRefrigMassflow
VCFRONT_chillerInletTempEstimate,VCFRONT_estCompressorRpm
VCFRONT_chillerLiftDisabledLowPs,VCFRONT_estPressureDisch
VCFRONT_chillerPassiveCoolPower,VCFRONT_estPressureLiq
VCFRONT_CMPDischargeSuperheat,VCFRONT_estPressureSuct
VCFRONT_CMPDLVState,VCFRONT_estQLift
VCFRONT_compDemandChiller,VCFRONT_estTempDisch
VCFRONT_compDemandEvap,VCFRONT_estTempLiq
VCFRONT_compEnergyDuringDrive,VCFRONT_estTempSuct
VCFRONT_compPerfRecoveryLimited,VCFRONT_evapDisabledLowPsCutout
VCFRONT_compressorState,VCFRONT_evapExvCalibFailed
VCFRONT_condenserPressureLimit,VCFRONT_evapExvCalibOffset
VCFRONT_coolantAirPurgeBatState,VCFRONT_evapExvFlow
VCFRONT_coolantFillRoutineStatus,VCFRONT_evapExvRange
VCFRONT_coolantFlowBatActual,VCFRONT_evapFdbk
VCFRONT_coolantFlowBatReason,VCFRONT_evapFdFrwrdTarget
VCFRONT_coolantFlowBatTarget,VCFRONT_evapFdFrwrdTargetMinimum
VCFRONT_coolantFlowPTActual,VCFRONT_exteriorQuietModeAllowed
VCFRONT_coolantFlowPTReason,VCFRONT_exteriorQuietModeEnabled
VCFRONT_coolantFlowPTTarget,VCFRONT_exvFlowTarget
VCFRONT_coolantHasBeenFilled,VCFRONT_exvState
VCFRONT_coolantLevel,VCFRONT_fanControlFeedfwdActive
VCFRONT_coolantLevelVoltage,VCFRONT_fanControlRadCanCool
VCFRONT_coolantValveAngleDrift,VCFRONT_fanControlRadiatorInletT
VCFRONT_coolantValveCountRange,VCFRONT_fanControlRadiatorUa
VCFRONT_coolantValveDailyAngleTr,VCFRONT_fanDemand
VCFRONT_coolantValveMode,VCFRONT_fanDemandCondenser
VCFRONT_coolantValveOdometer,VCFRONT_fanDemandRadiator
VCFRONT_coolantValveRadBypass,VCFRONT_feedBackDuctTempControll
VCFRONT_coolantValveRecalCount,VCFRONT_feedBackEvapTempControll
VCFRONT_coolantValveRecalReason,VCFRONT_feedFwdFanDemand
VCFRONT_coolantValveWindupEstL,VCFRONT_feedfwdLoadCoolingDomina
VCFRONT_coolantValveWindupEstR,VCFRONT_feedFwdMDotCabinCondense
VCFRONT_courtesyLightingRequest,VCFRONT_feedFwdMDotEvaporator
VCFRONT_cpLVRequest,VCFRONT_feedFwdPumpDemand
VCFRONT_crashDetectedType,VCFRONT_firstChargeOTA
VCFRONT_crashState,VCFRONT_firstChargePOR
VCFRONT_crashUnlockOverrideSet,VCFRONT_fogLeftStatus
VCFRONT_currentPositionHCML,VCFRONT_fogRightStatus
VCFRONT_currentPositionHCMR,VCFRONT_freezeEvapITerm
VCFRONT_cycleModelConverged,VCFRONT_frunkAccessPost
VCFRONT_das1HighCurrentLVState,VCFRONT_frunkInteriorRelSwitch
VCFRONT_das2HighCurrentLVState,VCFRONT_frunkLatchStatus
VCFRONT_diDissipation,VCFRONT_frunkLatchType
VCFRONT_difLVState,VCFRONT_good12VforUpdate
VCFRONT_diPowerOnState,VCFRONT_hasLowRefrigerant
VCFRONT_DIQdotA,VCFRONT_hazardLightRequest
VCFRONT_dirLVRequest,VCFRONT_hazardSwitchBacklight
VCFRONT_dischargedIBSAmpHours,VCFRONT_HCML_bladeTemp
VCFRONT_dischargePressureLimit,VCFRONT_HCML_diffuseTemp
VCFRONT_dischargePressureTarget,VCFRONT_HCML_highBeamTemp
VCFRONT_driverBuckleStatus,VCFRONT_HCML_lowBeamSpotTemp
VCFRONT_driverDoorStatus,VCFRONT_HCML_turnTemp
VCFRONT_driverIsLeaving,VCFRONT_hcmlAppCRC
VCFRONT_driverIsLeavingAnySpeed,VCFRONT_HCMR_bladeTemp
VCFRONT_driverPresent,VCFRONT_HCMR_diffuseTemp
VCFRONT_driverUnbuckled,VCFRONT_HCMR_highBeamTemp
VCFRONT_DRLLeftStatus,VCFRONT_HCMR_lowBeamSpotTemp
VCFRONT_drlMode,VCFRONT_HCMR_turnTemp
VCFRONT_DRLRightStatus,VCFRONT_hcmrAppCRC
VCFRONT_eFuseDebugStatusIndex,VCFRONT_headlampLeftCurrent
VCFRONT_eFuseLockoutVoltage,VCFRONT_headlampLeftFanStatus
VCFRONT_EPAS3PCurrent,VCFRONT_headlampLeftFault
VCFRONT_EPAS3PFault,VCFRONT_headlampLeftState
VCFRONT_EPAS3PSelfTestResult,VCFRONT_headlampLeftTemperature
VCFRONT_EPAS3PState,VCFRONT_headlampLeftVoltage
VCFRONT_EPAS3PTemp,VCFRONT_headlampRightCurrent
VCFRONT_EPAS3PVoltage,VCFRONT_headlampRightFanStatus
VCFRONT_EPAS3SCurrent,VCFRONT_headlampRightFault
VCFRONT_EPAS3SFault,VCFRONT_headlampRightState
VCFRONT_EPAS3SSelfTestResult,VCFRONT_headlampRightTemperature
VCFRONT_EPAS3SState,VCFRONT_headlampRightVoltage
VCFRONT_EPAS3STemp,VCFRONT_headlightLeftVPosition
VCFRONT_EPAS3SVoltage,VCFRONT_headlightRightVPosition
VCFRONT_epasLVState,VCFRONT_highBeamLeftStatus
VCFRONT_epasWakeLine,VCFRONT_highBeamRightStatus
VCFRONT_espLVState,VCFRONT_highBeamSwitchActive
VCFRONT_ESPMotorCurrent,VCFRONT_homelinkCommStatus
VCFRONT_ESPMotorFault,VCFRONT_homelinkRegionCode
VCFRONT_ESPMotorSelfTestResult,VCFRONT_homelinkV2Response0
VCFRONT_ESPMotorState,VCFRONT_homelinkV2Response1
VCFRONT_ESPMotorTemp,VCFRONT_homelinkV2Response2
VCFRONT_ESPMotorVoltage,VCFRONT_homelinkV2Response3
VCFRONT_ESPValveCurrent,VCFRONT_homelinkV2Response4
VCFRONT_ESPValveFault,VCFRONT_hornOn
VCFRONT_ESPValveState,VCFRONT_hpAmbientSource
VCFRONT_ESPValveTemp,VCFRONT_hpAtSteadyState
VCFRONT_ESPValveVoltage,VCFRONT_hpBatteryCool
VCFRONT_estCompPower,VCFRONT_hpBatteryCoolCabinConden
VCFRONT_estCompRefrigMassflow,VCFRONT_hpBatteryCoolCabinReheat
VCFRONT_estCompressorRpm,VCFRONT_hpBatteryCoolEvaporator
VCFRONT_estPressureDisch,VCFRONT_hpBatteryHeatAmbientSour
VCFRONT_estPressureLiq,VCFRONT_hpBatteryHeatCOP1
VCFRONT_estPressureSuct,VCFRONT_hpBattOverTempHvacDisabl
VCFRONT_estQLift,VCFRONT_hpBattStagTarget
VCFRONT_estTempDisch,VCFRONT_hpCabinCoolEvaporator
VCFRONT_estTempLiq,VCFRONT_hpCabinCoolEvaporatorReh
VCFRONT_estTempSuct,VCFRONT_hpCabinHeatAmbientSource
VCFRONT_evapDisabledLowPsCutout,VCFRONT_hpCabinHeatBatteryCoolRe
VCFRONT_evapExvCalibFailed,VCFRONT_hpCabinHeatBatteryHeatRe
VCFRONT_evapExvCalibOffset,VCFRONT_hpCabinHeatBlend
VCFRONT_evapExvFlow,VCFRONT_hpCabinHeatCOP1
VCFRONT_evapExvRange,VCFRONT_hpCabinHeatReheatAmbient
VCFRONT_evapFdbk,VCFRONT_hpCabinHeatReheatScaveng
VCFRONT_evapFdFrwrdTarget,VCFRONT_hpCabinHeatScavengeOnly
VCFRONT_evapFdFrwrdTargetMinimum,VCFRONT_hpCompPowerIndex
VCFRONT_exteriorQuietModeAllowed,VCFRONT_hpCompPowerIndexFiltered
VCFRONT_exteriorQuietModeEnabled,VCFRONT_hpCOP
VCFRONT_exvFlowTarget,VCFRONT_hpDiagLouverCalib
VCFRONT_exvState,VCFRONT_hpForceScavenge
VCFRONT_fanControlFeedfwdActive,VCFRONT_hpGeneral
VCFRONT_fanControlRadCanCool,VCFRONT_hpMode
VCFRONT_fanControlRadiatorInletT,VCFRONT_hpPotentialLowRefrig
VCFRONT_fanControlRadiatorUa,VCFRONT_hpRefrigerantPurgeState
VCFRONT_fanDemand,VCFRONT_hpSubcoolTarget
VCFRONT_fanDemandCondenser,VCFRONT_HSDInitCompleteU13
VCFRONT_fanDemandRadiator,VCFRONT_HSDInitCompleteU16
VCFRONT_feedBackDuctTempControll,VCFRONT_hvacCompLVState
VCFRONT_feedBackEvapTempControll,VCFRONT_hvacModeNotAttainable
VCFRONT_feedFwdFanDemand,VCFRONT_hvacPerfTestCommand
VCFRONT_feedfwdLoadCoolingDomina,VCFRONT_hvcLVRequest
VCFRONT_feedFwdMDotCabinCondense,VCFRONT_iBoosterCurrent
VCFRONT_feedFwdMDotEvaporator,VCFRONT_iBoosterFault
VCFRONT_feedFwdPumpDemand,VCFRONT_iBoosterLVState
VCFRONT_firstChargeOTA,VCFRONT_iBoosterSelfTestResult
VCFRONT_firstChargePOR,VCFRONT_iBoosterState
VCFRONT_fogLeftStatus,VCFRONT_iBoosterStateDBG
VCFRONT_fogRightStatus,VCFRONT_iBoosterTemp
VCFRONT_freezeEvapITerm,VCFRONT_iBoosterVoltage
VCFRONT_frunkAccessPost,VCFRONT_iBoosterWakeLine
VCFRONT_frunkInteriorRelSwitch,VCFRONT_IBSCurrent
VCFRONT_frunkLatchStatus,VCFRONT_IBSFault
VCFRONT_frunkLatchType,VCFRONT_IBSFault_0
VCFRONT_good12VforUpdate,VCFRONT_IBSUnfilteredTemperature
VCFRONT_hasLowRefrigerant,VCFRONT_indicatorLeftRequest
VCFRONT_hazardLightRequest,VCFRONT_indicatorRightRequest
VCFRONT_hazardSwitchBacklight,VCFRONT_infoAppCrc
VCFRONT_HCML_bladeTemp,VCFRONT_infoAppGitHash
VCFRONT_HCML_diffuseTemp,VCFRONT_infoAssemblyId
VCFRONT_HCML_highBeamTemp,VCFRONT_infoBootCrc
VCFRONT_HCML_lowBeamSpotTemp,VCFRONT_infoBootGitHash
VCFRONT_HCML_turnTemp,VCFRONT_infoBootUdsProtoVersion
VCFRONT_hcmlAppCRC,VCFRONT_infoBuildConfigId
VCFRONT_HCMR_bladeTemp,VCFRONT_infoBuildType
VCFRONT_HCMR_diffuseTemp,VCFRONT_infoComponentId
VCFRONT_HCMR_highBeamTemp,VCFRONT_infoHardwareId
VCFRONT_HCMR_lowBeamSpotTemp,VCFRONT_infoIndex
VCFRONT_HCMR_turnTemp,VCFRONT_infoPcbaId
VCFRONT_hcmrAppCRC,VCFRONT_infoPlatformType
VCFRONT_headlampLeftCurrent,VCFRONT_infoSubcomponent3
VCFRONT_headlampLeftFanStatus,VCFRONT_infoSubcomponent4
VCFRONT_headlampLeftFault,VCFRONT_infoSubcomponent5
VCFRONT_headlampLeftState,VCFRONT_infoSubcomponent6
VCFRONT_headlampLeftTemperature,VCFRONT_infoSubUsageId
VCFRONT_headlampLeftVoltage,VCFRONT_infoUsageId
VCFRONT_headlampRightCurrent,VCFRONT_isActiveHeatingBattery
VCFRONT_headlampRightFanStatus,VCFRONT_isColdStartRunning
VCFRONT_headlampRightFault,VCFRONT_isEvapOperationAllowed
VCFRONT_headlampRightState,VCFRONT_isHeatPumpOilPurgeActive
VCFRONT_headlampRightTemperature,VCFRONT_isVehicleSupported
VCFRONT_headlampRightVoltage,VCFRONT_lccActiveCoolTarget
VCFRONT_headlightLeftVPosition,VCFRONT_lccExvCalibFailed
VCFRONT_headlightRightVPosition,VCFRONT_lccExvCalibOffset
VCFRONT_highBeamLeftStatus,VCFRONT_lccExvFlow
VCFRONT_highBeamRightStatus,VCFRONT_lccExvRange
VCFRONT_highBeamSwitchActive,VCFRONT_lccInletTempEstimate
VCFRONT_homelinkCommStatus,VCFRONT_lccPassiveHeatPower
VCFRONT_homelinkRegionCode,VCFRONT_leftControllerCurrent
VCFRONT_homelinkV2Response0,VCFRONT_leftControllerFault
VCFRONT_homelinkV2Response1,VCFRONT_leftControllerState
VCFRONT_homelinkV2Response2,VCFRONT_leftControllerTemp
VCFRONT_homelinkV2Response3,VCFRONT_leftControllerVoltage
VCFRONT_homelinkV2Response4,VCFRONT_logging1HzIndex
VCFRONT_hornOn,VCFRONT_loggingAndVitals10HzInde
VCFRONT_hpAmbientSource,VCFRONT_lowBeamLeftStatus
VCFRONT_hpAtSteadyState,VCFRONT_lowBeamRightStatus
VCFRONT_hpBatteryCool,VCFRONT_lowBeamsCalibrated
VCFRONT_hpBatteryCoolCabinConden,VCFRONT_lowBeamsOnForDRL
VCFRONT_hpBatteryCoolCabinReheat,VCFRONT_lowSideLiftEnergyDrive
VCFRONT_hpBatteryCoolEvaporator,VCFRONT_lowSideWattsLift
VCFRONT_hpBatteryHeatAmbientSour,VCFRONT_LVBatteryDisconnected
VCFRONT_hpBatteryHeatCOP1,VCFRONT_LVBatterySupported
VCFRONT_hpBattOverTempHvacDisabl,VCFRONT_LVLoadRequest
VCFRONT_hpBattStagTarget,VCFRONT_LVPowerStateIndex
VCFRONT_hpCabinCoolEvaporator,VCFRONT_maxAllowedEvapPowerInSer
VCFRONT_hpCabinCoolEvaporatorReh,VCFRONT_maxChillerCoolingPower
VCFRONT_hpCabinHeatAmbientSource,VCFRONT_maxCompressorRPMAllowed
VCFRONT_hpCabinHeatBatteryCoolRe,VCFRONT_maxEvapHeatRejection
VCFRONT_hpCabinHeatBatteryHeatRe,VCFRONT_minAllowedChillerPowerIn
VCFRONT_hpCabinHeatBlend,VCFRONT_minAllowedSuctionPressur
VCFRONT_hpCabinHeatCOP1,VCFRONT_minEvapHeatRejection
VCFRONT_hpCabinHeatReheatAmbient,VCFRONT_minFlowPDCont
VCFRONT_hpCabinHeatReheatScaveng,VCFRONT_modeDesired
VCFRONT_hpCabinHeatScavengeOnly,VCFRONT_modelLoadCoolingDominant
VCFRONT_hpCompPowerIndex,VCFRONT_modeTransitionID
VCFRONT_hpCompPowerIndexFiltered,VCFRONT_ocsLVRequest
VCFRONT_hpCOP,VCFRONT_oilPumpFrontLVState
VCFRONT_hpDiagLouverCalib,VCFRONT_oilPumpRearLVRequest
VCFRONT_hpForceScavenge,VCFRONT_ota12VSupportRequest
VCFRONT_hpGeneral,VCFRONT_parkLeftStatus
VCFRONT_hpMode,VCFRONT_parkLVState
VCFRONT_hpPotentialLowRefrig,VCFRONT_parkRightStatus
VCFRONT_hpRefrigerantPurgeState,VCFRONT_passengerBuckleStatus
VCFRONT_hpSubcoolTarget,VCFRONT_passengerPresent
VCFRONT_HSDInitCompleteU13,VCFRONT_passengerUnbuckled
VCFRONT_HSDInitCompleteU16,VCFRONT_passiveCoolingState
VCFRONT_hvacCompLVState,VCFRONT_passiveDemandRadBypass
VCFRONT_hvacModeNotAttainable,VCFRONT_passiveSeriesRegOn
VCFRONT_hvacPerfTestCommand,VCFRONT_pcs12vVoltageTarget
VCFRONT_hvcLVRequest,VCFRONT_PCSCurrent
VCFRONT_iBoosterCurrent,VCFRONT_pcsEFuseVoltage
VCFRONT_iBoosterFault,VCFRONT_PCSFault
VCFRONT_iBoosterLVState,VCFRONT_pcsLVState
VCFRONT_iBoosterSelfTestResult,VCFRONT_PCSMia
VCFRONT_iBoosterState,VCFRONT_PCSMia_0
VCFRONT_iBoosterStateDBG,VCFRONT_pcsSelfTestResult
VCFRONT_iBoosterTemp,VCFRONT_PCSState
VCFRONT_iBoosterVoltage,VCFRONT_PCSTemp
VCFRONT_iBoosterWakeLine,VCFRONT_PCSVoltage
VCFRONT_IBSCurrent,VCFRONT_PDischargeControllerOutp
VCFRONT_IBSFault,VCFRONT_PEResetLineState
VCFRONT_IBSFault_0,VCFRONT_preconditionRequest
VCFRONT_IBSUnfilteredTemperature,VCFRONT_pressureRefrigDischarge
VCFRONT_indicatorLeftRequest,VCFRONT_pressureRefrigDischargeV
VCFRONT_indicatorRightRequest,VCFRONT_pressureRefrigDischEst
VCFRONT_infoAppCrc,VCFRONT_pressureRefrigLiquid
VCFRONT_infoAppGitHash,VCFRONT_pressureRefrigSuction
VCFRONT_infoAssemblyId,VCFRONT_pressureRefrigSuctionEst
VCFRONT_infoBootCrc,VCFRONT_pressureRefrigSuctionVit
VCFRONT_infoBootGitHash,VCFRONT_PSuctionControllerOutput
VCFRONT_infoBootUdsProtoVersion,VCFRONT_ptcLVRequest
VCFRONT_infoBuildConfigId,VCFRONT_ptLoopWorthCooling
VCFRONT_infoBuildType,VCFRONT_ptSensorIrrational
VCFRONT_infoComponentId,VCFRONT_pump1AndFanCurrent
VCFRONT_infoHardwareId,VCFRONT_pump1AndFanState
VCFRONT_infoIndex,VCFRONT_pump1AndFanVoltage
VCFRONT_infoPcbaId,VCFRONT_pump2AndAirCompCurrent
VCFRONT_infoPlatformType,VCFRONT_pump2AndAirCompState
VCFRONT_infoSubcomponent3,VCFRONT_pump2AndAirCompVoltage
VCFRONT_infoSubcomponent4,VCFRONT_pumpBatteryFETTemp
VCFRONT_infoSubcomponent5,VCFRONT_pumpBatteryRPMActual
VCFRONT_infoSubcomponent6,VCFRONT_pumpPowertrainFETTemp
VCFRONT_infoSubUsageId,VCFRONT_pumpPowertrainRPMActual
VCFRONT_infoUsageId,VCFRONT_radActiveRejectEstimate
VCFRONT_isActiveHeatingBattery,VCFRONT_radarHeaterState
VCFRONT_isColdStartRunning,VCFRONT_radcLVState
VCFRONT_isEvapOperationAllowed,VCFRONT_radiatorFanFETTemp
VCFRONT_isHeatPumpOilPurgeActive,VCFRONT_radiatorFanRPMActual
VCFRONT_isVehicleSupported,VCFRONT_radiatorFanRunReason
VCFRONT_lccActiveCoolTarget,VCFRONT_radiatorIneffective
VCFRONT_lccExvCalibFailed,VCFRONT_radPassiveRejectEstimate
VCFRONT_lccExvCalibOffset,VCFRONT_railA_12v
VCFRONT_lccExvFlow,VCFRONT_railA_5v
VCFRONT_lccExvRange,VCFRONT_railAState
VCFRONT_lccInletTempEstimate,VCFRONT_railB_12v
VCFRONT_lccPassiveHeatPower,VCFRONT_railB_5v
VCFRONT_leftControllerCurrent,VCFRONT_railBState
VCFRONT_leftControllerFault,VCFRONT_rcmLVRequest
VCFRONT_leftControllerState,VCFRONT_recircExvCalibFailed
VCFRONT_leftControllerTemp,VCFRONT_recircExvCalibOffset
VCFRONT_leftControllerVoltage,VCFRONT_recircExvFlow
VCFRONT_logging1HzIndex,VCFRONT_recircExvRange
VCFRONT_loggingAndVitals10HzInde,VCFRONT_refrigFillRoutineStatus
VCFRONT_lowBeamLeftStatus,VCFRONT_reverseBatteryFault
VCFRONT_lowBeamRightStatus,VCFRONT_reverseBatteryFault_0
VCFRONT_lowBeamsCalibrated,VCFRONT_rightControllerCurrent
VCFRONT_lowBeamsOnForDRL,VCFRONT_rightControllerFault
VCFRONT_lowSideLiftEnergyDrive,VCFRONT_rightControllerState
VCFRONT_lowSideWattsLift,VCFRONT_rightControllerTemp
VCFRONT_LVBatteryDisconnected,VCFRONT_rightControllerVoltage
VCFRONT_LVBatterySupported,VCFRONT_sccmLVRequest
VCFRONT_LVLoadRequest,VCFRONT_seeYouHomeLightingReq
VCFRONT_LVPowerStateIndex,VCFRONT_shortedCellFaultCounter
VCFRONT_maxAllowedEvapPowerInSer,VCFRONT_shortedCellFaultCounter_0
VCFRONT_maxChillerCoolingPower,VCFRONT_sideMarkersStatus
VCFRONT_maxCompressorRPMAllowed,VCFRONT_sideRepeaterLeftStatus
VCFRONT_maxEvapHeatRejection,VCFRONT_sideRepeaterRightStatus
VCFRONT_minAllowedChillerPowerIn,VCFRONT_silentWakeIBSCurrent
VCFRONT_minAllowedSuctionPressur,VCFRONT_silentWakeIBSCurrent_0
VCFRONT_minEvapHeatRejection,VCFRONT_simLatchingStalk
VCFRONT_minFlowPDCont,VCFRONT_sleepBypassCurrent
VCFRONT_modeDesired,VCFRONT_sleepBypassFault
VCFRONT_modelLoadCoolingDominant,VCFRONT_sleepBypassState
VCFRONT_modeTransitionID,VCFRONT_sleepBypassVoltage
VCFRONT_ocsLVRequest,VCFRONT_sleepCurrent
VCFRONT_oilPumpFrontLVState,VCFRONT_solenoidEvapState
VCFRONT_oilPumpRearLVRequest,VCFRONT_standbySupplySupported
VCFRONT_ota12VSupportRequest,VCFRONT_statusIndex
VCFRONT_parkLeftStatus,VCFRONT_subcoolActual
VCFRONT_parkLVState,VCFRONT_suctionPressureTarget
VCFRONT_parkRightStatus,VCFRONT_suctionSuperheatEstPsSNA
VCFRONT_passengerBuckleStatus,VCFRONT_suctionSuperheatEstTsSNA
VCFRONT_passengerPresent,VCFRONT_switchLightingBrightness
VCFRONT_passengerUnbuckled,VCFRONT_targetBatActiveCool
VCFRONT_passiveCoolingState,VCFRONT_targetBatActiveHeat
VCFRONT_passiveDemandRadBypass,VCFRONT_targetBatPassive
VCFRONT_passiveSeriesRegOn,VCFRONT_targetCurrent
VCFRONT_pcs12vVoltageTarget,VCFRONT_targetPTActiveCool
VCFRONT_PCSCurrent,VCFRONT_targetPTPassive
VCFRONT_pcsEFuseVoltage,VCFRONT_tasLVState
VCFRONT_PCSFault,VCFRONT_tempAmbient
VCFRONT_pcsLVState,VCFRONT_tempAmbientFiltered
VCFRONT_PCSMia,VCFRONT_tempCompTargetVoltage
VCFRONT_PCSMia_0,VCFRONT_tempCoolantBatInlet
VCFRONT_pcsSelfTestResult,VCFRONT_tempCoolantPTInlet
VCFRONT_PCSState,VCFRONT_tempRefrigDischarge
VCFRONT_PCSTemp,VCFRONT_tempRefrigDischargeEst
VCFRONT_PCSVoltage,VCFRONT_tempRefrigLiquid
VCFRONT_PDischargeControllerOutp,VCFRONT_tempRefrigSuction
VCFRONT_PEResetLineState,VCFRONT_tempRefrigSuctionEst
VCFRONT_preconditionRequest,VCFRONT_tempSuperheatActFiltered
VCFRONT_pressureRefrigDischarge,VCFRONT_tempSuperheatActual
VCFRONT_pressureRefrigDischargeV,VCFRONT_tempSuperheatTarget
VCFRONT_pressureRefrigDischEst,VCFRONT_thermalSystemType
VCFRONT_pressureRefrigLiquid,VCFRONT_timeSpentSleeping
VCFRONT_pressureRefrigSuction,VCFRONT_totalLoadCoolingDominant
VCFRONT_pressureRefrigSuctionEst,VCFRONT_tpmsLVRequest
VCFRONT_pressureRefrigSuctionVit,VCFRONT_tunerLVRequest
VCFRONT_PSuctionControllerOutput,VCFRONT_turnSignalLeftStatus
VCFRONT_ptcLVRequest,VCFRONT_turnSignalRightStatus
VCFRONT_ptLoopWorthCooling,VCFRONT_uiAudioCurrent
VCFRONT_ptSensorIrrational,VCFRONT_uiAudioFault
VCFRONT_pump1AndFanCurrent,VCFRONT_uiAudioState
VCFRONT_pump1AndFanState,VCFRONT_uiCurrent
VCFRONT_pump1AndFanVoltage,VCFRONT_uiFault
VCFRONT_pump2AndAirCompCurrent,VCFRONT_uiHiCurrentLVState
VCFRONT_pump2AndAirCompState,VCFRONT_uiState
VCFRONT_pump2AndAirCompVoltage,VCFRONT_vbatFusedHighCurrent
VCFRONT_pumpBatteryFETTemp,VCFRONT_vbatFusedHighFault
VCFRONT_pumpBatteryRPMActual,VCFRONT_vbatFusedHighState
VCFRONT_pumpPowertrainFETTemp,VCFRONT_vbatFusedHighTemp
VCFRONT_pumpPowertrainRPMActual,VCFRONT_vbatFusedHighVoltage
VCFRONT_radActiveRejectEstimate,VCFRONT_vbatFusedSelfTestResult
VCFRONT_radarHeaterState,VCFRONT_vbatMonitorVoltage
VCFRONT_radcLVState,VCFRONT_vbatProt
VCFRONT_radiatorFanFETTemp,VCFRONT_vcleftHiCurrentLVState
VCFRONT_radiatorFanRPMActual,VCFRONT_vcleftSelfTestResult
VCFRONT_radiatorFanRunReason,VCFRONT_vcrightHiCurrentLVState
VCFRONT_radiatorIneffective,VCFRONT_vcrightSelfTestResult
VCFRONT_radPassiveRejectEstimate,VCFRONT_vehicleStatusChecksum
VCFRONT_railA_12v,VCFRONT_vehicleStatusCounter
VCFRONT_railA_5v,VCFRONT_vehicleStatusDBG
VCFRONT_railAState,VCFRONT_voltageDropCounter
VCFRONT_railB_12v,VCFRONT_voltageDropCounter_0
VCFRONT_railB_5v,VCFRONT_voltageFloorReachedCount
VCFRONT_railBState,VCFRONT_voltageFloorReachedCount_0
VCFRONT_rcmLVRequest,VCFRONT_voltageProfile
VCFRONT_recircExvCalibFailed,VCFRONT_voltageProfile_0
VCFRONT_recircExvCalibOffset,VCFRONT_washerFluidLevel
VCFRONT_recircExvFlow,VCFRONT_wasteHeatRequestType
VCFRONT_recircExvRange,VCFRONT_wiperCycles
VCFRONT_refrigFillRoutineStatus,VCFRONT_wiperPosition
VCFRONT_reverseBatteryFault,VCFRONT_wiperSpeed
VCFRONT_reverseBatteryFault_0,VCFRONT_wiperState
VCFRONT_rightControllerCurrent,VCLEFT_2RowSeatBothFoldFlatSwitc
VCFRONT_rightControllerFault,VCLEFT_2RowSeatCenterSwitch
VCFRONT_rightControllerState,VCLEFT_2RowSeatLeftFoldFlatSwitc
VCFRONT_rightControllerTemp,VCLEFT_2RowSeatReclineSwitch
VCFRONT_rightControllerVoltage,VCLEFT_2RowSeatRightFoldFlatSwit
VCFRONT_sccmLVRequest,VCLEFT_blowerIndex
VCFRONT_seeYouHomeLightingReq,VCLEFT_brakeLightStatus
VCFRONT_shortedCellFaultCounter,VCLEFT_brakePressed
VCFRONT_shortedCellFaultCounter_0,VCLEFT_brakeSwitchPressed
VCFRONT_sideMarkersStatus,VCLEFT_brakeTrailerLightStatus
VCFRONT_sideRepeaterLeftStatus,VCLEFT_btnWindowAutoDownLR
VCFRONT_sideRepeaterRightStatus,VCLEFT_btnWindowAutoUpLR
VCFRONT_silentWakeIBSCurrent,VCLEFT_btnWindowDownLR
VCFRONT_silentWakeIBSCurrent_0,VCLEFT_btnWindowSwPackAutoDownLF
VCFRONT_simLatchingStalk,VCLEFT_btnWindowSwPackAutoDownLR
VCFRONT_sleepBypassCurrent,VCLEFT_btnWindowSwPackAutoDownRF
VCFRONT_sleepBypassFault,VCLEFT_btnWindowSwPackAutoDownRR
VCFRONT_sleepBypassState,VCLEFT_btnWindowSwPackAutoUpLF
VCFRONT_sleepBypassVoltage,VCLEFT_btnWindowSwPackAutoUpLR
VCFRONT_sleepCurrent,VCLEFT_btnWindowSwPackAutoUpRF
VCFRONT_solenoidEvapState,VCLEFT_btnWindowSwPackAutoUpRR
VCFRONT_standbySupplySupported,VCLEFT_btnWindowSwPackDownLF
VCFRONT_statusIndex,VCLEFT_btnWindowSwPackDownLR
VCFRONT_subcoolActual,VCLEFT_btnWindowSwPackDownRF
VCFRONT_suctionPressureTarget,VCLEFT_btnWindowSwPackDownRR
VCFRONT_suctionSuperheatEstPsSNA,VCLEFT_btnWindowSwPackUpLF
VCFRONT_suctionSuperheatEstTsSNA,VCLEFT_btnWindowSwPackUpLR
VCFRONT_switchLightingBrightness,VCLEFT_btnWindowSwPackUpRF
VCFRONT_targetBatActiveCool,VCLEFT_btnWindowSwPackUpRR
VCFRONT_targetBatActiveHeat,VCLEFT_btnWindowUpLR
VCFRONT_targetBatPassive,VCLEFT_cpLVState
VCFRONT_targetCurrent,VCLEFT_diLVState
VCFRONT_targetPTActiveCool,VCLEFT_dynamicBrakeLightStatus
VCFRONT_targetPTPassive,VCLEFT_FLMapLightStatus
VCFRONT_tasLVState,VCLEFT_FLMapLightSwitchPressed
VCFRONT_tempAmbient,VCLEFT_fogTrailerLightStatus
VCFRONT_tempAmbientFiltered,VCLEFT_FRMapLightStatus
VCFRONT_tempCompTargetVoltage,VCLEFT_FRMapLightSwitchPressed
VCFRONT_tempCoolantBatInlet,VCLEFT_frontBuckleSwitch
VCFRONT_tempCoolantPTInlet,VCLEFT_frontDoorState
VCFRONT_tempRefrigDischarge,VCLEFT_frontHandle5vEnable
VCFRONT_tempRefrigDischargeEst,VCLEFT_frontHandleDebounceStatus
VCFRONT_tempRefrigLiquid,VCLEFT_frontHandlePulled
VCFRONT_tempRefrigSuction,VCLEFT_frontHandlePulledPersist
VCFRONT_tempRefrigSuctionEst,VCLEFT_frontHandlePWM
VCFRONT_tempSuperheatActFiltered,VCLEFT_frontHandleRawStatus
VCFRONT_tempSuperheatActual,VCLEFT_frontIntSwitchPressed
VCFRONT_tempSuperheatTarget,VCLEFT_frontLatchRelDuty
VCFRONT_thermalSystemType,VCLEFT_frontLatchStatus
VCFRONT_timeSpentSleeping,VCLEFT_frontLatchSwitch
VCFRONT_totalLoadCoolingDominant,VCLEFT_frontOccupancySwitch
VCFRONT_tpmsLVRequest,VCLEFT_frontRelActuatorSwitch
VCFRONT_tunerLVRequest,VCLEFT_frontRideHeight
VCFRONT_turnSignalLeftStatus,VCLEFT_frontSeatBackrestBack
VCFRONT_turnSignalRightStatus,VCLEFT_frontSeatBackrestForward
VCFRONT_uiAudioCurrent,VCLEFT_frontSeatLiftDown
VCFRONT_uiAudioFault,VCLEFT_frontSeatLiftUp
VCFRONT_uiAudioState,VCLEFT_frontSeatLumbarDown
VCFRONT_uiCurrent,VCLEFT_frontSeatLumbarIn
VCFRONT_uiFault,VCLEFT_frontSeatLumbarOut
VCFRONT_uiHiCurrentLVState,VCLEFT_frontSeatLumbarUp
VCFRONT_uiState,VCLEFT_frontSeatTiltDown
VCFRONT_vbatFusedHighCurrent,VCLEFT_frontSeatTiltUp
VCFRONT_vbatFusedHighFault,VCLEFT_frontSeatTrackBack
VCFRONT_vbatFusedHighState,VCLEFT_frontSeatTrackForward
VCFRONT_vbatFusedHighTemp,VCLEFT_hazardButtonPressed
VCFRONT_vbatFusedHighVoltage,VCLEFT_hornSwitchPressed
VCFRONT_vbatFusedSelfTestResult,VCLEFT_hvacBlowerEnabled
VCFRONT_vbatMonitorVoltage,VCLEFT_hvacBlowerFault
VCFRONT_vbatProt,VCLEFT_hvacBlowerFETTemp
VCFRONT_vcleftHiCurrentLVState,VCLEFT_hvacBlowerInitd
VCFRONT_vcleftSelfTestResult,VCLEFT_hvacBlowerITerm
VCFRONT_vcrightHiCurrentLVState,VCLEFT_hvacBlowerLimitFETTemps
VCFRONT_vcrightSelfTestResult,VCLEFT_hvacBlowerOutputDuty
VCFRONT_vehicleStatusChecksum,VCLEFT_hvacBlowerPowerOn
VCFRONT_vehicleStatusCounter,VCLEFT_hvacBlowerRPMActual
VCFRONT_vehicleStatusDBG,VCLEFT_hvacBlowerRPMTarget
VCFRONT_voltageDropCounter,VCLEFT_hvacBlowerSpiError
VCFRONT_voltageDropCounter_0,VCLEFT_hvacBlowerTorque
VCFRONT_voltageFloorReachedCount,VCLEFT_leftTurnTrailerLightStatu
VCFRONT_voltageFloorReachedCount_0,VCLEFT_liftgateLatchRequest
VCFRONT_voltageProfile,VCLEFT_liftgateMvmntNotAllowedCo
VCFRONT_voltageProfile_0,VCLEFT_liftgatePhysicalChimeRequ
VCFRONT_washerFluidLevel,VCLEFT_liftgatePosition
VCFRONT_wasteHeatRequestType,VCLEFT_liftgatePositionCalibrate
VCFRONT_wiperCycles,VCLEFT_liftgateRequestSource
VCFRONT_wiperPosition,VCLEFT_liftgateSpeed
VCFRONT_wiperSpeed,VCLEFT_liftgateState
VCFRONT_wiperState,VCLEFT_liftgateStatusIndex
VCLEFT_2RowSeatBothFoldFlatSwitc,VCLEFT_liftgateStoppingCondition
VCLEFT_2RowSeatCenterSwitch,VCLEFT_liftgateStrutCurrent
VCLEFT_2RowSeatLeftFoldFlatSwitc,VCLEFT_liftgateStrutDutyCycle
VCLEFT_2RowSeatReclineSwitch,VCLEFT_liftgateUIChimeRequest
VCLEFT_2RowSeatRightFoldFlatSwit,VCLEFT_lumbarLVState
VCLEFT_blowerIndex,VCLEFT_mirrorDipped
VCLEFT_brakeLightStatus,VCLEFT_mirrorFoldMaxCurrent
VCLEFT_brakePressed,VCLEFT_mirrorFoldState
VCLEFT_brakeSwitchPressed,VCLEFT_mirrorHeatState
VCLEFT_brakeTrailerLightStatus,VCLEFT_mirrorRecallState
VCLEFT_btnWindowAutoDownLR,VCLEFT_mirrorState
VCLEFT_btnWindowAutoUpLR,VCLEFT_mirrorTiltXPosition
VCLEFT_btnWindowDownLR,VCLEFT_mirrorTiltYPosition
VCLEFT_btnWindowSwPackAutoDownLF,VCLEFT_rcmLVState
VCLEFT_btnWindowSwPackAutoDownLR,VCLEFT_rearCenterBuckleSwitch
VCLEFT_btnWindowSwPackAutoDownRF,VCLEFT_rearCenterOccupancySwitch
VCLEFT_btnWindowSwPackAutoDownRR,VCLEFT_rearDoorState
VCLEFT_btnWindowSwPackAutoUpLF,VCLEFT_rearHandle5vEnable
VCLEFT_btnWindowSwPackAutoUpLR,VCLEFT_rearHandleDebounceStatus
VCLEFT_btnWindowSwPackAutoUpRF,VCLEFT_rearHandlePulled
VCLEFT_btnWindowSwPackAutoUpRR,VCLEFT_rearHandlePWM
VCLEFT_btnWindowSwPackDownLF,VCLEFT_rearHandleRawStatus
VCLEFT_btnWindowSwPackDownLR,VCLEFT_rearHVACButtonPressed
VCLEFT_btnWindowSwPackDownRF,VCLEFT_rearIntSwitchPressed
VCLEFT_btnWindowSwPackDownRR,VCLEFT_rearLatchRelDuty
VCLEFT_btnWindowSwPackUpLF,VCLEFT_rearLatchStatus
VCLEFT_btnWindowSwPackUpLR,VCLEFT_rearLatchSwitch
VCLEFT_btnWindowSwPackUpRF,VCLEFT_rearLeftBuckleSwitch
VCLEFT_btnWindowSwPackUpRR,VCLEFT_rearLeftOccupancySwitch
VCLEFT_btnWindowUpLR,VCLEFT_rearRelActuatorSwitch
VCLEFT_cpLVState,VCLEFT_rearRideHeight
VCLEFT_diLVState,VCLEFT_rearRightOccupancySwitch
VCLEFT_dynamicBrakeLightStatus,VCLEFT_reverseTrailerLightStatus
VCLEFT_FLMapLightStatus,VCLEFT_rideHeightSensorFault
VCLEFT_FLMapLightSwitchPressed,VCLEFT_rightMirrorTilt
VCLEFT_fogTrailerLightStatus,VCLEFT_rightTrnTrailerLightStatu
VCLEFT_FRMapLightStatus,VCLEFT_RLMapLightStatus
VCLEFT_FRMapLightSwitchPressed,VCLEFT_RLMapLightSwitchPressed
VCLEFT_frontBuckleSwitch,VCLEFT_RRMapLightStatus
VCLEFT_frontDoorState,VCLEFT_RRMapLightSwitchPressed
VCLEFT_frontHandle5vEnable,VCLEFT_sccmLVState
VCLEFT_frontHandleDebounceStatus,VCLEFT_swcLeftDoublePress
VCLEFT_frontHandlePulled,VCLEFT_swcLeftPressed
VCLEFT_frontHandlePulledPersist,VCLEFT_swcLeftScrollTicks
VCLEFT_frontHandlePWM,VCLEFT_swcLeftTiltLeft
VCLEFT_frontHandleRawStatus,VCLEFT_swcLeftTiltRight
VCLEFT_frontIntSwitchPressed,VCLEFT_swcLVState
VCLEFT_frontLatchRelDuty,VCLEFT_swcRightDoublePress
VCLEFT_frontLatchStatus,VCLEFT_swcRightPressed
VCLEFT_frontLatchSwitch,VCLEFT_swcRightScrollTicks
VCLEFT_frontOccupancySwitch,VCLEFT_swcRightTiltLeft
VCLEFT_frontRelActuatorSwitch,VCLEFT_swcRightTiltRight
VCLEFT_frontRideHeight,VCLEFT_switchStatusIndex
VCLEFT_frontSeatBackrestBack,VCLEFT_tailLightOutageStatus
VCLEFT_frontSeatBackrestForward,VCLEFT_tailLightStatus
VCLEFT_frontSeatLiftDown,VCLEFT_tailTrailerLightStatus
VCLEFT_frontSeatLiftUp,VCLEFT_tpmsLVState
VCLEFT_frontSeatLumbarDown,VCLEFT_trailerDetected
VCLEFT_frontSeatLumbarIn,VCLEFT_turnSignalStatus
VCLEFT_frontSeatLumbarOut,VCLEFT_vehicleInMotion
VCLEFT_frontSeatLumbarUp,VCLEFT_vehiclePowerStateDBG
VCLEFT_frontSeatTiltDown,VCRIGHT_2RowSeatReclineSwitch
VCLEFT_frontSeatTiltUp,VCRIGHT_amplifierLVState
VCLEFT_frontSeatTrackBack,VCRIGHT_brakeLightStatus
VCLEFT_frontSeatTrackForward,VCRIGHT_btnWindowAutoDownRF
VCLEFT_hazardButtonPressed,VCRIGHT_btnWindowAutoDownRR
VCLEFT_hornSwitchPressed,VCRIGHT_btnWindowAutoUpRF
VCLEFT_hvacBlowerEnabled,VCRIGHT_btnWindowAutoUpRR
VCLEFT_hvacBlowerFault,VCRIGHT_btnWindowDownRF
VCLEFT_hvacBlowerFETTemp,VCRIGHT_btnWindowDownRR
VCLEFT_hvacBlowerInitd,VCRIGHT_btnWindowSwPackAutoDwnLF
VCLEFT_hvacBlowerITerm,VCRIGHT_btnWindowSwPackAutoDwnLR
VCLEFT_hvacBlowerLimitFETTemps,VCRIGHT_btnWindowSwPackAutoDwnRR
VCLEFT_hvacBlowerOutputDuty,VCRIGHT_btnWindowSwPackAutoUpLF
VCLEFT_hvacBlowerPowerOn,VCRIGHT_btnWindowSwPackAutoUpLR
VCLEFT_hvacBlowerRPMActual,VCRIGHT_btnWindowSwPackAutoUpRR
VCLEFT_hvacBlowerRPMTarget,VCRIGHT_btnWindowSwPackDownLF
VCLEFT_hvacBlowerSpiError,VCRIGHT_btnWindowSwPackDownLR
VCLEFT_hvacBlowerTorque,VCRIGHT_btnWindowSwPackDownRR
VCLEFT_leftTurnTrailerLightStatu,VCRIGHT_btnWindowSwPackUpLF
VCLEFT_liftgateLatchRequest,VCRIGHT_btnWindowSwPackUpLR
VCLEFT_liftgateMvmntNotAllowedCo,VCRIGHT_btnWindowSwPackUpRR
VCLEFT_liftgatePhysicalChimeRequ,VCRIGHT_btnWindowUpRF
VCLEFT_liftgatePosition,VCRIGHT_btnWindowUpRR
VCLEFT_liftgatePositionCalibrate,VCRIGHT_cntctrPwrState
VCLEFT_liftgateRequestSource,VCRIGHT_conditioningRequest
VCLEFT_liftgateSpeed,VCRIGHT_eFuseLockoutStatus
VCLEFT_liftgateState,VCRIGHT_estimatedThsSolarLoad
VCLEFT_liftgateStatusIndex,VCRIGHT_estimatedVehicleSituatio
VCLEFT_liftgateStoppingCondition,VCRIGHT_evapPerformanceLow
VCLEFT_liftgateStrutCurrent,VCRIGHT_frontBuckleSwitch
VCLEFT_liftgateStrutDutyCycle,VCRIGHT_frontHandlePulled
VCLEFT_liftgateUIChimeRequest,VCRIGHT_frontHandlePulledPersist
VCLEFT_lumbarLVState,VCRIGHT_frontHandlePWM
VCLEFT_mirrorDipped,VCRIGHT_frontIntSwitchPressed
VCLEFT_mirrorFoldMaxCurrent,VCRIGHT_frontLatchStatus
VCLEFT_mirrorFoldState,VCRIGHT_frontLatchSwitch
VCLEFT_mirrorHeatState,VCRIGHT_frontOccupancySwitch
VCLEFT_mirrorRecallState,VCRIGHT_frontRelActuatorSwitch
VCLEFT_mirrorState,VCRIGHT_frontSeatBackrestBack
VCLEFT_mirrorTiltXPosition,VCRIGHT_frontSeatBackrestForward
VCLEFT_mirrorTiltYPosition,VCRIGHT_frontSeatLiftDown
VCLEFT_rcmLVState,VCRIGHT_frontSeatLiftUp
VCLEFT_rearCenterBuckleSwitch,VCRIGHT_frontSeatLumbarDown
VCLEFT_rearCenterOccupancySwitch,VCRIGHT_frontSeatLumbarIn
VCLEFT_rearDoorState,VCRIGHT_frontSeatLumbarOut
VCLEFT_rearHandle5vEnable,VCRIGHT_frontSeatLumbarUp
VCLEFT_rearHandleDebounceStatus,VCRIGHT_frontSeatTiltDown
VCLEFT_rearHandlePulled,VCRIGHT_frontSeatTiltUp
VCLEFT_rearHandlePWM,VCRIGHT_frontSeatTrackBack
VCLEFT_rearHandleRawStatus,VCRIGHT_frontSeatTrackForward
VCLEFT_rearHVACButtonPressed,VCRIGHT_hvacACRunning
VCLEFT_rearIntSwitchPressed,VCRIGHT_hvacAirDistributionMode
VCLEFT_rearLatchRelDuty,VCRIGHT_hvacBlowerSegment
VCLEFT_rearLatchStatus,VCRIGHT_hvacBlowerSpeedRPMReq
VCLEFT_rearLatchSwitch,VCRIGHT_hvacCabinTempEst
VCLEFT_rearLeftBuckleSwitch,VCRIGHT_hvacDuctTargetLeft
VCLEFT_rearLeftOccupancySwitch,VCRIGHT_hvacDuctTargetRight
VCLEFT_rearRelActuatorSwitch,VCRIGHT_hvacEvapEnabled
VCLEFT_rearRideHeight,VCRIGHT_hvacEvapInletTempEstimat
VCLEFT_rearRightOccupancySwitch,VCRIGHT_hvacHeatingEnabledLeft
VCLEFT_reverseTrailerLightStatus,VCRIGHT_hvacHeatingEnabledRight
VCLEFT_rideHeightSensorFault,VCRIGHT_hvacMassflowRefrigSystem
VCLEFT_rightMirrorTilt,VCRIGHT_hvacModelInitStatus
VCLEFT_rightTrnTrailerLightStatu,VCRIGHT_hvacOverheatProtActive
VCLEFT_RLMapLightStatus,VCRIGHT_hvacPerfTestRunning
VCLEFT_RLMapLightSwitchPressed,VCRIGHT_hvacPerfTestState
VCLEFT_RRMapLightStatus,VCRIGHT_hvacPowerState
VCLEFT_RRMapLightSwitchPressed,VCRIGHT_hvacQdotLeft
VCLEFT_sccmLVState,VCRIGHT_hvacQdotRight
VCLEFT_swcLeftDoublePress,VCRIGHT_hvacRecirc
VCLEFT_swcLeftPressed,VCRIGHT_hvacRecircDoorPercent
VCLEFT_swcLeftScrollTicks,VCRIGHT_hvacSecondRowState
VCLEFT_swcLeftTiltLeft,VCRIGHT_hvacStatusIndex
VCLEFT_swcLeftTiltRight,VCRIGHT_hvacSystemNominal
VCLEFT_swcLVState,VCRIGHT_hvacUnavailable
VCLEFT_swcRightDoublePress,VCRIGHT_hvacVentStatus
VCLEFT_swcRightPressed,VCRIGHT_hvcLVState
VCLEFT_swcRightScrollTicks,VCRIGHT_interiorTrunkLightStatus
VCLEFT_swcRightTiltLeft,VCRIGHT_liftgateShutfaceSwitchPr
VCLEFT_swcRightTiltRight,VCRIGHT_lumbarLVState
VCLEFT_switchStatusIndex,VCRIGHT_mirrorDipped
VCLEFT_tailLightOutageStatus,VCRIGHT_mirrorFoldState
VCLEFT_tailLightStatus,VCRIGHT_mirrorRecallState
VCLEFT_tailTrailerLightStatus,VCRIGHT_mirrorRecallStatus
VCLEFT_tpmsLVState,VCRIGHT_mirrorState
VCLEFT_trailerDetected,VCRIGHT_mirrorTiltXPosition
VCLEFT_turnSignalStatus,VCRIGHT_mirrorTiltYPosition
VCLEFT_vehicleInMotion,VCRIGHT_ocsLVState
VCLEFT_vehiclePowerStateDBG,VCRIGHT_ptcLVState
VCRIGHT_2RowSeatReclineSwitch,VCRIGHT_rcmLVState
VCRIGHT_amplifierLVState,VCRIGHT_rearCenterBuckleSwitch
VCRIGHT_brakeLightStatus,VCRIGHT_rearFogLightStatus
VCRIGHT_btnWindowAutoDownRF,VCRIGHT_rearHandlePulled
VCRIGHT_btnWindowAutoDownRR,VCRIGHT_rearHandlePWM
VCRIGHT_btnWindowAutoUpRF,VCRIGHT_rearIntSwitchPressed
VCRIGHT_btnWindowAutoUpRR,VCRIGHT_rearLatchStatus
VCRIGHT_btnWindowDownRF,VCRIGHT_rearLatchSwitch
VCRIGHT_btnWindowDownRR,VCRIGHT_rearOilPumpLVState
VCRIGHT_btnWindowSwPackAutoDwnLF,VCRIGHT_rearRelActuatorSwitch
VCRIGHT_btnWindowSwPackAutoDwnLR,VCRIGHT_rearRightBuckleSwitch
VCRIGHT_btnWindowSwPackAutoDwnRR,VCRIGHT_reservedForBackCompat
VCRIGHT_btnWindowSwPackAutoUpLF,VCRIGHT_reverseLightStatus
VCRIGHT_btnWindowSwPackAutoUpLR,VCRIGHT_seatRecallStatus
VCRIGHT_btnWindowSwPackAutoUpRR,VCRIGHT_swEnStatus
VCRIGHT_btnWindowSwPackDownLF,VCRIGHT_systemRecallStatus
VCRIGHT_btnWindowSwPackDownLR,VCRIGHT_tailLightStatus
VCRIGHT_btnWindowSwPackDownRR,VCRIGHT_tempAmbientRaw
VCRIGHT_btnWindowSwPackUpLF,VCRIGHT_tempDuctLeft
VCRIGHT_btnWindowSwPackUpLR,VCRIGHT_tempDuctLeftLower
VCRIGHT_btnWindowSwPackUpRR,VCRIGHT_tempDuctLeftUpper
VCRIGHT_btnWindowUpRF,VCRIGHT_tempDuctRight
VCRIGHT_btnWindowUpRR,VCRIGHT_tempDuctRightLower
VCRIGHT_cntctrPwrState,VCRIGHT_tempDuctRightUpper
VCRIGHT_conditioningRequest,VCRIGHT_tempEvaporator
VCRIGHT_eFuseLockoutStatus,VCRIGHT_tempEvaporatorTarget
VCRIGHT_estimatedThsSolarLoad,VCRIGHT_thsActive
VCRIGHT_estimatedVehicleSituatio,VCRIGHT_thsHumidity
VCRIGHT_evapPerformanceLow,VCRIGHT_thsSolarLoadInfrared
VCRIGHT_frontBuckleSwitch,VCRIGHT_thsSolarLoadVisible
VCRIGHT_frontHandlePulled,VCRIGHT_thsTemperature
VCRIGHT_frontHandlePulledPersist,VCRIGHT_trunkExtReleasePressed
VCRIGHT_frontHandlePWM,VCRIGHT_trunkLatchStatus
VCRIGHT_frontIntSwitchPressed,VCRIGHT_tunerLVState
VCRIGHT_frontLatchStatus,VCRIGHT_turnSignalStatus
VCRIGHT_frontLatchSwitch,VCRIGHT_vehiclePowerStateDBG
VCRIGHT_frontOccupancySwitch,VCRIGHT_wattsDemandEvap
VCRIGHT_frontRelActuatorSwitch,VCSEC_hvacRunScreenProtectOnly
VCRIGHT_frontSeatBackrestBack,VCSEC_TPMSBatVoltage0
VCRIGHT_frontSeatBackrestForward,VCSEC_TPMSBatVoltage1
VCRIGHT_frontSeatLiftDown,VCSEC_TPMSBatVoltage2
VCRIGHT_frontSeatLiftUp,VCSEC_TPMSBatVoltage3
VCRIGHT_frontSeatLumbarDown,VCSEC_TPMSConnectionTypeCurrent0
VCRIGHT_frontSeatLumbarIn,VCSEC_TPMSConnectionTypeCurrent1
VCRIGHT_frontSeatLumbarOut,VCSEC_TPMSConnectionTypeCurrent2
VCRIGHT_frontSeatLumbarUp,VCSEC_TPMSConnectionTypeCurrent3
VCRIGHT_frontSeatTiltDown,VCSEC_TPMSConnectionTypeDesired0
VCRIGHT_frontSeatTiltUp,VCSEC_TPMSConnectionTypeDesired1
VCRIGHT_frontSeatTrackBack,VCSEC_TPMSConnectionTypeDesired2
VCRIGHT_frontSeatTrackForward,VCSEC_TPMSConnectionTypeDesired3
VCRIGHT_hvacACRunning,VCSEC_TPMSDataIndex
VCRIGHT_hvacAirDistributionMode,VCSEC_TPMSLocation0
VCRIGHT_hvacBlowerSegment,VCSEC_TPMSLocation1
VCRIGHT_hvacBlowerSpeedRPMReq,VCSEC_TPMSLocation2
VCRIGHT_hvacCabinTempEst,VCSEC_TPMSLocation3
VCRIGHT_hvacDuctTargetLeft,VCSEC_TPMSPressure0
VCRIGHT_hvacDuctTargetRight,VCSEC_TPMSPressure1
VCRIGHT_hvacEvapEnabled,VCSEC_TPMSPressure2
VCRIGHT_hvacEvapInletTempEstimat,VCSEC_TPMSPressure3
VCRIGHT_hvacHeatingEnabledLeft,VCSEC_TPMSRSSI0
VCRIGHT_hvacHeatingEnabledRight,VCSEC_TPMSRSSI1
VCRIGHT_hvacMassflowRefrigSystem,VCSEC_TPMSRSSI2
VCRIGHT_hvacModelInitStatus,VCSEC_TPMSRSSI3
VCRIGHT_hvacOverheatProtActive,VCSEC_TPMSSensorState0
VCRIGHT_hvacPerfTestRunning,VCSEC_TPMSSensorState1
VCRIGHT_hvacPerfTestState,VCSEC_TPMSSensorState2
VCRIGHT_hvacPowerState,VCSEC_TPMSSensorState3
VCRIGHT_hvacQdotLeft,VCSEC_TPMSTemperature0
VCRIGHT_hvacQdotRight,VCSEC_TPMSTemperature1
VCRIGHT_hvacRecirc,VCSEC_TPMSTemperature2
VCRIGHT_hvacRecircDoorPercent,VCSEC_TPMSTemperature3
VCRIGHT_hvacSecondRowState,VCSEC_windowRequestLF
VCRIGHT_hvacStatusIndex,VCSEC_windowRequestLR
VCRIGHT_hvacSystemNominal,VCSEC_windowRequestPercent
VCRIGHT_hvacUnavailable,VCSEC_windowRequestRF
VCRIGHT_hvacVentStatus,VCSEC_windowRequestRR
VCRIGHT_hvcLVState,VCSEC_windowRequestType
VCRIGHT_interiorTrunkLightStatus,VINA405
VCRIGHT_liftgateShutfaceSwitchPr,VINB405
VCRIGHT_lumbarLVState,VINC405
VCRIGHT_mirrorDipped,
VCRIGHT_mirrorFoldState,
VCRIGHT_mirrorRecallState,
VCRIGHT_mirrorRecallStatus,
VCRIGHT_mirrorState,
VCRIGHT_mirrorTiltXPosition,
VCRIGHT_mirrorTiltYPosition,
VCRIGHT_ocsLVState,
VCRIGHT_ptcLVState,
VCRIGHT_rcmLVState,
VCRIGHT_rearCenterBuckleSwitch,
VCRIGHT_rearFogLightStatus,
VCRIGHT_rearHandlePulled,
VCRIGHT_rearHandlePWM,
VCRIGHT_rearIntSwitchPressed,
VCRIGHT_rearLatchStatus,
VCRIGHT_rearLatchSwitch,
VCRIGHT_rearOilPumpLVState,
VCRIGHT_rearRelActuatorSwitch,
VCRIGHT_rearRightBuckleSwitch,
VCRIGHT_reservedForBackCompat,
VCRIGHT_reverseLightStatus,
VCRIGHT_seatRecallStatus,
VCRIGHT_swEnStatus,
VCRIGHT_systemRecallStatus,
VCRIGHT_tailLightStatus,
VCRIGHT_tempAmbientRaw,
VCRIGHT_tempDuctLeft,
VCRIGHT_tempDuctLeftLower,
VCRIGHT_tempDuctLeftUpper,
VCRIGHT_tempDuctRight,
VCRIGHT_tempDuctRightLower,
VCRIGHT_tempDuctRightUpper,
VCRIGHT_tempEvaporator,
VCRIGHT_tempEvaporatorTarget,
VCRIGHT_thsActive,
VCRIGHT_thsHumidity,
VCRIGHT_thsSolarLoadInfrared,
VCRIGHT_thsSolarLoadVisible,
VCRIGHT_thsTemperature,
VCRIGHT_trunkExtReleasePressed,
VCRIGHT_trunkLatchStatus,
VCRIGHT_tunerLVState,
VCRIGHT_turnSignalStatus,
VCRIGHT_vehiclePowerStateDBG,
VCRIGHT_wattsDemandEvap,
VCSEC_hvacRunScreenProtectOnly,
VCSEC_TPMSBatVoltage0,
VCSEC_TPMSBatVoltage1,
VCSEC_TPMSBatVoltage2,
VCSEC_TPMSBatVoltage3,
VCSEC_TPMSConnectionTypeCurrent0,
VCSEC_TPMSConnectionTypeCurrent1,
VCSEC_TPMSConnectionTypeCurrent2,
VCSEC_TPMSConnectionTypeCurrent3,
VCSEC_TPMSConnectionTypeDesired0,
VCSEC_TPMSConnectionTypeDesired1,
VCSEC_TPMSConnectionTypeDesired2,
VCSEC_TPMSConnectionTypeDesired3,
VCSEC_TPMSDataIndex,
VCSEC_TPMSLocation0,
VCSEC_TPMSLocation1,
VCSEC_TPMSLocation2,
VCSEC_TPMSLocation3,
VCSEC_TPMSPressure0,
VCSEC_TPMSPressure1,
VCSEC_TPMSPressure2,
VCSEC_TPMSPressure3,
VCSEC_TPMSRSSI0,
VCSEC_TPMSRSSI1,
VCSEC_TPMSRSSI2,
VCSEC_TPMSRSSI3,
VCSEC_TPMSSensorState0,
VCSEC_TPMSSensorState1,
VCSEC_TPMSSensorState2,
VCSEC_TPMSSensorState3,
VCSEC_TPMSTemperature0,
VCSEC_TPMSTemperature1,
VCSEC_TPMSTemperature2,
VCSEC_TPMSTemperature3,
VCSEC_windowRequestLF,
VCSEC_windowRequestLR,
VCSEC_windowRequestPercent,
VCSEC_windowRequestRF,
VCSEC_windowRequestRR,
VCSEC_windowRequestType,
VINA405,
VINB405,
VINC405,
