horizon_minutes,fold,seed,scope,comparison,before_RMSE_MW,after_RMSE_MW,delta_RMSE_MW,improvement_pct
15,roll_1,17,all,add_surface,1.585185390971092,1.5654122641779156,-0.019773126793176443,1.2473699862363352
15,roll_1,17,all,add_pressure,1.5654122641779156,1.5987807553158018,0.0333684911378862,-2.131610432693898
15,roll_1,17,daylight,add_surface,2.235583447745006,2.210442140151335,-0.02514130759367106,1.1245971434897917
15,roll_1,17,daylight,add_pressure,2.210442140151335,2.2578315099377932,0.047389369786458246,-2.143886461701894
15,roll_1,42,all,add_surface,1.6059058537577702,1.5412746102478878,-0.06463124350988236,4.0245972924656375
15,roll_1,42,all,add_pressure,1.5412746102478878,1.6147083500981165,0.07343373985022872,-4.764481252203212
15,roll_1,42,daylight,add_surface,2.2449827070207435,2.1765631153886336,-0.06841959163210998,3.047666755656564
15,roll_1,42,daylight,add_pressure,2.1765631153886336,2.2642189405950948,0.0876558252064612,-4.027258598049421
15,roll_1,2026,all,add_surface,1.5931822906785587,1.5878364820789261,-0.005345808599632518,0.335542808309508
15,roll_1,2026,all,add_pressure,1.5878364820789261,1.6977634259440193,0.10992694386509316,-6.923064503541809
15,roll_1,2026,daylight,add_surface,2.231556725506852,2.2322210611795286,0.0006643356726767635,-0.029770055364641834
15,roll_1,2026,daylight,add_pressure,2.2322210611795286,2.357475153700076,0.12525409252054764,-5.611186754700803
15,roll_2,17,all,add_surface,1.7220201298100348,1.6947434573594118,-0.02727667245062304,1.583992659460498
15,roll_2,17,all,add_pressure,1.6947434573594118,1.7451343906993049,0.050390933339893085,-2.9733664479464794
15,roll_2,17,daylight,add_surface,2.3339269488731085,2.2980199575257907,-0.035906991347317785,1.538479658270997
15,roll_2,17,daylight,add_pressure,2.2980199575257907,2.366447005115779,0.06842704758998819,-2.9776524510109814
15,roll_2,42,all,add_surface,1.7157176410961925,1.7272748144301493,0.011557173333956783,-0.6736057878715229
15,roll_2,42,all,add_pressure,1.7272748144301493,1.7354620984611007,0.00818728403095137,-0.4740000816634726
15,roll_2,42,daylight,add_surface,2.301643180480877,2.303741772040961,0.0020985915600841842,-0.09117797136763972
15,roll_2,42,daylight,add_pressure,2.303741772040961,2.3313381021465593,0.027596330105598366,-1.1978916404832063
15,roll_2,2026,all,add_surface,1.689109862443011,1.6393058615027114,-0.049804000940299575,2.948535323111934
15,roll_2,2026,all,add_pressure,1.6393058615027114,1.751933753304155,0.11262789180144361,-6.870462336918659
15,roll_2,2026,daylight,add_surface,2.2790955914321476,2.2039524849462895,-0.07514310648585809,3.2970581299154422
15,roll_2,2026,daylight,add_pressure,2.2039524849462895,2.3651473662236913,0.16119488127740178,-7.313900021820574
15,roll_3,17,all,add_surface,2.324635171216786,2.215617719914604,-0.10901745130218199,4.6896585172596765
15,roll_3,17,all,add_pressure,2.215617719914604,2.26947523664442,0.05385751672981609,-2.430812691455264
15,roll_3,17,daylight,add_surface,3.144477064243407,2.9934299794491124,-0.1510470847942944,4.803567706436363
15,roll_3,17,daylight,add_pressure,2.9934299794491124,3.0690358702065472,0.07560589075743485,-2.5257277195890326
15,roll_3,42,all,add_surface,2.2454246187543636,2.2527738201750735,0.007349201420709939,-0.32729673306899354
15,roll_3,42,all,add_pressure,2.2527738201750735,2.274212550139602,0.02143872996452867,-0.9516592288373982
15,roll_3,42,daylight,add_surface,2.994669694337514,3.0224419942554355,0.027772299917921295,-0.9273910899233684
15,roll_3,42,daylight,add_pressure,3.0224419942554355,3.067113291747434,0.04467129749199872,-1.4779869250395095
15,roll_3,2026,all,add_surface,2.280872717947959,2.225611545438356,-0.05526117250960283,2.422808255575082
15,roll_3,2026,all,add_pressure,2.225611545438356,2.227572722276735,0.001961176838379153,-0.08811855970098925
15,roll_3,2026,daylight,add_surface,3.0700432316668826,3.0067525298933866,-0.06329070177349605,2.061557346185394
15,roll_3,2026,daylight,add_pressure,3.0067525298933866,3.0120333817674254,0.005280851874038817,-0.17563307327543853
60,roll_1,17,all,add_surface,2.5469964353852554,2.843605852458005,0.29660941707274935,-11.645458664644126
60,roll_1,17,all,add_pressure,2.843605852458005,2.9080787802480668,0.06447292779006197,-2.2672948057949727
60,roll_1,17,daylight,add_surface,3.553455398225273,4.011772894287527,0.45831749606225447,-12.89779790935761
60,roll_1,17,daylight,add_pressure,4.011772894287527,4.094217411023479,0.08244451673595155,-2.0550644044020183
60,roll_1,42,all,add_surface,2.7799211691564705,2.882586189790337,0.10266502063386662,-3.6930910765724745
60,roll_1,42,all,add_pressure,2.882586189790337,2.863069499685637,-0.01951669010469992,0.6770548673904364
60,roll_1,42,daylight,add_surface,3.8495754487964664,4.033574450338565,0.18399900154209892,-4.779721919715185
60,roll_1,42,daylight,add_pressure,4.033574450338565,4.034034230418886,0.00045978008032054873,-0.011398824689656806
60,roll_1,2026,all,add_surface,2.739237619929332,2.9272095554338464,0.1879719355045144,-6.862198961379762
60,roll_1,2026,all,add_pressure,2.9272095554338464,2.9968061899415486,0.06959663450770215,-2.377576090461586
60,roll_1,2026,daylight,add_surface,3.8091614720205103,4.070100265503279,0.2609387934827687,-6.850294885093389
60,roll_1,2026,daylight,add_pressure,4.070100265503279,4.0432426064534,-0.026857659049879246,0.6598770865060777
60,roll_2,17,all,add_surface,2.7018202537580107,2.6685140657015034,-0.03330618805650731,1.2327314524414046
60,roll_2,17,all,add_pressure,2.6685140657015034,2.64300209957864,-0.025511966122863328,0.9560364118281983
60,roll_2,17,daylight,add_surface,3.668402971830999,3.6188114670969997,-0.049591504733999425,1.3518554290464668
60,roll_2,17,daylight,add_pressure,3.6188114670969997,3.5692429117574713,-0.04956855533952842,1.3697468295935322
60,roll_2,42,all,add_surface,2.5146958196184848,2.597342150299476,0.08264633068099103,-3.286533903473443
60,roll_2,42,all,add_pressure,2.597342150299476,2.782131323456011,0.1847891731565352,-7.11454873726316
60,roll_2,42,daylight,add_surface,3.397641725495852,3.3730549540745876,-0.02458677142126442,0.7236422615358618
60,roll_2,42,daylight,add_pressure,3.3730549540745876,3.4133670980248003,0.040312143950212764,-1.195122655843961
60,roll_2,2026,all,add_surface,2.536952409633525,2.598923385470312,0.06197097583678701,-2.442733084052562
60,roll_2,2026,all,add_pressure,2.598923385470312,2.8075520360917543,0.2086286506214421,-8.027502918624418
60,roll_2,2026,daylight,add_surface,3.376503347266478,3.462458129735957,0.08595478246947907,-2.5456744338507864
60,roll_2,2026,daylight,add_pressure,3.462458129735957,3.682003507195213,0.21954537745925595,-6.340737396180396
60,roll_3,17,all,add_surface,3.483892165241758,3.247850576273136,-0.23604158896862204,6.775226607860363
60,roll_3,17,all,add_pressure,3.247850576273136,3.2688844702380178,0.021033893964881756,-0.647625051427636
60,roll_3,17,daylight,add_surface,4.714409793602457,4.396548017184704,-0.3178617764177538,6.742345072528444
60,roll_3,17,daylight,add_pressure,4.396548017184704,4.410673089389918,0.014125072205214195,-0.32127642300285864
60,roll_3,42,all,add_surface,3.313893780177556,3.4226266859466516,0.10873290576909556,-3.2811222381204264
60,roll_3,42,all,add_pressure,3.4226266859466516,3.2631127692592266,-0.1595139166874251,4.660570121257779
60,roll_3,42,daylight,add_surface,4.398830525305604,4.468908469716381,0.07007794441077753,-1.5931039854259588
60,roll_3,42,daylight,add_pressure,4.468908469716381,4.354552568585665,-0.11435590113071648,2.558922428276411
60,roll_3,2026,all,add_surface,3.410873171548672,3.150362149492018,-0.260511022056654,7.637663699420749
60,roll_3,2026,all,add_pressure,3.150362149492018,3.233040132161789,0.08267798266977078,-2.624396140713614
60,roll_3,2026,daylight,add_surface,4.430547355919054,4.213649084808958,-0.21689827111009574,4.895518627519635
60,roll_3,2026,daylight,add_pressure,4.213649084808958,4.350731255000047,0.13708217019108915,-3.2532887156004
