horizon_minutes,fold,model,scope,RMSE_mean_MW,RMSE_seed_std_MW,MAE_mean_MW,seed_runs,n
15,roll_1,GRU_local,all,1.5947578451358069,0.010449697287928716,0.7521475036338421,3,959
15,roll_1,GRU_local,daylight,2.2373742934242005,0.006889817928498346,1.3259162785223848,3,480
15,roll_1,GRU_local_surface,all,1.56484111883491,0.023286189734575254,0.7035661176079606,3,959
15,roll_1,GRU_local_surface,daylight,2.2064087722398322,0.028047330977255355,1.3470462280574311,3,480
15,roll_1,GRU_local_surface_pressure,all,1.6370841771193125,0.053149793013100334,0.7919698478831108,3,959
15,roll_1,GRU_local_surface_pressure,daylight,2.293175201410988,0.055776901275391096,1.380285488775782,3,480
15,roll_1,persistence,all,1.7991130558183372,,0.8290860563086548,1,959
15,roll_1,persistence,daylight,2.5410541634382864,,1.6276587375,1,480
15,roll_2,GRU_local,all,1.7089492111164128,0.017467975207093436,0.7827966802617133,3,959
15,roll_2,GRU_local,daylight,2.3048885735953775,0.0275593699502607,1.2765400966905298,3,521
15,roll_2,GRU_local_surface,all,1.6871080444307573,0.04447874568522301,0.7960517028447764,3,959
15,roll_2,GRU_local_surface,daylight,2.2685714048376804,0.056034707068780144,1.2891494408383262,3,521
15,roll_2,GRU_local_surface_pressure,all,1.744176747488187,0.0082774793087648,0.7930671624541321,3,959
15,roll_2,GRU_local_surface_pressure,daylight,2.354310824495343,0.01990557068757868,1.3332695929773164,3,521
15,roll_2,persistence,all,1.9222499154708015,,0.9054399895724713,1,959
15,roll_2,persistence,daylight,2.605397037640178,,1.6396629596928982,1,521
15,roll_3,GRU_local,all,2.283644169306369,0.03967793608952669,1.053657766961698,3,1295
15,roll_3,GRU_local,daylight,3.069729996749268,0.07490417616271769,1.7274839820253518,3,707
15,roll_3,GRU_local_surface,all,2.2313343618426775,0.01922776423143627,0.9407619489916984,3,1295
15,roll_3,GRU_local_surface,daylight,3.0075415011993116,0.014522090330656856,1.56937073501323,3,707
15,roll_3,GRU_local_surface_pressure,all,2.257086836353586,0.02566949029673006,0.9282925597436567,3,1295
15,roll_3,GRU_local_surface_pressure,daylight,3.0493941812404692,0.03236967840327711,1.6204903337727181,3,707
15,roll_3,persistence,all,2.4686507383853376,,1.0494816517374517,1,1295
15,roll_3,persistence,daylight,3.3400439403992666,,1.8990148684582746,1,707
60,roll_1,GRU_local,all,2.688718408157019,0.12440910725975683,1.5292778581868987,3,956
60,roll_1,GRU_local,daylight,3.7373974396807497,0.16057499288749233,2.6233866037006237,3,477
60,roll_1,GRU_local_surface,all,2.8844671992273963,0.041833580234004734,1.6230559479012447,3,956
60,roll_1,GRU_local_surface,daylight,4.0384825367097905,0.029471809277775603,2.945733865117654,3,477
60,roll_1,GRU_local_surface_pressure,all,2.9226514899584175,0.06804886833282395,1.6773374111118997,3,956
60,roll_1,GRU_local_surface_pressure,daylight,4.057164749298589,0.03241717681989955,2.9076892639394174,3,477
60,roll_1,persistence,all,3.8737832936908796,,2.2162696223849374,1,956
60,roll_1,persistence,daylight,5.453117011224238,,4.266478582809225,1,477
60,roll_2,GRU_local,all,2.584489494336674,0.10221897710095307,1.3180657862673482,3,956
60,roll_2,GRU_local,daylight,3.480849348197776,0.16276971174640104,2.168411970404095,3,518
60,roll_2,GRU_local_surface,all,2.6215932004904303,0.04064235192853787,1.4668209345155692,3,956
60,roll_2,GRU_local_surface,daylight,3.4847748503025144,0.1243888778624043,2.3002055829179646,3,518
60,roll_2,GRU_local_surface_pressure,all,2.744228486375468,0.0885812575869358,1.6260631954101916,3,956
60,roll_2,GRU_local_surface_pressure,daylight,3.554871172325828,0.13489362569710853,2.3243168749535155,3,518
60,roll_2,persistence,all,4.06324599555048,,2.41900144456067,1,956
60,roll_2,persistence,daylight,5.496106526808813,,4.313809281853282,1,518
60,roll_3,GRU_local,all,3.402886372322662,0.08528015274679449,1.9540637629690822,3,1289
60,roll_3,GRU_local,daylight,4.514595891609038,0.17376905912278356,3.0884651741887317,3,701
60,roll_3,GRU_local_surface,all,3.2736131372372683,0.13794845636427785,1.8452163334049434,3,1289
60,roll_3,GRU_local_surface,daylight,4.359701857236681,0.1315582305407587,2.9410695933467292,3,701
60,roll_3,GRU_local_surface_pressure,all,3.255012457219678,0.019246179734801458,1.6343020378910227,3,1289
60,roll_3,GRU_local_surface_pressure,daylight,4.371985637658543,0.03355875147380302,2.7304115092243784,3,701
60,roll_3,persistence,all,4.470432265137413,,2.4959304460822347,1,1289
60,roll_3,persistence,daylight,6.032710768519163,,4.446532360912982,1,701
