fold,split,model,alpha,seed,scope,n,MAE_MW,RMSE_MW,R2,nRMSE_capacity_pct
roll_1,validation,persistence,1,0,all,956,1.9512740889121338,3.3947060055514684,0.8556944296387741,9.699160015861338
roll_1,validation,persistence,1,0,daylight,469,3.8130320319829427,4.81367119024815,0.7305859090842342,13.753346257851858
roll_1,validation,persistence,1,0,day_stable,446,3.392051206278027,4.0731857160642555,0.8122331619311572,11.637673474469302
roll_1,validation,persistence,1,0,day_ramp_up,5,13.158984799999999,13.50468166942996,-3.781725633944843,38.58480476979989
roll_1,validation,persistence,1,0,day_ramp_down,18,11.647903388888889,11.916382773773423,-8.134796714629456,34.04680792506692
roll_1,validation,persistence,1,0,day_ramp,23,11.976399347826087,12.279154032542305,-2.8417259882778443,35.08329723583516
roll_1,validation,persistence,1,0,night_lowlight,487,0.15832855441478438,0.5541902547976217,-39.40443176717776,1.583400727993205
roll_1,evaluation,persistence,1,0,all,956,2.2162696223849374,3.8737832936908796,0.8350662637339611,11.067952267688227
roll_1,evaluation,persistence,1,0,daylight,477,4.266478582809225,5.453117011224238,0.6923147900527256,15.580334317783539
roll_1,evaluation,persistence,1,0,day_stable,438,3.5888205890410956,4.303329597756053,0.8165276110424605,12.295227422160153
roll_1,evaluation,persistence,1,0,day_ramp_up,14,13.80732092857143,14.630178331074376,-9.613481416371545,41.80050951735536
roll_1,evaluation,persistence,1,0,day_ramp_down,25,10.796174919999999,11.093325875131015,-5.429832441731826,31.695216786088615
roll_1,evaluation,persistence,1,0,day_ramp,39,11.877099128205128,12.478840168700362,-2.2345690185042306,35.653829053429604
roll_1,evaluation,persistence,1,0,night_lowlight,479,0.17462103340292273,0.5808727997012372,-23.821356865340586,1.6596365705749634
roll_1,validation,HGB,1,42,all,956,1.4951373310787985,2.9717882976408694,0.8894103471708131,8.49082370754534
roll_1,validation,HGB,1,42,daylight,469,2.964430224951051,4.220186587607608,0.7929235221429993,12.057675964593166
roll_1,validation,HGB,1,42,day_stable,446,2.790729027795216,3.960327110086738,0.822494184474388,11.315220314533537
roll_1,validation,HGB,1,42,day_ramp_up,5,4.447577041089414,4.676822543622786,0.42652071726250873,13.362350124636531
roll_1,validation,HGB,1,42,day_ramp_down,18,6.85637466110718,8.327884039991883,-3.461483956264721,23.79395439997681
roll_1,validation,HGB,1,42,day_ramp,23,6.33272300458158,7.683208942449194,-0.5040933067035747,21.952025549854838
roll_1,validation,HGB,1,42,night_lowlight,487,0.08015095073775955,0.43003356576115215,-23.328534270054455,1.228667330746149
roll_1,evaluation,HGB,1,42,all,956,1.5006567580615475,2.8919785540159104,0.9080759840148506,8.262795868616886
roll_1,evaluation,HGB,1,42,daylight,477,2.826162268379022,4.0106579475394835,0.8335636296854771,11.459022707255667
roll_1,evaluation,HGB,1,42,day_stable,438,2.7189335569504682,3.8709171111663143,0.8515469111671041,11.059763174760898
roll_1,evaluation,HGB,1,42,day_ramp_up,14,3.658940400213512,5.514771028327569,-0.508042547551615,15.756488652364483
roll_1,evaluation,HGB,1,42,day_ramp_down,25,4.2384535387799716,5.230508322857073,-0.429433344531013,14.944309493877352
roll_1,evaluation,HGB,1,42,day_ramp,39,4.030423181345857,5.3342945267230295,0.40895307780621437,15.240841504922942
roll_1,evaluation,HGB,1,42,night_lowlight,479,0.18068571751575271,0.8209410655574254,-48.57781690200252,2.345545901592644
roll_1,validation,GRU,1,17,all,956,1.3951059173722014,2.555517510791982,0.9182220008356263,7.301478602262805
roll_1,validation,GRU,1,17,daylight,469,2.693221516996204,3.6348108942296147,0.846385891138055,10.385173983513186
roll_1,validation,GRU,1,17,day_stable,446,2.405639273680412,3.015808772764809,0.897066185003803,8.61659649361374
roll_1,validation,GRU,1,17,day_ramp_up,5,10.840195842404174,12.095799495397568,-2.8360575047295953,34.55942712970734
roll_1,validation,GRU,1,17,day_ramp_down,18,7.555822010985269,8.845589594277206,-4.033424612134824,25.273113126506303
roll_1,validation,GRU,1,17,day_ramp,23,8.26981632216329,9.645774073635504,-1.3706293773719835,27.559354496101438
roll_1,validation,GRU,1,17,night_lowlight,487,0.14496994976715596,0.31053546517820124,-11.686261154029188,0.8872441862234322
roll_1,evaluation,GRU,1,17,all,956,1.5335920071239946,2.843605852458005,0.9111254013986051,8.124588149880015
roll_1,evaluation,GRU,1,17,daylight,477,2.956545477762586,4.011772894287527,0.8334710795424327,11.462208269392935
roll_1,evaluation,GRU,1,17,day_stable,438,2.529880253200435,3.1776512047951995,0.8999599396664415,9.079003442271999
roll_1,evaluation,GRU,1,17,day_ramp_up,14,10.458310995355196,11.618078687809765,-5.693099036000457,33.19451053659933
roll_1,evaluation,GRU,1,17,day_ramp_down,25,6.230731522239608,7.388056088585006,-1.8519143697099483,21.108731681671447
roll_1,evaluation,GRU,1,17,day_ramp,39,7.748324153614435,9.134747484682899,-0.7332494496559787,26.099278527665426
roll_1,evaluation,GRU,1,17,night_lowlight,479,0.11657988709349727,0.3336225540151849,-7.187932302199563,0.9532072971862428
roll_1,validation,GRU,1,42,all,956,1.4007249056624254,2.564590414376431,0.9176402939969501,7.327401183932659
roll_1,validation,GRU,1,42,daylight,469,2.6447825057595193,3.630173511906439,0.8467776105125874,10.371924319732683
roll_1,validation,GRU,1,42,day_stable,446,2.35104823767882,2.989064808894922,0.898883708836759,8.540185168271206
roll_1,validation,GRU,1,42,day_ramp_up,5,10.764715238232423,12.18352342230892,-2.891900741937321,34.810066920882626
roll_1,validation,GRU,1,42,day_ramp_down,18,7.667328055849923,8.986332017352282,-4.1948727971406905,25.675234335292235
roll_1,validation,GRU,1,42,day_ramp,23,8.34067309549829,9.770777529426121,-1.4324713895210772,27.916507226931778
roll_1,validation,GRU,1,42,night_lowlight,487,0.2026489006407889,0.4691151749017808,-27.95144185280582,1.340329071147945
roll_1,evaluation,GRU,1,42,all,956,1.6375676793244534,2.882586189790337,0.9086721031108284,8.235960542258105
roll_1,evaluation,GRU,1,42,daylight,477,2.9433282276305652,4.033574450338565,0.8316561938461408,11.524498429538758
roll_1,evaluation,GRU,1,42,day_stable,438,2.4816545538752397,3.1347291046257575,0.9026442678732155,8.956368870359306
roll_1,evaluation,GRU,1,42,day_ramp_up,14,10.674552433829172,11.76795102466863,-5.866893764820281,33.622717213338944
roll_1,evaluation,GRU,1,42,day_ramp_down,25,6.702365436352652,7.791928557851198,-2.1722400046815675,22.26265302243199
roll_1,evaluation,GRU,1,42,day_ramp,39,8.12827871749807,9.414444936090359,-0.841015382727395,26.89841410311531
roll_1,evaluation,GRU,1,42,night_lowlight,479,0.33725915835991155,0.6181594432498395,-27.11023355393172,1.7661698378566844
roll_1,validation,GRU,1,2026,all,956,1.4202849321211717,2.572414255000213,0.9171370151075333,7.349755014286323
roll_1,validation,GRU,1,2026,daylight,469,2.5995524641334766,3.6332937273041384,0.8465141011676148,10.380839220868966
roll_1,validation,GRU,1,2026,day_stable,446,2.295797427486177,2.9684921321710145,0.900270814268505,8.481406091917185
roll_1,validation,GRU,1,2026,day_ramp_up,5,10.719847388882446,12.09889433624708,-2.8380207492855742,34.56826953213451
roll_1,validation,GRU,1,2026,day_ramp_down,18,7.870289781964077,9.216959611899753,-4.464939593786581,26.334170319713582
roll_1,validation,GRU,1,2026,day_ramp,23,8.489758826946328,9.914983000207753,-1.504802215643044,28.328522857736438
roll_1,validation,GRU,1,2026,night_lowlight,487,0.2846042904091157,0.5264407298949275,-35.459457252296104,1.5041163711283643
roll_1,evaluation,GRU,1,2026,all,956,1.6980081572552863,2.9272095554338464,0.9058226465490247,8.363455872668133
roll_1,evaluation,GRU,1,2026,daylight,477,2.93732788995981,4.070100265503279,0.8285935330148739,11.62885790143794
roll_1,evaluation,GRU,1,2026,day_stable,438,2.509826683787626,3.223272734997586,0.8970667692919516,9.209350671421674
roll_1,evaluation,GRU,1,2026,day_ramp_up,14,10.373227844917297,11.590395997800456,-5.6612414024692725,33.11541713657273
roll_1,evaluation,GRU,1,2026,day_ramp_down,25,6.263045047320288,7.669496311738493,-2.073334276390503,21.912846604967122
roll_1,evaluation,GRU,1,2026,day_ramp,39,7.738495282355113,9.26981765275232,-0.7848854956139881,26.485193293578057
roll_1,evaluation,GRU,1,2026,night_lowlight,479,0.46386303721341166,0.7776801771566492,-43.49031656214795,2.2219433633047116
roll_1,validation,HGB,2,42,all,956,1.8047006655713367,3.5676190445401894,0.8406193089634906,10.193197270114826
roll_1,validation,HGB,2,42,daylight,469,3.603647859172855,5.077925742906337,0.700194113943598,14.508359265446677
roll_1,validation,HGB,2,42,day_stable,446,3.4631825391781397,4.890980263261063,0.729266318244107,13.974229323603035
roll_1,validation,HGB,2,42,day_ramp_up,5,3.207615625244949,3.5365302074302933,0.6720778940035763,10.104372021229409
roll_1,validation,HGB,2,42,day_ramp_down,18,7.194075297355212,8.697738055407724,-3.866566309774794,24.85068015830778
roll_1,validation,HGB,2,42,day_ramp,23,6.327453629505155,7.869166246618381,-0.5777817627741699,22.483332133195375
roll_1,validation,HGB,2,42,night_lowlight,487,0.07224433333496706,0.3912757490094033,-19.140817631433745,1.117930711455438
roll_1,evaluation,HGB,2,42,all,956,1.603255494792104,3.1197947446602643,0.8930228809780356,8.913699270457897
roll_1,evaluation,HGB,2,42,daylight,477,3.0157774621152846,4.303449617821557,0.8083757654688313,12.295570336633022
roll_1,evaluation,HGB,2,42,day_stable,438,2.907495892087619,4.175647837800156,0.8272535132894789,11.930422393714732
roll_1,evaluation,HGB,2,42,day_ramp_up,14,3.6385556223713302,5.01223900292635,-0.24572496306026248,14.320682865503857
roll_1,evaluation,HGB,2,42,day_ramp_down,25,4.564114799256595,5.81442299780644,-0.7664012384249757,16.61263713658983
roll_1,evaluation,HGB,2,42,day_ramp,39,4.231862787041373,5.539840383357112,0.3625259922827443,15.828115381020321
roll_1,evaluation,HGB,2,42,night_lowlight,479,0.1966313227395839,0.9915881100325787,-71.33126473422628,2.833108885807368
roll_1,validation,GRU,2,17,all,956,1.4791379409954721,2.7050380760393886,0.9083725661976536,7.728680217255397
roll_1,validation,GRU,2,17,daylight,469,2.883122692281845,3.85085489630455,0.8275823298117854,11.002442560870143
roll_1,validation,GRU,2,17,day_stable,446,2.6097264234941804,3.2727050836337668,0.8787828103532614,9.350585953239333
roll_1,validation,GRU,2,17,day_ramp_up,5,11.463811727185059,12.820268282789128,-3.3093342148352365,36.62933795082608
roll_1,validation,GRU,2,17,day_ramp_down,18,7.273749953658633,8.679851431900202,-3.8465710110713323,24.79957551971486
roll_1,validation,GRU,2,17,day_ramp,23,8.184632947903507,9.730975128872535,-1.4126938436338201,27.802786082492958
roll_1,validation,GRU,2,17,night_lowlight,487,0.127045849920916,0.28813889584491886,-9.922322844383633,0.8232539881283396
roll_1,evaluation,GRU,2,17,all,956,1.7543565430833488,3.155714363474687,0.89054534746987,9.01632675278482
roll_1,evaluation,GRU,2,17,daylight,477,3.337164069456524,4.446015311398565,0.7954691160600846,12.702900889710186
roll_1,evaluation,GRU,2,17,day_stable,438,2.9210533717266696,3.6519307488062025,0.8678684402450815,10.434087853732008
roll_1,evaluation,GRU,2,17,day_ramp_up,14,10.959544723159452,11.955349542808742,-6.08733857945579,34.15814155088212
roll_1,evaluation,GRU,2,17,day_ramp_down,25,6.358890327609938,7.9659990170427415,-2.3155578561249,22.759997191550692
roll_1,evaluation,GRU,2,17,day_ramp,39,8.010407290114891,9.590933039499644,-0.9106876470671106,27.40266582714184
roll_1,evaluation,GRU,2,17,night_lowlight,479,0.17815781640275474,0.4369991862989117,-13.048329805700943,1.2485691037111764
roll_1,validation,GRU,2,42,all,956,1.4822256197407324,2.678219805635573,0.9101803842074805,7.6520565875302085
roll_1,validation,GRU,2,42,daylight,469,2.803658865234058,3.793952504731833,0.8326401633528557,10.839864299233808
roll_1,validation,GRU,2,42,day_stable,446,2.5112993173446405,3.164252162401092,0.8866836336305901,9.04072046400312
roll_1,validation,GRU,2,42,day_ramp_up,5,10.960689445156861,12.572061748985845,-3.1440879261524843,35.920176425673844
roll_1,validation,GRU,2,42,day_ramp_down,18,7.781836946293301,9.113379839700784,-4.342800285510404,26.038228113430808
roll_1,validation,GRU,2,42,day_ramp,23,8.472891837350595,9.96788351559218,-1.5316018205185506,28.47966718740623
roll_1,validation,GRU,2,42,night_lowlight,487,0.20963384944017807,0.46749357607950465,-27.75163385607932,1.3356959316557275
roll_1,evaluation,GRU,2,42,all,956,1.7855237115030584,3.068243240089228,0.8965290525926467,8.766409257397795
roll_1,evaluation,GRU,2,42,daylight,477,3.195222313871977,4.290818830041269,0.809498963518293,12.259482371546484
roll_1,evaluation,GRU,2,42,day_stable,438,2.728279259041479,3.4034765459941587,0.8852356453040395,9.724218702840453
roll_1,evaluation,GRU,2,42,day_ramp_up,14,10.914137428996769,11.958092977842552,-6.090591664409361,34.165979936693006
roll_1,evaluation,GRU,2,42,day_ramp_down,25,7.053472170032424,8.262018027147548,-2.5665506026398837,23.605765791850136
roll_1,evaluation,GRU,2,42,day_ramp,39,8.439352006583727,9.751354112880621,-0.9751397693436552,27.861011751087492
roll_1,evaluation,GRU,2,42,night_lowlight,479,0.3817111158246152,0.674294246434057,-32.44739859608667,1.9265549898115912
roll_1,validation,GRU,2,2026,all,956,1.4825940972511173,2.6792474704776366,0.9101114412699038,7.654992772793248
roll_1,validation,GRU,2,2026,daylight,469,2.7392275282393554,3.7871310326368146,0.8332414434835502,10.820374378962327
roll_1,validation,GRU,2,2026,day_stable,446,2.444436572574309,3.150450115925541,0.8876700194810403,9.001286045501546
roll_1,validation,GRU,2,2026,day_ramp_up,5,10.89599127354126,12.46470627087318,-3.0736156293131733,35.613446488209085
roll_1,validation,GRU,2,2026,day_ramp_down,18,7.777724611578305,9.198499834774873,-4.443071093094634,26.28142809935678
roll_1,validation,GRU,2,2026,day_ramp,23,8.455608668526772,9.999712382563999,-1.5477951610544016,28.57060680732571
roll_1,validation,GRU,2,2026,night_lowlight,487,0.27240707644314294,0.5283567484807518,-35.725333802164805,1.5095907099450052
roll_1,evaluation,GRU,2,2026,all,956,1.9330609152307219,3.121297985077663,0.892919764532831,8.917994243079038
roll_1,evaluation,GRU,2,2026,daylight,477,3.0689740811781947,4.265756965433414,0.8117178259062556,12.187877044095469
roll_1,evaluation,GRU,2,2026,day_stable,438,2.6209126766526065,3.3854277128348644,0.8864496218862145,9.672650608099612
roll_1,evaluation,GRU,2,2026,day_ramp_up,14,10.026010078615325,11.163509454404002,-5.179596422535728,31.89574129829715
roll_1,evaluation,GRU,2,2026,day_ramp_down,25,7.023069729901713,8.752397226399003,-3.002489058811408,25.006849218282866
roll_1,evaluation,GRU,2,2026,day_ramp,39,8.101048316619421,9.687219490670817,-0.9492442328970438,27.677769973345193
roll_1,evaluation,GRU,2,2026,night_lowlight,479,0.80189060175067,1.150486432380374,-96.3702848792048,3.2871040925153547
roll_1,validation,HGB,4,42,all,956,1.9003634088556207,3.778328826069629,0.8212367418138374,10.795225217341796
roll_1,validation,HGB,4,42,daylight,469,3.7188341620189505,5.365199537686184,0.6653127094796008,15.32914153624624
roll_1,validation,HGB,4,42,day_stable,446,3.5926967711995994,5.215452739761201,0.6921533035474075,14.901293542174859
roll_1,validation,HGB,4,42,day_ramp_up,5,2.2317120224336624,3.0286235198738622,0.7595047340436285,8.653210056782463
roll_1,validation,HGB,4,42,day_ramp_down,18,7.257327884427671,8.572732618369708,-3.7276852335231583,24.49352176677059
roll_1,validation,HGB,4,42,day_ramp,23,6.164802697037669,7.7142279727412575,-0.5162626219384876,22.040651350689306
roll_1,validation,HGB,4,42,night_lowlight,487,0.14910512706177792,0.5499639771319217,-38.79052983229153,1.5713256489483476
roll_1,evaluation,HGB,4,42,all,956,1.7583473449328333,3.458742345048109,0.8685152831611449,9.882120985851742
roll_1,evaluation,HGB,4,42,daylight,477,3.22597470620659,4.719064590405706,0.769575406230249,13.483041686873445
roll_1,evaluation,HGB,4,42,day_stable,438,3.137128937428048,4.606324794642215,0.7897816568284378,13.160927984692043
roll_1,evaluation,HGB,4,42,day_ramp_up,14,3.3045098733976466,5.282733065005036,-0.3838083822934335,15.093523042871531
roll_1,evaluation,HGB,4,42,day_ramp_down,25,4.7385728815796515,6.1263349745022175,-0.9609999947665779,17.503814212863478
roll_1,evaluation,HGB,4,42,day_ramp,39,4.2237810324886755,5.8375470489524215,0.2921703254215484,16.678705854149776
roll_1,evaluation,HGB,4,42,night_lowlight,479,0.2968478640819313,1.303556953691782,-124.00387016614107,3.724448439119377
roll_1,validation,GRU,4,17,all,956,1.5775344610731001,2.8052360456271743,0.9014588605763311,8.014960130363354
roll_1,validation,GRU,4,17,daylight,469,2.936408255185961,3.971532690050491,0.8166065810802569,11.347236257287117
roll_1,validation,GRU,4,17,day_stable,446,2.673201044153399,3.4304204218973595,0.866818112067819,9.801201205421028
roll_1,validation,GRU,4,17,day_ramp_up,5,11.80628737987976,13.28847104214186,-3.629839962048389,37.967060120405314
roll_1,validation,GRU,4,17,day_ramp_down,18,6.994242727244484,8.387231124604025,-3.52529836644519,23.963517498868644
roll_1,validation,GRU,4,17,day_ramp,23,8.040339390860845,9.66647937364341,-1.3808177300688942,27.61851249612403
roll_1,validation,GRU,4,17,night_lowlight,487,0.26888598173237777,0.5076967736674926,-32.90939499253767,1.4505622104785503
roll_1,evaluation,GRU,4,17,all,956,2.0159535069779526,3.384210059501905,0.8741209439227475,9.669171598576872
roll_1,evaluation,GRU,4,17,daylight,477,3.54676288817729,4.723079012224496,0.7691832035178182,13.494511463498561
roll_1,evaluation,GRU,4,17,day_stable,438,3.1158146340668993,3.911378063014873,0.848427265355684,11.175365894328207
roll_1,evaluation,GRU,4,17,day_ramp_up,14,11.195664799211231,12.182272529650055,-6.358939725707699,34.8064929418573
roll_1,evaluation,GRU,4,17,day_ramp_down,25,6.813591230012339,8.630291607494367,-2.8915897807573203,24.65797602141248
roll_1,evaluation,GRU,4,17,day_ramp,39,8.386643280493994,10.050841304973916,-1.0983252646478494,28.71668944278262
roll_1,evaluation,GRU,4,17,night_lowlight,479,0.4915358142178602,0.8022480967381772,-46.345731260926456,2.292137419251935
roll_1,validation,GRU,4,42,all,956,1.5527783991027178,2.7802742218262595,0.9032047547918409,7.943640633789314
roll_1,validation,GRU,4,42,daylight,469,2.9000741813236437,3.9353098362022267,0.8199366499606089,11.243742389149219
roll_1,validation,GRU,4,42,day_stable,446,2.6234100820383706,3.348895590216203,0.8730730968614124,9.568273114903437
roll_1,validation,GRU,4,42,day_ramp_up,5,10.909571643490601,12.745836462614749,-3.259441268186186,36.416675607470715
roll_1,validation,GRU,4,42,day_ramp_down,18,7.53033534634569,8.972266226800654,-4.17862305109753,25.635046362287582
roll_1,validation,GRU,4,42,day_ramp,23,8.264951932681537,9.91553422898323,-1.505080735019027,28.330097797094943
roll_1,validation,GRU,4,42,night_lowlight,487,0.25527999692281156,0.5097869162186774,-33.18917365984658,1.4565340463390786
roll_1,evaluation,GRU,4,42,all,956,2.0072069380145927,3.24174987294368,0.8844957781848732,9.2621424941248
roll_1,evaluation,GRU,4,42,daylight,477,3.3868190756292997,4.498498539934878,0.7906118233995391,12.852852971242507
roll_1,evaluation,GRU,4,42,day_stable,438,2.935292538536081,3.6544955494882134,0.8676827794854369,10.44141585568061
roll_1,evaluation,GRU,4,42,day_ramp_up,14,10.658486489310809,11.680223424384037,-5.764892886770632,33.372066926811534
roll_1,evaluation,GRU,4,42,day_ramp_down,25,7.2254302538408455,8.702139313922792,-2.956654940530773,24.86325518263655
roll_1,evaluation,GRU,4,42,day_ramp,39,8.457809415291603,9.875075313419302,-1.025577251745971,28.21450089548372
roll_1,evaluation,GRU,4,42,night_lowlight,479,0.6333551851080894,0.9066484576578382,-59.470184261039776,2.590424164736681
roll_1,validation,GRU,4,2026,all,956,1.5890499936472688,2.7759252963204255,0.9035073336358423,7.931215132344073
roll_1,validation,GRU,4,2026,daylight,469,2.7920252126155476,3.8900633726125426,0.8240534252662576,11.114466778892979
roll_1,validation,GRU,4,2026,day_stable,446,2.508045865962473,3.2869263267163644,0.8777270448551027,9.39121807633247
roll_1,validation,GRU,4,2026,day_ramp_up,5,10.878053136486816,12.622942536382073,-3.177699141050951,36.06555010394878
roll_1,validation,GRU,4,2026,day_ramp_down,18,7.5822834897219344,9.073649822110537,-4.2963176729723385,25.924713777458678
roll_1,validation,GRU,4,2026,day_ramp,23,8.298755152062125,9.953486544665333,-1.5242941354697033,28.438532984758094
roll_1,validation,GRU,4,2026,night_lowlight,487,0.430537924456052,0.7439304279847522,-71.80745978480121,2.1255155085278634
roll_1,evaluation,GRU,4,2026,all,956,2.3214915618180196,3.4208045801144733,0.8713838860542282,9.773727371755637
roll_1,evaluation,GRU,4,2026,daylight,477,3.2541003143642246,4.490208545535381,0.7913828483866546,12.829167272958232
roll_1,evaluation,GRU,4,2026,day_stable,438,2.80972261570888,3.617224358203507,0.8703679502576492,10.334926737724306
roll_1,evaluation,GRU,4,2026,day_ramp_up,14,9.641612233432225,10.797764380657345,-4.781310793436221,30.8507553733067
roll_1,evaluation,GRU,4,2026,day_ramp_down,25,7.462590920127791,9.495363747221552,-3.7108505467008523,27.12961070634729
roll_1,evaluation,GRU,4,2026,day_ramp,39,8.244803699262716,9.982461974708992,-1.0698711297194827,28.521319927739974
roll_1,evaluation,GRU,4,2026,night_lowlight,479,1.392776791537143,1.8102925306077438,-240.07987452917052,5.172264373164983
roll_2,validation,persistence,1,0,all,956,2.421611849372385,3.9975952986982857,0.8513114073760277,11.421700853423673
roll_2,validation,persistence,1,0,daylight,514,4.354484968871595,5.4263373812085245,0.6914571085340233,15.50382108916721
roll_2,validation,persistence,1,0,day_stable,478,3.765507407949791,4.353249508965873,0.8073428449591288,12.437855739902494
roll_2,validation,persistence,1,0,day_ramp_up,16,12.099228375000001,12.95426472790201,-15.936418541850056,37.01218493686289
roll_2,validation,persistence,1,0,day_ramp_down,20,12.235253949999999,13.02175019153012,-5.263208053222217,37.20500054722891
roll_2,validation,persistence,1,0,day_ramp,36,12.174798138888889,12.99179993010693,-2.083816967103951,37.11942837173409
roll_2,validation,persistence,1,0,night_lowlight,442,0.17388157013574657,0.5684259484132694,-45.69371086740206,1.624074138323627
roll_2,evaluation,persistence,1,0,all,956,2.41900144456067,4.06324599555048,0.8379101532214782,11.60927427300137
roll_2,evaluation,persistence,1,0,daylight,518,4.313809281853282,5.496106526808813,0.6985385972481384,15.703161505168035
roll_2,evaluation,persistence,1,0,day_stable,471,3.542353127388535,4.166488054295735,0.8332001233564609,11.9042515837021
roll_2,evaluation,persistence,1,0,day_ramp_up,26,12.17389196153846,12.932716215286096,-4.212334421059845,36.95061775796027
roll_2,evaluation,persistence,1,0,day_ramp_down,21,11.884937809523809,12.19349295838737,-15.244920902373654,34.8385513096782
roll_2,evaluation,persistence,1,0,day_ramp,47,12.044784787234041,12.607782590893637,-1.6361841269214024,36.02223597398182
roll_2,evaluation,persistence,1,0,night_lowlight,438,0.1781099840182648,0.5576503734246737,-36.4023100530353,1.5932867812133535
roll_2,validation,HGB,1,42,all,956,1.205438812744665,2.3403058577111344,0.949040490553785,6.686588164888955
roll_2,validation,HGB,1,42,daylight,514,2.1655376126376296,3.1884339046370114,0.8934737111175224,9.109811156105748
roll_2,validation,HGB,1,42,day_stable,478,1.9220413189242513,2.7181040277781277,0.9248913127221665,7.766011507937508
roll_2,validation,HGB,1,42,day_ramp_up,16,5.153940352264264,5.651401625480676,-2.223356838537727,16.146861787087644
roll_2,validation,HGB,1,42,day_ramp_down,20,5.594376840686065,7.6904509091316084,-1.1845486843882478,21.972716883233165
roll_2,validation,HGB,1,42,day_ramp,36,5.3986272902763766,6.859450393101302,0.14033630720327317,19.598429694575145
roll_2,validation,HGB,1,42,night_lowlight,442,0.0889438282537515,0.15530723078055003,-2.4857316655831485,0.4437349450872858
roll_2,evaluation,HGB,1,42,all,956,1.1976689584545162,2.4019609739783974,0.9433576225793581,6.862745639938278
roll_2,evaluation,HGB,1,42,daylight,518,2.1439589614111196,3.260312325685243,0.8939184531430724,9.31517807338641
roll_2,evaluation,HGB,1,42,day_stable,471,1.7446211668847453,2.501620856721842,0.9398690007044375,7.147488162062405
roll_2,evaluation,HGB,1,42,day_ramp_up,26,5.629096353215553,6.76498288373542,-0.4262188776548794,19.32852252495834
roll_2,evaluation,HGB,1,42,day_ramp_down,21,6.785603201173361,8.073158062008684,-6.121119084938956,23.06616589145338
roll_2,evaluation,HGB,1,42,day_ramp,47,6.145833455494571,7.3782073181996735,0.0971823796501472,21.08059233771335
roll_2,evaluation,HGB,1,42,night_lowlight,438,0.07854059879351033,0.1465782226590093,-1.5841239073380073,0.4187949218828837
roll_2,validation,GRU,1,17,all,956,1.1973380776013125,2.303233991858088,0.9506421626931175,6.580668548165966
roll_2,validation,GRU,1,17,daylight,514,2.0925469625250566,3.127133999034411,0.8975304231011271,8.934668568669744
roll_2,validation,GRU,1,17,day_stable,478,1.7226298998744278,2.357510723294474,0.9434977975318386,6.735744923698497
roll_2,validation,GRU,1,17,day_ramp_up,16,7.7833365944587225,8.584507772950069,-6.437497595462501,24.527165065571626
roll_2,validation,GRU,1,17,day_ramp_down,20,6.380933054328155,7.715676016958972,-1.1989030704410983,22.044788619882777
roll_2,validation,GRU,1,17,day_ramp,36,7.004223516608408,8.113318110152383,-0.20267131943319483,23.180908886149666
roll_2,validation,GRU,1,17,night_lowlight,442,0.15630331097053313,0.3193699201496663,-13.740038540170653,0.9124854861419037
roll_2,evaluation,GRU,1,17,all,956,1.3568557021332102,2.6685140657015034,0.9300885077303878,7.624325902004296
roll_2,evaluation,GRU,1,17,daylight,518,2.419909164453429,3.6188114670969997,0.8693066928319814,10.339461334562856
roll_2,evaluation,GRU,1,17,day_stable,471,1.8704407007673562,2.4457224894655902,0.9425262152268375,6.9877785413302576
roll_2,evaluation,GRU,1,17,day_ramp_up,26,8.932550346299447,10.087583130207182,-2.171224804123208,28.821666086306234
roll_2,evaluation,GRU,1,17,day_ramp_down,21,6.680431815317426,7.929948756861874,-5.870717612048662,22.65699644817678
roll_2,evaluation,GRU,1,17,day_ramp,47,7.926284619690457,9.186378099566786,-0.3995452712004013,26.24679457019082
roll_2,evaluation,GRU,1,17,night_lowlight,438,0.09963722386409339,0.23419055096220132,-5.5964939430635985,0.6691158598920037
roll_2,validation,GRU,1,42,all,956,1.2874292678405637,2.3037668211448583,0.950619323204488,6.582190917556739
roll_2,validation,GRU,1,42,daylight,514,2.126802406905382,3.116484032885771,0.8982271884009161,8.904240093959345
roll_2,validation,GRU,1,42,day_stable,478,1.80532367139606,2.478694416709331,0.9375397094084209,7.081984047740946
roll_2,validation,GRU,1,42,day_ramp_up,16,6.590803411197902,7.06041349374173,-4.031023136035977,20.17260998211923
roll_2,validation,GRU,1,42,day_ramp_down,20,6.238943382144165,7.9303951007936195,-1.3229922932888383,22.6582717165532
roll_2,validation,GRU,1,42,day_ramp,36,6.395325617279159,7.556112956363347,-0.043150159605516825,21.588894161038134
roll_2,validation,GRU,1,42,night_lowlight,442,0.311325662683739,0.42968881589024516,-25.682019628652036,1.227682331114986
roll_2,evaluation,GRU,1,42,all,956,1.6630690379994248,2.597342150299476,0.9337679943679955,7.420977572284216
roll_2,evaluation,GRU,1,42,daylight,518,2.275124037924464,3.3730549540745876,0.8864549343311393,9.637299868784536
roll_2,evaluation,GRU,1,42,day_stable,471,1.8335516822941074,2.4941273137892574,0.9402287029764314,7.126078039397878
roll_2,evaluation,GRU,1,42,day_ramp_up,26,5.558162042984596,6.787385665514442,-0.43568059409334436,19.392530472898407
roll_2,evaluation,GRU,1,42,day_ramp_down,21,8.11424743651181,9.169891415744857,-8.187338619830408,26.19968975927102
roll_2,evaluation,GRU,1,42,day_ramp,47,6.700242750730798,7.940749721545778,-0.04573425492230632,22.68785634727365
roll_2,evaluation,GRU,1,42,night_lowlight,438,0.9392231705081692,1.126486024421709,-151.62513022689038,3.21853149834774
roll_2,validation,GRU,1,2026,all,956,1.210811035649958,2.311697694746298,0.9502787453195015,6.604850556417994
roll_2,validation,GRU,1,2026,daylight,514,2.066244288259384,3.129033081212763,0.8974059274854731,8.940094517750751
roll_2,validation,GRU,1,2026,day_stable,478,1.7255578985568574,2.4571388581469473,0.9386213370712453,7.020396737562706
roll_2,validation,GRU,1,2026,day_ramp_up,16,7.102500500497461,7.9479068520794804,-5.375313992023971,22.70830529165566
roll_2,validation,GRU,1,2026,day_ramp_down,20,6.179644032359314,7.536074298705008,-1.097724557206356,21.531640853442877
roll_2,validation,GRU,1,2026,day_ramp,36,6.589802462642935,7.721823133139095,-0.0894057059830422,22.06235180896884
roll_2,validation,GRU,1,2026,night_lowlight,442,0.21603118985528627,0.4155264711158233,-23.952151067594713,1.1872184889023523
roll_2,evaluation,GRU,1,2026,all,956,1.3805380634140727,2.598923385470312,0.933687327093946,7.425495387058035
roll_2,evaluation,GRU,1,2026,daylight,518,2.205583546376001,3.462458129735957,0.880356118813564,9.892737513531305
roll_2,evaluation,GRU,1,2026,day_stable,471,1.7108851367365105,2.348391105131606,0.9470097099578574,6.709688871804588
roll_2,evaluation,GRU,1,2026,day_ramp_up,26,7.557691848012705,9.251677350587022,-1.6674343115687362,26.433363858820062
roll_2,evaluation,GRU,1,2026,day_ramp_down,21,6.674542360549608,8.127361945550172,-6.217063720115236,23.221034130143348
roll_2,evaluation,GRU,1,2026,day_ramp,47,7.163093140848341,8.767160843299086,-0.27472430569643924,25.049030980854532
roll_2,evaluation,GRU,1,2026,night_lowlight,438,0.40479934155498865,0.7511115027945403,-66.85521912373238,2.146032865127258
roll_2,validation,HGB,2,42,all,956,1.2601354771233233,2.4064574342130167,0.9461189106189134,6.8755926691800475
roll_2,validation,HGB,2,42,daylight,514,2.26611316712177,3.2789815310719277,0.8873373658225685,9.368518660205508
roll_2,validation,HGB,2,42,day_stable,478,2.0602429823537176,2.9384178967798635,0.9122221085394484,8.395479705085325
roll_2,validation,HGB,2,42,day_ramp_up,16,4.850355968026503,5.506409548730341,-2.0600819786295865,15.732598710658115
roll_2,validation,HGB,2,42,day_ramp_down,20,5.119016342354428,6.760399422866336,-0.6881181188658281,19.315426922475247
roll_2,validation,HGB,2,42,day_ramp,36,4.999611731542016,6.234288574371508,0.28989307490458527,17.81225306963288
roll_2,validation,HGB,2,42,night_lowlight,442,0.09028811816585418,0.1492645541556705,-2.2197635222190177,0.42647015473048716
roll_2,evaluation,HGB,2,42,all,956,1.2441743331401638,2.386647864871334,0.9440775393976347,6.818993899632383
roll_2,evaluation,HGB,2,42,daylight,518,2.2022474310260125,3.237870220316331,0.8953738349330291,9.251057772332375
roll_2,evaluation,HGB,2,42,day_stable,471,1.8308412597529837,2.517460402621545,0.9391051255283093,7.192744007490128
roll_2,evaluation,HGB,2,42,day_ramp_up,26,5.82276638661046,6.95328152290311,-0.5067194794311718,19.86651863686603
roll_2,evaluation,HGB,2,42,day_ramp_down,21,6.049809994092722,7.5231268312350235,-5.183838013137393,21.494648089242922
roll_2,evaluation,HGB,2,42,day_ramp,47,5.924211402719554,7.21345876558476,0.13705041262447848,20.60988218738503
roll_2,evaluation,HGB,2,42,night_lowlight,438,0.11111071509251629,0.18413013802195868,-3.077783730071368,0.5260861086341677
roll_2,validation,GRU,2,17,all,956,1.2993375953594082,2.375124009061198,0.9475128998806608,6.786068597317708
roll_2,validation,GRU,2,17,daylight,514,2.211153525902615,3.2132534046049375,0.8918088061652604,9.180724013156965
roll_2,validation,GRU,2,17,day_stable,478,1.8915140676484419,2.6185165563271933,0.9302942391788374,7.481475875220552
roll_2,validation,GRU,2,17,day_ramp_up,16,7.4096484932723055,8.121060360795905,-5.656125759407149,23.203029602274015
roll_2,validation,GRU,2,17,day_ramp_down,20,5.691740604281616,6.979806953997138,-0.7994713710795918,19.942305582848967
roll_2,validation,GRU,2,17,day_ramp,36,6.455255221610812,7.508476773399339,-0.03003890626946437,21.45279078114097
roll_2,validation,GRU,2,17,night_lowlight,442,0.23899056300825772,0.44097781763354815,-27.102443757526824,1.2599366218101375
roll_2,evaluation,GRU,2,17,all,956,1.4604210642999071,2.726252517809328,0.9270304380617862,7.789292908026651
roll_2,evaluation,GRU,2,17,daylight,518,2.496667784787416,3.6830891945055084,0.8646226822661948,10.523111984301453
roll_2,evaluation,GRU,2,17,day_stable,471,2.004818474248083,2.6843756839615436,0.9307623952102461,7.669644811318696
roll_2,evaluation,GRU,2,17,day_ramp_up,26,8.632591733529605,9.812802158306667,-2.000812512601918,28.03657759516191
roll_2,evaluation,GRU,2,17,day_ramp_down,21,5.931286956060227,7.33293710953668,-4.875126987695886,20.951248884390516
roll_2,evaluation,GRU,2,17,day_ramp,47,7.425625769128393,8.791654094664175,-0.28185677579084545,25.1190116990405
roll_2,evaluation,GRU,2,17,night_lowlight,438,0.2349055364174193,0.4238312763554057,-20.605306683331058,1.2109465038725877
roll_2,validation,GRU,2,42,all,956,1.4699111912039688,2.3860018783703403,0.9470310258732813,6.817148223915257
roll_2,validation,GRU,2,42,daylight,514,2.1375909642698283,3.1596168554038586,0.8953905775824076,9.027476729725311
roll_2,validation,GRU,2,42,day_stable,478,1.7756727922550202,2.422476484172195,0.9403408360217842,6.9213613833491285
roll_2,validation,GRU,2,42,day_ramp_up,16,7.218033464965464,7.932414505682157,-5.350484231695311,22.664041444806163
roll_2,validation,GRU,2,42,day_ramp_down,20,6.7230812748672495,8.122472260446782,-1.4368825210586667,23.20706360127652
roll_2,validation,GRU,2,42,day_ramp,36,6.943060026022011,8.03855693011614,-0.1806091081483132,22.967305514617543
roll_2,validation,GRU,2,42,night_lowlight,442,0.6934691021635797,0.8390348194571218,-100.73504182754604,2.397242341306062
roll_2,evaluation,GRU,2,42,all,956,1.8867758869182023,2.8089705911152296,0.922535278413556,8.025630260329226
roll_2,evaluation,GRU,2,42,daylight,518,2.2164652017593323,3.4838590659275357,0.8788725461741034,9.953883045507244
roll_2,evaluation,GRU,2,42,day_stable,471,1.673046363885108,2.2916911373858873,0.9495376334926827,6.547688963959677
roll_2,evaluation,GRU,2,42,day_ramp_up,26,7.4796138015716265,9.065885042210954,-1.561375150757522,25.9025286920313
roll_2,evaluation,GRU,2,42,day_ramp_down,21,7.8882942038374395,8.935057574684524,-7.7228026747004925,25.52873592767007
roll_2,evaluation,GRU,2,42,day_ramp,47,7.662215683435073,9.007665048811964,-0.345621059229273,25.73618585374847
roll_2,evaluation,GRU,2,42,night_lowlight,438,1.4968693456220712,1.6934159095351726,-343.9067569716302,4.838331170100493
roll_2,validation,GRU,2,2026,all,956,1.2918053304157053,2.439642131087126,0.9446226398661141,6.9704060888203605
roll_2,validation,GRU,2,2026,daylight,514,2.2067450012149585,3.30141556198789,0.885790468897489,9.43261589139397
roll_2,validation,GRU,2,2026,day_stable,478,1.8994325708610658,2.774450332226749,0.9217450294250029,7.927000949219283
roll_2,validation,GRU,2,2026,day_ramp_up,16,6.761152617973329,7.616754356836867,-4.855121900048336,21.762155305248193
roll_2,validation,GRU,2,2026,day_ramp_down,20,5.907985993266296,7.051891061077178,-0.8368314574677522,20.148260174506223
roll_2,validation,GRU,2,2026,day_ramp,36,6.287171159802756,7.308333336496196,0.024141968684603055,20.88095238998913
roll_2,validation,GRU,2,2026,night_lowlight,442,0.22782571324191356,0.4454622422670025,-27.67691289735239,1.272749263620007
roll_2,evaluation,GRU,2,2026,all,956,1.4719100473857112,2.7296902545353743,0.926846296424708,7.799115012958212
roll_2,evaluation,GRU,2,2026,daylight,518,2.4398610758717574,3.6542242792832167,0.8667363114287245,10.440640797952048
roll_2,evaluation,GRU,2,2026,day_stable,471,1.9974916249493808,2.7046391663925142,0.9297131453798547,7.727540475407183
roll_2,evaluation,GRU,2,2026,day_ramp_up,26,7.651181163086928,9.349370104786832,-1.7240650899081138,26.712486013676664
roll_2,evaluation,GRU,2,2026,day_ramp_down,21,5.90946531953103,7.55601238146705,-5.238018512182217,21.58860680419157
roll_2,evaluation,GRU,2,2026,day_ramp,47,6.872967701072589,8.594454595780556,-0.22499682027457402,24.555584559373017
roll_2,evaluation,GRU,2,2026,night_lowlight,438,0.32716431050038797,0.686327267249668,-55.65482966696962,1.9609350492847657
roll_2,validation,HGB,4,42,all,956,1.3123957294619606,2.491825630765233,0.9422282801373703,7.119501802186379
roll_2,validation,HGB,4,42,daylight,514,2.3439858408736876,3.3940313646706812,0.8792926645979191,9.697232470487661
roll_2,validation,HGB,4,42,day_stable,478,2.1570157769448945,3.0762641940838718,0.9037933074360793,8.789326268811061
roll_2,validation,HGB,4,42,day_ramp_up,16,4.749058271613728,5.786508263154232,-2.3793190550565257,16.532880751869236
roll_2,validation,HGB,4,42,day_ramp_down,20,4.888512424179792,6.564114660374591,-0.5915139015457553,18.75461331535597
roll_2,validation,HGB,4,42,day_ramp,36,4.8265328008170965,6.230504865319521,0.290754768302835,17.80144247234149
roll_2,validation,HGB,4,42,night_lowlight,442,0.11276378994696544,0.1841800861733894,-3.9022555096263485,0.5262288176382555
roll_2,evaluation,HGB,4,42,all,956,1.2645377653647545,2.386394679701599,0.9440894037257412,6.81827051343314
roll_2,evaluation,HGB,4,42,daylight,518,2.2238932555068742,3.2357377122860527,0.8955116061519186,9.244964892245864
roll_2,evaluation,HGB,4,42,day_stable,471,1.891096820412953,2.597296285358801,0.9351815812906118,7.420846529596575
roll_2,evaluation,HGB,4,42,day_ramp_up,26,5.323251798218984,6.330225753150416,-0.24879506311337796,18.086359294715475
roll_2,evaluation,HGB,4,42,day_ramp_down,21,5.8507408183031595,7.572670252285081,-5.265553313030925,21.636200720814518
roll_2,evaluation,HGB,4,42,day_ramp,47,5.55893838166085,6.9130123064033855,0.20743848839732437,19.7514637325811
roll_2,evaluation,HGB,4,42,night_lowlight,438,0.12995752816471404,0.21815760935046571,-4.724204792687797,0.6233074552870449
roll_2,validation,GRU,4,17,all,956,1.5089030617820443,2.562135575334841,0.9389220836593333,7.320387358099546
roll_2,validation,GRU,4,17,daylight,514,2.4314184861624684,3.443733384970976,0.8757315154947484,9.839238242774218
roll_2,validation,GRU,4,17,day_stable,478,2.174843201378077,3.027133363141932,0.9068417905396986,8.648952466119805
roll_2,validation,GRU,4,17,day_ramp_up,16,6.938067701053859,7.617566857853087,-4.856371131941083,21.764476736723108
roll_2,validation,GRU,4,17,day_ramp_down,20,4.9582484205963135,6.273246418134197,-0.4535929697734358,17.923561194669134
roll_2,validation,GRU,4,17,day_ramp,36,5.838168100799667,6.903118477652891,0.12935602268662116,19.72319565043683
roll_2,validation,GRU,4,17,night_lowlight,442,0.4361136316201944,0.6381871155672975,-57.858157594171104,1.823391758763707
roll_2,evaluation,GRU,4,17,all,956,1.7074419711022992,2.9712048073186796,0.9133288103315755,8.489156592339086
roll_2,evaluation,GRU,4,17,daylight,518,2.7995472029351345,3.99456664619865,0.8407568444150749,11.413047560567572
roll_2,evaluation,GRU,4,17,day_stable,471,2.3843402412148578,3.204978959640052,0.901302578067026,9.15708274182872
roll_2,evaluation,GRU,4,17,day_ramp_up,26,8.436973679488109,9.731139008780033,-1.9510741998992946,27.803254310800092
roll_2,evaluation,GRU,4,17,day_ramp_down,21,5.132375325786227,6.780109197172955,-4.022670802015661,19.3717405633513
roll_2,evaluation,GRU,4,17,day_ramp,47,6.9604510108127995,8.539569003338427,-0.20940071940390093,24.398768580966934
roll_2,evaluation,GRU,4,17,night_lowlight,438,0.41586546404885555,0.6305103767739152,-46.814421787687216,1.8014582193540434
roll_2,validation,GRU,4,42,all,956,1.5717267350050668,2.544744272873565,0.9397484407305098,7.2706979224959
roll_2,validation,GRU,4,42,daylight,514,2.3332185686000337,3.3737792712245422,0.8807288816590773,9.639369346355835
roll_2,validation,GRU,4,42,day_stable,478,2.0291245838019707,2.8261515988334662,0.9188013269567864,8.074718853809904
roll_2,validation,GRU,4,42,day_ramp_up,16,6.885196630251647,7.630010333465439,-4.87551980056505,21.800029524186968
roll_2,validation,GRU,4,42,day_ramp_down,20,5.959482355952454,7.4203243445326255,-1.0337796473932714,21.200926698664645
roll_2,validation,GRU,4,42,day_ramp,36,6.370910922307651,7.514240537106678,-0.03162089945622504,21.46925867744765
roll_2,validation,GRU,4,42,night_lowlight,442,0.6861909828154443,0.8773738150718429,-110.24485580029005,2.5067823287766937
roll_2,evaluation,GRU,4,42,all,956,1.8708147400940556,2.8332554518975437,0.9211900510927168,8.095015576850125
roll_2,evaluation,GRU,4,42,daylight,518,2.304876112322171,3.546072597124044,0.8745078161319872,10.131635991782984
roll_2,evaluation,GRU,4,42,day_stable,471,1.802994652291588,2.4541167132511115,0.9421310144275299,7.0117620378603185
roll_2,evaluation,GRU,4,42,day_ramp_up,26,7.4217198456348275,9.217568906736803,-1.6478023428204942,26.335911162105152
roll_2,evaluation,GRU,4,42,day_ramp_down,21,7.2262204270019526,8.360677098847837,-6.637377173218504,23.887648853850965
roll_2,evaluation,GRU,4,42,day_ramp,47,7.334369041564818,8.844967727695286,-0.29745057720215584,25.271336364843673
roll_2,evaluation,GRU,4,42,night_lowlight,438,1.3574727519338643,1.627724175349595,-317.66624207171265,4.650640500998843
roll_2,validation,GRU,4,2026,all,956,1.4484454968225946,2.6725470125993525,0.9335445341752684,7.635848607426722
roll_2,validation,GRU,4,2026,daylight,514,2.363620743006578,3.5889314764030407,0.8650315398321919,10.254089932580115
roll_2,validation,GRU,4,2026,day_stable,478,2.163772685938865,3.329066891569881,0.8873313562325769,9.51161969019966
roll_2,validation,GRU,4,2026,day_ramp_up,16,4.768665859426974,5.417459817626876,-1.962016268077929,15.478456621791072
roll_2,validation,GRU,4,2026,day_ramp_down,20,5.215953213788604,6.5323600672946265,-0.576152916007036,18.66388590655608
roll_2,validation,GRU,4,2026,day_ramp,36,5.017158834072324,6.062215617580521,0.3285515064044142,17.320616050230058
roll_2,validation,GRU,4,2026,night_lowlight,442,0.3841919299932563,0.6854938832607839,-66.90750392481895,1.9585539521736681
roll_2,evaluation,GRU,4,2026,all,956,1.7182648573793258,2.768336860474488,0.9247602315237577,7.909533887069966
roll_2,evaluation,GRU,4,2026,daylight,518,2.620719088639805,3.609064153611919,0.8700097927323747,10.311611867462625
roll_2,evaluation,GRU,4,2026,day_stable,471,2.332524905143893,3.0887938525901477,0.9083287207931606,8.825125293114708
roll_2,evaluation,GRU,4,2026,day_ramp_up,26,5.635823377232258,6.951328508098366,-0.5058731934926677,19.86093859456676
roll_2,evaluation,GRU,4,2026,day_ramp_down,21,5.351516656409854,6.8907740302212614,-4.187968781239851,19.687925800632176
roll_2,evaluation,GRU,4,2026,day_ramp,47,5.50879271473714,6.924337698050192,0.20483949920281685,19.783821994429122
roll_2,evaluation,GRU,4,2026,night_lowlight,438,0.6509788030575714,1.150102668273727,-158.09174791929274,3.28600762363922
roll_3,validation,persistence,1,0,all,1436,2.436679802924791,3.939032956703833,0.8578038705087775,11.254379876296667
roll_3,validation,persistence,1,0,daylight,789,4.281890685678073,5.288225918798928,0.7170880770367747,15.10921691085408
roll_3,validation,persistence,1,0,day_stable,727,3.7049399628610735,4.36018666666857,0.8143345832980264,12.457676190481628
roll_3,validation,persistence,1,0,day_ramp_up,34,11.353305911764707,11.97919576456601,-2.7117851531611272,34.22627361304574
roll_3,validation,persistence,1,0,day_ramp_down,28,10.675285607142857,10.9616978944873,-5.679827224922592,31.319136841392282
roll_3,validation,persistence,1,0,day_ramp,62,11.047103193548386,11.5308040735194,-1.3638896815290096,32.945154495769714
roll_3,validation,persistence,1,0,night_lowlight,647,0.18649218856259658,0.5781975976504335,-33.12999173264651,1.651993136144096
roll_3,evaluation,persistence,1,0,all,1289,2.4959304460822347,4.470432265137413,0.7482446644210784,12.772663614678324
roll_3,evaluation,persistence,1,0,daylight,701,4.446532360912982,6.032710768519163,0.5739743836947958,17.23631648148332
roll_3,evaluation,persistence,1,0,day_stable,618,3.2665982119741104,3.9467446280906557,0.8175748940271989,11.27641322311616
roll_3,evaluation,persistence,1,0,day_ramp_up,36,12.641787694444446,13.129451554231165,-8.110265258862812,37.51271872637476
roll_3,evaluation,persistence,1,0,day_ramp_down,47,13.684194319148935,14.350984061609699,-8.58024070547317,41.00281160459914
roll_3,evaluation,persistence,1,0,day_ramp,83,13.232066144578312,13.834414430354109,-1.426775360449816,39.526898372440314
roll_3,evaluation,persistence,1,0,night_lowlight,588,0.17046795918367347,0.650024288512122,-38.154125230916996,1.8572122528917772
roll_3,validation,HGB,1,42,all,1436,1.1279688043285094,2.329492372367688,0.9502685488639976,6.655692492479108
roll_3,validation,HGB,1,42,daylight,789,1.9906297171448695,3.140727882685464,0.90020888618045,8.973508236244182
roll_3,validation,HGB,1,42,day_stable,727,1.7490317147017267,2.621112571059593,0.9329046846704999,7.488893060170265
roll_3,validation,HGB,1,42,day_ramp_up,34,5.961880845871658,7.797170270404995,-0.5725394244160031,22.277629344014272
roll_3,validation,HGB,1,42,day_ramp_down,28,3.441315767125357,5.074846998868753,-0.4317113855372394,14.499562853910723
roll_3,validation,HGB,1,42,day_ramp,62,4.823561132889458,6.706007659731414,0.20046752289300374,19.160021884946897
roll_3,validation,HGB,1,42,night_lowlight,647,0.07597582100222203,0.12226879739074363,-0.5262121215317743,0.34933942111641036
roll_3,evaluation,HGB,1,42,all,1289,1.56338255296605,3.119887556447806,0.877381067890354,8.913964446993731
roll_3,evaluation,HGB,1,42,daylight,701,2.7964267856511267,4.225914687895353,0.7909490449619893,12.074041965415294
roll_3,evaluation,HGB,1,42,day_stable,618,2.0379565150627794,2.752472451067378,0.9112736704364739,7.864207003049652
roll_3,evaluation,HGB,1,42,day_ramp_up,36,9.950411722789669,10.600100681266726,-4.938241185230048,30.28600194647636
roll_3,evaluation,HGB,1,42,day_ramp_down,47,7.289855923664134,8.981822470826202,-2.752683954963783,25.662349916646292
roll_3,evaluation,HGB,1,42,day_ramp,83,8.4438319329234,9.71688022004441,-0.19718622820126086,27.762514914412602
roll_3,evaluation,HGB,1,42,night_lowlight,588,0.09337573814931747,0.21833621338166975,-3.417432320764747,0.6238177525190564
roll_3,validation,GRU,1,17,all,1436,1.0883770789351657,2.177661466882548,0.9565400442954333,6.221889905378708
roll_3,validation,GRU,1,17,daylight,789,1.8738049221325457,2.927026475218502,0.9133268558720122,8.362932786338577
roll_3,validation,GRU,1,17,day_stable,727,1.5547203141881172,2.2179468468586583,0.9519577742404348,6.336990991024738
roll_3,validation,GRU,1,17,day_ramp_up,34,6.474458958968275,8.102363786320256,-0.6980519895819617,23.149610818057873
roll_3,validation,GRU,1,17,day_ramp_down,28,4.572100376532,5.8290533699428275,-0.8888855116916468,16.654438199836648
roll_3,validation,GRU,1,17,day_ramp,62,5.6153292765777,7.165578936597364,0.08712652443770197,20.47308267599247
roll_3,validation,GRU,1,17,night_lowlight,647,0.1305678543868924,0.27818112406721934,-6.900215402310225,0.7948032116206267
roll_3,evaluation,GRU,1,17,all,1289,1.7026511819984351,3.247850576273136,0.8671162955589165,9.279573075066104
roll_3,evaluation,GRU,1,17,daylight,701,3.0457794545141113,4.396548017184704,0.7737261602536076,12.561565763384868
roll_3,evaluation,GRU,1,17,day_stable,618,2.2186452000664563,2.822885732082385,0.906676041589938,8.06538780594967
roll_3,evaluation,GRU,1,17,day_ramp_up,36,11.239996827195275,11.633975364273027,-6.153097287727351,33.239929612208655
roll_3,evaluation,GRU,1,17,day_ramp_down,47,7.645293153070045,8.935762904777679,-2.714294461553108,25.530751156507655
roll_3,evaluation,GRU,1,17,day_ramp,83,9.204441734618337,10.194155624495087,-0.3176817543545867,29.12615892712882
roll_3,evaluation,GRU,1,17,night_lowlight,588,0.10140472105712747,0.28267955842667103,-6.4046948331540055,0.8076558812190601
roll_3,validation,GRU,1,42,all,1436,1.3062284366286794,2.1941424768957654,0.9558797264307052,6.268978505416473
roll_3,validation,GRU,1,42,daylight,789,1.8627259366705347,2.8636954374658985,0.9170369127152891,8.181986964188281
roll_3,validation,GRU,1,42,day_stable,727,1.543345841897468,2.122266431991749,0.9560133729171951,6.063618377119282
roll_3,validation,GRU,1,42,day_ramp_up,34,5.931087111115399,7.796984286285709,-0.5724644064641895,22.277097960816313
roll_3,validation,GRU,1,42,day_ramp_down,28,5.21504911413104,6.349953428876728,-1.2415614671436281,18.142724082504937
roll_3,validation,GRU,1,42,day_ramp,62,5.607715112477303,7.179691580703155,0.08352716555466488,20.51340451629473
roll_3,validation,GRU,1,42,night_lowlight,647,0.6275939273040677,0.8273588041966315,-68.88297783700892,2.3638822977046616
roll_3,evaluation,GRU,1,42,all,1289,2.083564835203574,3.4226266859466516,0.8524297849962931,9.778933388419006
roll_3,evaluation,GRU,1,42,daylight,701,2.9125435773675443,4.468908469716381,0.7662166246264257,12.768309913475374
roll_3,evaluation,GRU,1,42,day_stable,618,1.9563248448127555,2.5921068485182146,0.9213113031367106,7.406019567194899
roll_3,evaluation,GRU,1,42,day_ramp_up,36,9.723318210790742,10.270154869304578,-4.574319244954052,29.34329962658451
roll_3,evaluation,GRU,1,42,day_ramp_down,47,10.269039107487213,11.345895491833161,-4.988121650359036,32.416844262380465
roll_3,evaluation,GRU,1,42,day_ramp,83,10.032340887233321,10.89236391608029,-0.5043618086544954,31.121039760229397
roll_3,evaluation,GRU,1,42,night_lowlight,588,1.0952755524536697,1.3677879334802674,-172.36279195650837,3.9079655242293354
roll_3,validation,GRU,1,2026,all,1436,1.1674599903122924,2.183963755144176,0.9562881286413121,6.239896443269075
roll_3,validation,GRU,1,2026,daylight,789,1.868871105279565,2.90455390418163,0.9146526322534055,8.298725440518943
roll_3,validation,GRU,1,2026,day_stable,727,1.6074761440590244,2.3376352295259446,0.9466328096320641,6.6789577986455555
roll_3,validation,GRU,1,2026,day_ramp_up,34,5.941106895109065,7.558443243403468,-0.4777202284791302,21.59555212400991
roll_3,validation,GRU,1,2026,day_ramp_down,28,3.7109468178913496,5.145054104426581,-0.4715989329995358,14.700154584075946
roll_3,validation,GRU,1,2026,day_ramp,62,4.933937827978485,6.579080327945765,0.23044724513984083,18.797372365559326
roll_3,validation,GRU,1,2026,night_lowlight,647,0.3121070232192815,0.5460833358634255,-29.4439826060436,1.56023810246693
roll_3,evaluation,GRU,1,2026,all,1289,1.7494329830128208,3.150362149492018,0.8749739220859833,9.001034712834338
roll_3,evaluation,GRU,1,2026,daylight,701,2.864885748158532,4.213649084808958,0.7921608133296328,12.038997385168452
roll_3,evaluation,GRU,1,2026,day_stable,618,2.108091077429104,2.816452762819807,0.9071009019314547,8.047007893770877
roll_3,evaluation,GRU,1,2026,day_ramp_up,36,9.300116295500121,9.784315236057623,-4.059396609138598,27.955186388736067
roll_3,evaluation,GRU,1,2026,day_ramp_down,47,7.886817807871079,9.337106445572118,-3.055437162542181,26.677446987348908
roll_3,evaluation,GRU,1,2026,day_ramp,83,8.499814742264396,9.533653047347315,-0.1524622261525017,27.239008706706613
roll_3,evaluation,GRU,1,2026,night_lowlight,588,0.41961599599386906,0.7680943275839847,-53.669798353163806,2.194555221668528
roll_3,validation,HGB,2,42,all,1436,1.227301570817056,2.450509533963655,0.9449672342507769,7.001455811324728
roll_3,validation,HGB,2,42,daylight,789,2.1818098723531207,3.304479461785941,0.8895317780784193,9.441369890816976
roll_3,validation,HGB,2,42,day_stable,727,1.9805802957498628,2.92422451798736,0.9164892700426479,8.3549271942496
roll_3,validation,HGB,2,42,day_ramp_up,34,5.438903830931809,7.076331483787654,-0.2952208993023331,20.218089953679012
roll_3,validation,HGB,2,42,day_ramp_down,28,3.451549429456444,4.987049542658025,-0.38260122512292294,14.248712979022928
roll_3,validation,HGB,2,42,day_ramp,62,4.5413889399429355,6.220297751239973,0.3120919891373002,17.772279289257067
roll_3,validation,HGB,2,42,night_lowlight,647,0.06330303926843951,0.10854864192242879,-0.20290797959614504,0.3101389769212251
roll_3,evaluation,HGB,2,42,all,1289,1.586517898301602,3.0993949701005215,0.8789865915339092,8.855414200287205
roll_3,evaluation,HGB,2,42,daylight,701,2.87040455331711,4.1985803934812305,0.7936446884504488,11.995943981374944
roll_3,evaluation,HGB,2,42,day_stable,618,2.2111629043531233,2.9698382681255806,0.8967067000185842,8.485252194644517
roll_3,evaluation,HGB,2,42,day_ramp_up,36,8.840579250104438,9.606487665045625,-3.8771612107370803,27.447107614416073
roll_3,evaluation,HGB,2,42,day_ramp_down,47,6.965831148538388,8.732811568633362,-2.547490453065226,24.950890196095322
roll_3,evaluation,HGB,2,42,day_ramp,83,7.778974903434509,9.122037192079329,-0.05509530638128135,26.062963405940938
roll_3,evaluation,HGB,2,42,night_lowlight,588,0.05589792352971212,0.20690870268939807,-2.9671248803455725,0.5911677219697088
roll_3,validation,GRU,2,17,all,1436,1.2133675620255573,2.3544550347895217,0.9491970012832969,6.727014385112919
roll_3,validation,GRU,2,17,daylight,789,2.0811314317314666,3.164183410320699,0.8987128040441258,9.040524029487711
roll_3,validation,GRU,2,17,day_stable,727,1.7529037540830537,2.4427332873043253,0.9417262518304577,6.979237963726644
roll_3,validation,GRU,2,17,day_ramp_up,34,7.105922762533525,8.749920783116268,-0.9803217080772386,24.999773666046483
roll_3,validation,GRU,2,17,day_ramp_down,28,4.501796303271702,5.850717768158776,-0.9029521569403214,16.716336480453645
roll_3,validation,GRU,2,17,day_ramp,62,5.929865651899153,7.57919799723677,-0.021302804488095406,21.654851420676486
roll_3,validation,GRU,2,17,night_lowlight,647,0.15515165290969565,0.30678499751509963,-8.608417220500039,0.8765285643288561
roll_3,evaluation,GRU,2,17,all,1289,1.8432963438825487,3.4503683906068,0.8500278634258306,9.858195401733715
roll_3,evaluation,GRU,2,17,daylight,701,3.288786074953208,4.6703353864083335,0.7446670612281854,13.343815389738095
roll_3,evaluation,GRU,2,17,day_stable,618,2.4543938153088045,3.095085123943911,0.8878106194829327,8.843100354125461
roll_3,evaluation,GRU,2,17,day_ramp_up,36,12.253748083578403,12.72211249466282,-7.55374531567052,36.34889284189377
roll_3,evaluation,GRU,2,17,day_ramp_down,47,7.393377227075212,8.682820542098652,-2.5069914480439697,24.808058691710432
roll_3,evaluation,GRU,2,17,day_ramp,83,9.501489887727198,10.625084990947078,-0.4314389793399882,30.357385688420223
roll_3,evaluation,GRU,2,17,night_lowlight,588,0.12001691959592962,0.30685011001679424,-7.7251102424317715,0.8767146000479835
roll_3,validation,GRU,2,42,all,1436,1.416901282480662,2.295928372951909,0.9516913149193825,6.559795351291168
roll_3,validation,GRU,2,42,daylight,789,1.9867617938877582,2.9820652702222135,0.9100366664646511,8.52018648634918
roll_3,validation,GRU,2,42,day_stable,727,1.708131021598056,2.387567306032116,0.9443286057328559,6.821620874377474
roll_3,validation,GRU,2,42,day_ramp_up,34,6.062062250123389,7.67661468231316,-0.5242878588790842,21.933184806609027
roll_3,validation,GRU,2,42,day_ramp_down,28,4.272631648980685,5.569269920182989,-0.7242733104554742,15.912199771951396
roll_3,validation,GRU,2,42,day_ramp,62,5.253932301220233,6.806192069005446,0.17639984352937754,19.446263054301273
roll_3,validation,GRU,2,42,night_lowlight,647,0.7219709215839091,0.9246892555715895,-86.29216000419716,2.641969301633113
roll_3,evaluation,GRU,2,42,all,1289,2.1545139260449235,3.3754348958559364,0.8564711789882854,9.644099702445533
roll_3,evaluation,GRU,2,42,daylight,701,3.00793729479374,4.384516111508064,0.7749629397384693,12.52718889002304
roll_3,evaluation,GRU,2,42,day_stable,618,2.184880620643911,2.8202524311009727,0.9068500730398967,8.057864088859922
roll_3,evaluation,GRU,2,42,day_ramp_up,36,10.071815961649207,10.691631065850412,-5.041235706960604,30.54751733100118
roll_3,evaluation,GRU,2,42,day_ramp_down,47,8.419626499427732,9.725326517972622,-3.39968353491307,27.786647194207493
roll_3,evaluation,GRU,2,42,day_ramp,83,9.136238796294878,10.15574379647657,-0.30777034857812713,29.01641084707591
roll_3,evaluation,GRU,2,42,night_lowlight,588,1.137082324866487,1.4346826042889835,-189.7348364424448,4.099093155111381
roll_3,validation,GRU,2,2026,all,1436,1.2501226883558976,2.4585763190694716,0.9446043152875517,7.024503768769918
roll_3,validation,GRU,2,2026,daylight,789,2.029106450227944,3.272610310382685,0.8916522646128363,9.350315172521958
roll_3,validation,GRU,2,2026,day_stable,727,1.640489204333761,2.355563313874279,0.9458110899950715,6.730180896783655
roll_3,validation,GRU,2,2026,day_ramp_up,34,7.9295275995934995,9.786786689307945,-1.4774662739378366,27.962247683736987
roll_3,validation,GRU,2,2026,day_ramp_down,28,4.9544785461794305,6.435734390849355,-1.302532644403898,18.387812545283868
roll_3,validation,GRU,2,2026,day_ramp,62,6.585957059341985,8.439809226226647,-0.2664069320089433,24.113740646361848
roll_3,validation,GRU,2,2026,night_lowlight,647,0.30017185664485535,0.5960576299470294,-35.27104937387429,1.7030217998486552
roll_3,evaluation,GRU,2,2026,all,1289,1.9194454462319417,3.6727179911131245,0.8300759656868397,10.493479974608928
roll_3,evaluation,GRU,2,2026,daylight,701,3.347746161363403,4.9568853301789115,0.7123737958488908,14.162529514796889
roll_3,evaluation,GRU,2,2026,day_stable,618,2.3937544198947416,3.0634807294429933,0.890090088103747,8.75280208412284
roll_3,evaluation,GRU,2,2026,day_ramp_up,36,12.916103006328333,13.718685149211677,-8.94632921866852,39.19624328346193
roll_3,evaluation,GRU,2,2026,day_ramp_down,47,8.56276849772287,9.945499006218045,-3.601148110661579,28.41571144633727
roll_3,evaluation,GRU,2,2026,day_ramp,83,10.450961778563794,11.732044611050513,-0.7452410732195147,33.52012746014433
roll_3,evaluation,GRU,2,2026,night_lowlight,588,0.2166583691789589,0.5266180238320344,-24.69861951405239,1.504622925234384
roll_3,validation,HGB,4,42,all,1436,1.1996817575937124,2.4221464758066027,0.9462337988780819,6.920418502304579
roll_3,validation,HGB,4,42,daylight,789,2.1176093100471256,3.2656192329131497,0.8921146834615836,9.330340665466142
roll_3,validation,HGB,4,42,day_stable,727,1.9377154542457689,2.9227098490012144,0.9165757602231496,8.350599568574898
roll_3,validation,HGB,4,42,day_ramp_up,34,4.778193134253576,6.419902413664991,-0.06606665383596821,18.342578324757117
roll_3,validation,HGB,4,42,day_ramp_down,28,3.5577158509245206,5.353870203857667,-0.5934749789641209,15.296772011021906
roll_3,validation,HGB,4,42,day_ramp,62,4.227009845008195,5.962118224074977,0.3680114846850009,17.034623497357074
roll_3,validation,HGB,4,42,night_lowlight,647,0.08029251665747908,0.12804146713485656,-0.6737280742904355,0.3658327632424473
roll_3,evaluation,HGB,4,42,all,1289,1.5475872875813859,3.017373616656258,0.8853067596018211,8.621067476160738
roll_3,evaluation,HGB,4,42,daylight,701,2.79176761017205,4.082320262025128,0.8049145632008593,11.66377217721465
roll_3,evaluation,HGB,4,42,day_stable,618,2.194044128304939,2.963304824005925,0.8971606767123501,8.466585211445501
roll_3,evaluation,HGB,4,42,day_ramp_up,36,7.373571182222482,8.310340718889433,-2.6498541662659414,23.74383062539838
roll_3,evaluation,HGB,4,42,day_ramp_down,47,7.141728954854152,8.955460160444591,-2.730687475532036,25.58702902984169
roll_3,evaluation,HGB,4,42,day_ramp,83,7.242287029375356,8.681538366060606,0.044344438451623724,24.80439533160173
roll_3,evaluation,HGB,4,42,night_lowlight,588,0.06430428394863934,0.30122816158019394,-7.408325176624883,0.8606518902291255
roll_3,validation,GRU,4,17,all,1436,1.3523155854378421,2.4168414516142365,0.9464690601570909,6.90526129032639
roll_3,validation,GRU,4,17,daylight,789,2.35505845385026,3.2511172281061684,0.8930707529375994,9.288906366017624
roll_3,validation,GRU,4,17,day_stable,727,2.1355760453634023,2.81704218972964,0.9224989557583865,8.048691970656114
roll_3,validation,GRU,4,17,day_ramp_up,34,6.289894259372263,7.675433843566613,-0.523818954341517,21.929810981618893
roll_3,validation,GRU,4,17,day_ramp_down,28,3.2757475103573106,4.501000681781856,-0.12623165410706605,12.86000194794816
roll_3,validation,GRU,4,17,day_ramp,62,4.928666695300994,6.438630739032555,0.2629532143458865,18.396087825807303
roll_3,validation,GRU,4,17,night_lowlight,647,0.12949622967679408,0.27325070339075125,-6.622653776727295,0.7807162954021465
roll_3,evaluation,GRU,4,17,all,1289,2.1738159672909787,3.7732990452319055,0.8206414447185603,10.780854414948303
roll_3,evaluation,GRU,4,17,daylight,701,3.925768357723753,5.113439139739441,0.6939186360780694,14.60982611354126
roll_3,evaluation,GRU,4,17,day_stable,618,3.375844775136,4.191802733456639,0.7942176003735935,11.976579238447538
roll_3,evaluation,GRU,4,17,day_ramp_up,36,11.86935548721107,12.228628794890346,-6.903025372125812,34.93893941397242
roll_3,evaluation,GRU,4,17,day_ramp_down,47,5.072228727461795,6.663339251444822,-1.0653654463551026,19.038112146985206
roll_3,evaluation,GRU,4,17,day_ramp,83,8.020380093136177,9.486973483886215,-0.1412042683074839,27.105638525389185
roll_3,evaluation,GRU,4,17,night_lowlight,588,0.08517884876483157,0.19896245642372803,-2.668264346090139,0.5684641612106516
roll_3,validation,GRU,4,42,all,1436,1.422623818798707,2.3456732687012143,0.9495752697376205,6.701923624860612
roll_3,validation,GRU,4,42,daylight,789,2.0601017904102763,3.0560452361902546,0.9055176238786172,8.731557817686442
roll_3,validation,GRU,4,42,day_stable,727,1.7766260550178243,2.4469101200294983,0.9415267967410588,6.991171771512852
roll_3,validation,GRU,4,42,day_ramp_up,34,6.172508699711716,7.866483341734507,-0.6006219213173747,22.47566669067002
roll_3,validation,GRU,4,42,day_ramp_down,28,4.426709815912552,5.707157298464328,-0.8107114891630067,16.306163709898083
roll_3,validation,GRU,4,42,day_ramp,62,5.384083397350803,6.974584147229129,0.13514230096237934,19.92738327779751
roll_3,validation,GRU,4,42,night_lowlight,647,0.6452356895845988,0.9070720400462051,-82.99765809889556,2.5916344001320146
roll_3,evaluation,GRU,4,42,all,1289,2.1801955442937873,3.4265123423378365,0.852094526323957,9.790035263822391
roll_3,evaluation,GRU,4,42,daylight,701,3.0996114238817416,4.464998575350432,0.7666255246719283,12.75713878671552
roll_3,evaluation,GRU,4,42,day_stable,618,2.2718326407762373,2.886915247723522,0.9023944253252567,8.248329279210063
roll_3,evaluation,GRU,4,42,day_ramp_up,36,10.291838067157588,10.974880089243237,-5.365571783004838,31.35680025498068
roll_3,evaluation,GRU,4,42,day_ramp_down,47,8.475082249440701,9.772488780743258,-3.4424588918776644,27.921396516409306
roll_3,evaluation,GRU,4,42,day_ramp,83,9.263072724595014,10.311240786716153,-0.34812409528211874,29.46068796204615
roll_3,evaluation,GRU,4,42,night_lowlight,588,1.084089198050325,1.4038620321372532,-181.627937095408,4.01103437753501
roll_3,validation,GRU,4,2026,all,1436,1.351211491692915,2.54228928790551,0.940767715714571,7.263683679730028
roll_3,validation,GRU,4,2026,daylight,789,2.1655092901962427,3.368584915897605,0.8852041339011338,9.624528331136014
roll_3,validation,GRU,4,2026,day_stable,727,1.8423742342851415,2.6147366179362757,0.9332307113162509,7.470676051246502
roll_3,validation,GRU,4,2026,day_ramp_up,34,7.205282278368782,9.37657485395813,-1.2741335000156027,26.7902138684518
roll_3,validation,GRU,4,2026,day_ramp_down,28,4.4357558633928225,5.956380029487836,-0.9723063357142969,17.018228655679533
roll_3,validation,GRU,4,2026,day_ramp,62,5.95452841354093,8.014787008703793,-0.14206807176435876,22.89939145343941
roll_3,validation,GRU,4,2026,night_lowlight,647,0.35819609289983056,0.7121540843667906,-50.77636487240859,2.034725955333687
roll_3,evaluation,GRU,4,2026,all,1289,1.9586764947009703,3.662333956714427,0.8310354744769926,10.463811304898364
roll_3,evaluation,GRU,4,2026,daylight,701,3.4179311117803644,4.9408982643512855,0.7142261218485194,14.116852183860816
roll_3,evaluation,GRU,4,2026,day_stable,618,2.547486267123855,3.2788220037393456,0.8740952149256869,9.368062867826701
roll_3,evaluation,GRU,4,2026,day_ramp_up,36,12.183794940085233,13.079070630007234,-8.04048276025491,37.3687732285921
roll_3,evaluation,GRU,4,2026,day_ramp_down,47,8.149076136860097,9.577226848006886,-3.2667048880968803,27.363505280019673
roll_3,evaluation,GRU,4,2026,day_ramp,83,9.899074653921602,11.230996839226009,-0.5993540849209686,32.0885623977886
roll_3,evaluation,GRU,4,2026,night_lowlight,588,0.21898689168624974,0.5468089040706535,-26.707000471354363,1.5623111544875816
