run,epoch,train_batch_loss_mean,validation_RMSE_MW
roll_1_GRU_a1_seed17,1,0.9347238540951286,3.287227848343577
roll_1_GRU_a1_seed17,2,0.7911296518702059,3.1326328326799953
roll_1_GRU_a1_seed17,3,0.6882897531285893,2.9664019879083665
roll_1_GRU_a1_seed17,4,0.6046188764026963,2.798804204279837
roll_1_GRU_a1_seed17,5,0.5420726023993634,2.7039949187858054
roll_1_GRU_a1_seed17,6,0.4991231857145488,2.6476315035817954
roll_1_GRU_a1_seed17,7,0.46917744214458085,2.6178457260052364
roll_1_GRU_a1_seed17,8,0.4465932072408895,2.5938070809126397
roll_1_GRU_a1_seed17,9,0.4281809689327565,2.575080004719309
roll_1_GRU_a1_seed17,10,0.41258496174361925,2.562800412425607
roll_1_GRU_a1_seed17,11,0.39891577549382506,2.5595105969759295
roll_1_GRU_a1_seed17,12,0.3864040233781592,2.5575125356336548
roll_1_GRU_a1_seed17,13,0.37431406115966376,2.555517510791982
roll_1_GRU_a1_seed17,14,0.36244966780635246,2.5573241777709237
roll_1_GRU_a1_seed17,15,0.35051526096983177,2.56163403027732
roll_1_GRU_a1_seed17,16,0.3388825978024394,2.5724721614423403
roll_1_GRU_a1_seed17,17,0.32784177691016086,2.588037423455641
roll_1_GRU_a1_seed17,18,0.3178500405100742,2.6108866172165515
roll_1_GRU_a1_seed17,19,0.3086151571057135,2.6385565628372007
roll_1_GRU_a1_seed17,20,0.30035684791587675,2.6701106211765073
roll_1_GRU_a1_seed42,1,0.9545387152509769,3.2208185884372402
roll_1_GRU_a1_seed42,2,0.7778311053479161,3.015225841440904
roll_1_GRU_a1_seed42,3,0.6797877788226735,2.8516134275841245
roll_1_GRU_a1_seed42,4,0.5980135465942175,2.732005132121828
roll_1_GRU_a1_seed42,5,0.5372739358849693,2.676692388782329
roll_1_GRU_a1_seed42,6,0.4937866726467114,2.6488878674221463
roll_1_GRU_a1_seed42,7,0.466325008362026,2.620733166483964
roll_1_GRU_a1_seed42,8,0.44760478188128794,2.5915383411010793
roll_1_GRU_a1_seed42,9,0.4335812596006616,2.5744595254420375
roll_1_GRU_a1_seed42,10,0.42198147623410376,2.5699035394781493
roll_1_GRU_a1_seed42,11,0.41159268115805386,2.5688053944233986
roll_1_GRU_a1_seed42,12,0.4018925590986359,2.5659178305642705
roll_1_GRU_a1_seed42,13,0.3926350206634792,2.564590414376431
roll_1_GRU_a1_seed42,14,0.3834931520072078,2.566277422970921
roll_1_GRU_a1_seed42,15,0.37425243336246056,2.5692239721351893
roll_1_GRU_a1_seed42,16,0.36490920013598355,2.5691213149703596
roll_1_GRU_a1_seed42,17,0.3553244108945003,2.56976118855249
roll_1_GRU_a1_seed42,18,0.3454832047258005,2.5755142059497955
roll_1_GRU_a1_seed42,19,0.33541338380438435,2.5829705082468064
roll_1_GRU_a1_seed42,20,0.3254410648927428,2.59439275210572
roll_1_GRU_a1_seed2026,1,0.9313485390417302,3.1281869639021607
roll_1_GRU_a1_seed2026,2,0.7805465130179283,2.9276136624760403
roll_1_GRU_a1_seed2026,3,0.6774340594273696,2.8227570106229907
roll_1_GRU_a1_seed2026,4,0.5845625040862614,2.6904094737235646
roll_1_GRU_a1_seed2026,5,0.5181221297479153,2.6207212217077687
roll_1_GRU_a1_seed2026,6,0.4794671369084952,2.6028487307838364
roll_1_GRU_a1_seed2026,7,0.45354345223516657,2.5874021338376556
roll_1_GRU_a1_seed2026,8,0.43475237369884506,2.572414255000213
roll_1_GRU_a1_seed2026,9,0.41998548846089045,2.5759569595288268
roll_1_GRU_a1_seed2026,10,0.40777062715065876,2.5842055003745683
roll_1_GRU_a1_seed2026,11,0.3969360686957489,2.5845090886196562
roll_1_GRU_a1_seed2026,12,0.3872151639539853,2.5835208880239957
roll_1_GRU_a1_seed2026,13,0.3782874266009718,2.582926577900333
roll_1_GRU_a1_seed2026,14,0.3700309506105483,2.585153372419795
roll_1_GRU_a1_seed2026,15,0.36206373268213415,2.5869508778450845
roll_1_GRU_a2_seed17,1,1.2492676571853012,3.2957723982478977
roll_1_GRU_a2_seed17,2,1.0786980243687934,3.1576405372749905
roll_1_GRU_a2_seed17,3,0.9504967260644478,3.0074206524938703
roll_1_GRU_a2_seed17,4,0.8445883386721941,2.83393640399517
roll_1_GRU_a2_seed17,5,0.7671257830867588,2.751014053995571
roll_1_GRU_a2_seed17,6,0.7120684807316868,2.714976211713919
roll_1_GRU_a2_seed17,7,0.6708887458926788,2.7134333192835762
roll_1_GRU_a2_seed17,8,0.637360654456249,2.7050380760393886
roll_1_GRU_a2_seed17,9,0.6089052465836529,2.721096982324643
roll_1_GRU_a2_seed17,10,0.5840303603041833,2.7429197084946466
roll_1_GRU_a2_seed17,11,0.5619778929631539,2.7668013066598776
roll_1_GRU_a2_seed17,12,0.5425368624567894,2.7982003377298397
roll_1_GRU_a2_seed17,13,0.5241719355354372,2.8235850505219204
roll_1_GRU_a2_seed17,14,0.5059137033771702,2.8441306402240403
roll_1_GRU_a2_seed17,15,0.48706076628884415,2.8589788300609165
roll_1_GRU_a2_seed42,1,1.2747880407875778,3.2276956821169054
roll_1_GRU_a2_seed42,2,1.0608399338316512,3.0357531601715237
roll_1_GRU_a2_seed42,3,0.9364377050407026,2.8871073713499356
roll_1_GRU_a2_seed42,4,0.8348544939058163,2.7562630056406165
roll_1_GRU_a2_seed42,5,0.7629963924957849,2.713508501052322
roll_1_GRU_a2_seed42,6,0.7070572129319849,2.6923965870206805
roll_1_GRU_a2_seed42,7,0.6675119079926793,2.6863482142669923
roll_1_GRU_a2_seed42,8,0.6390227996177026,2.678219805635573
roll_1_GRU_a2_seed42,9,0.6167320471854112,2.6881676366664986
roll_1_GRU_a2_seed42,10,0.59834265987023,2.7092862304099046
roll_1_GRU_a2_seed42,11,0.5822794192741115,2.7371839396147135
roll_1_GRU_a2_seed42,12,0.5669441386381866,2.762515180881065
roll_1_GRU_a2_seed42,13,0.551967766504781,2.7803237366683162
roll_1_GRU_a2_seed42,14,0.5373448384890347,2.800574590640484
roll_1_GRU_a2_seed42,15,0.5221152020409368,2.812159236321113
roll_1_GRU_a2_seed2026,1,1.2473689099751595,3.1281726166840604
roll_1_GRU_a2_seed2026,2,1.061615778226193,2.924572739064941
roll_1_GRU_a2_seed2026,3,0.929544098303571,2.836104472306889
roll_1_GRU_a2_seed2026,4,0.8164811745553899,2.7180152864409677
roll_1_GRU_a2_seed2026,5,0.738905787339661,2.6794766638146807
roll_1_GRU_a2_seed2026,6,0.6895894674854539,2.6792474704776366
roll_1_GRU_a2_seed2026,7,0.6522757350440024,2.691631831447567
roll_1_GRU_a2_seed2026,8,0.6236100824505928,2.7065429340979112
roll_1_GRU_a2_seed2026,9,0.6003145267425172,2.738497470955343
roll_1_GRU_a2_seed2026,10,0.5807280433528119,2.7798483521561077
roll_1_GRU_a2_seed2026,11,0.56371076644282,2.814173965612943
roll_1_GRU_a2_seed2026,12,0.5485725767776525,2.8415608459763213
roll_1_GRU_a2_seed2026,13,0.534526630960618,2.864934478297515
roll_1_GRU_a4_seed17,1,1.7711261896339663,3.308714729064258
roll_1_GRU_a4_seed17,2,1.5561493878184647,3.200694177541156
roll_1_GRU_a4_seed17,3,1.3824345089568764,3.1117231716314326
roll_1_GRU_a4_seed17,4,1.237009218506464,2.9554081283541294
roll_1_GRU_a4_seed17,5,1.129956076192868,2.831567006844622
roll_1_GRU_a4_seed17,6,1.0547999229784946,2.8052360456271743
roll_1_GRU_a4_seed17,7,0.9934225474001034,2.806564380122323
roll_1_GRU_a4_seed17,8,0.9411992716861695,2.835605577804418
roll_1_GRU_a4_seed17,9,0.8949455017415926,2.8751081484683696
roll_1_GRU_a4_seed17,10,0.8531907407935283,2.951717182680104
roll_1_GRU_a4_seed17,11,0.8156927541505841,3.0349790220937494
roll_1_GRU_a4_seed17,12,0.7826998109801204,3.1284928347092813
roll_1_GRU_a4_seed17,13,0.7531720233034502,3.203347037103671
roll_1_GRU_a4_seed42,1,1.8087533492926073,3.242327555225229
roll_1_GRU_a4_seed42,2,1.5332914146781722,3.073121133475143
roll_1_GRU_a4_seed42,3,1.3555010192513195,2.9969029364612036
roll_1_GRU_a4_seed42,4,1.2173401268260875,2.8519468518400077
roll_1_GRU_a4_seed42,5,1.1242183691928826,2.7943755028350266
roll_1_GRU_a4_seed42,6,1.0496017419407415,2.786272993468292
roll_1_GRU_a4_seed42,7,0.9880591809643948,2.7802742218262595
roll_1_GRU_a4_seed42,8,0.9411770605375327,2.8059401974537646
roll_1_GRU_a4_seed42,9,0.9026475243325112,2.8429047663935387
roll_1_GRU_a4_seed42,10,0.8712261612051859,2.890661370818329
roll_1_GRU_a4_seed42,11,0.8433379826213052,2.945060743370806
roll_1_GRU_a4_seed42,12,0.8184828442406069,3.0027954956542855
roll_1_GRU_a4_seed42,13,0.7945270815222255,3.0544360439795293
roll_1_GRU_a4_seed42,14,0.7711666418264473,3.1011896525065237
roll_1_GRU_a4_seed2026,1,1.775156711952449,3.13552369732412
roll_1_GRU_a4_seed2026,2,1.5332151478711609,2.9298483830642237
roll_1_GRU_a4_seed2026,3,1.344369453836254,2.8803349050828615
roll_1_GRU_a4_seed2026,4,1.1915271775756917,2.809849569438387
roll_1_GRU_a4_seed2026,5,1.086642906609352,2.7759252963204255
roll_1_GRU_a4_seed2026,6,1.0195747811406677,2.8188889698921797
roll_1_GRU_a4_seed2026,7,0.9615066746392713,2.8291316601149408
roll_1_GRU_a4_seed2026,8,0.9137477679859689,2.9077175096283843
roll_1_GRU_a4_seed2026,9,0.8726940950801868,2.9855948429588164
roll_1_GRU_a4_seed2026,10,0.8378721639329073,3.073974886665488
roll_1_GRU_a4_seed2026,11,0.8083837060731826,3.164560944129025
roll_1_GRU_a4_seed2026,12,0.7819706333735588,3.233114445365692
roll_2_GRU_a1_seed17,1,0.9175116042060644,4.026168532666311
roll_2_GRU_a1_seed17,2,0.7559785330089093,3.6618040771206193
roll_2_GRU_a1_seed17,3,0.6472217533516689,3.2609877287726423
roll_2_GRU_a1_seed17,4,0.5689766818703362,2.9778047195455497
roll_2_GRU_a1_seed17,5,0.5174414250344282,2.836445963983397
roll_2_GRU_a1_seed17,6,0.4840489727997628,2.747000539757492
roll_2_GRU_a1_seed17,7,0.46026267124613307,2.66777264469225
roll_2_GRU_a1_seed17,8,0.4411754416924992,2.5880245050021085
roll_2_GRU_a1_seed17,9,0.4244925184829081,2.5078804061429696
roll_2_GRU_a1_seed17,10,0.40900707172065187,2.4412916591442304
roll_2_GRU_a1_seed17,11,0.3943244285929062,2.382618160836796
roll_2_GRU_a1_seed17,12,0.37997356710943614,2.3364075367471195
roll_2_GRU_a1_seed17,13,0.3659176028769127,2.3129054699593157
roll_2_GRU_a1_seed17,14,0.35257430136502604,2.303233991858088
roll_2_GRU_a1_seed17,15,0.3406736642665611,2.3151745546143783
roll_2_GRU_a1_seed17,16,0.3308422466164409,2.342299631983651
roll_2_GRU_a1_seed17,17,0.32270862494638647,2.3844314591922164
roll_2_GRU_a1_seed17,18,0.3172995868965019,2.4276034794945454
roll_2_GRU_a1_seed17,19,0.32839455322694433,2.3826711353144514
roll_2_GRU_a1_seed17,20,0.36282647311578803,2.596595534257674
roll_2_GRU_a1_seed17,21,0.3825528123863415,2.7908882972360503
roll_2_GRU_a1_seed42,1,0.9328723186455538,3.5976642601957396
roll_2_GRU_a1_seed42,2,0.7531099865299632,3.354007814922377
roll_2_GRU_a1_seed42,3,0.6451664159161021,3.1432774543645357
roll_2_GRU_a1_seed42,4,0.5654247670577892,2.960346811482367
roll_2_GRU_a1_seed42,5,0.5133306293620125,2.82858031088169
roll_2_GRU_a1_seed42,6,0.4833562876516401,2.7215110639161084
roll_2_GRU_a1_seed42,7,0.4641074229367994,2.622711306477359
roll_2_GRU_a1_seed42,8,0.4489286366439235,2.5606942846624268
roll_2_GRU_a1_seed42,9,0.43641145565396783,2.519571960316577
roll_2_GRU_a1_seed42,10,0.4255468064367282,2.4840347197793635
roll_2_GRU_a1_seed42,11,0.4142229794342081,2.4474260627954774
roll_2_GRU_a1_seed42,12,0.40097202523768544,2.411709398750854
roll_2_GRU_a1_seed42,13,0.38791725274613476,2.3785312834609758
roll_2_GRU_a1_seed42,14,0.3762636235644302,2.3571253339495786
roll_2_GRU_a1_seed42,15,0.366088037061061,2.342267231841977
roll_2_GRU_a1_seed42,16,0.35601225702216,2.344286230231878
roll_2_GRU_a1_seed42,17,0.34247519110848174,2.327188320910565
roll_2_GRU_a1_seed42,18,0.3374795245976207,2.327519619236912
roll_2_GRU_a1_seed42,19,0.3371852620213599,2.32309493917371
roll_2_GRU_a1_seed42,20,0.3467312639261661,2.32030233956838
roll_2_GRU_a1_seed42,21,0.3280924362533725,2.3070339604909353
roll_2_GRU_a1_seed42,22,0.33230504676115546,2.310045558484431
roll_2_GRU_a1_seed42,23,0.3255943364872102,2.4295520347376023
roll_2_GRU_a1_seed42,24,0.33314519008534976,2.386148284922325
roll_2_GRU_a1_seed42,25,0.32590667807251733,2.340198935805381
roll_2_GRU_a1_seed42,26,0.30281037458896964,2.313191362654039
roll_2_GRU_a1_seed42,27,0.2966698070901464,2.3127405910697307
roll_2_GRU_a1_seed42,28,0.29223492951179053,2.3037668211448583
roll_2_GRU_a1_seed42,29,0.2848560621569726,2.3661484545289446
roll_2_GRU_a1_seed42,30,0.29185434678601696,2.4537690322681045
roll_2_GRU_a1_seed42,31,0.3072827065952713,2.3930864421777147
roll_2_GRU_a1_seed42,32,0.2931814188536667,2.4035985673574176
roll_2_GRU_a1_seed42,33,0.28082969003274644,2.3474434980042815
roll_2_GRU_a1_seed42,34,0.26376366053954947,2.368831951278497
roll_2_GRU_a1_seed42,35,0.2640927069255897,2.4244199143651923
roll_2_GRU_a1_seed2026,1,0.9132803623526338,3.455704011153936
roll_2_GRU_a1_seed2026,2,0.7564572640951917,3.1656052329969313
roll_2_GRU_a1_seed2026,3,0.6333578181951396,2.8680424377986897
roll_2_GRU_a1_seed2026,4,0.5417686864258272,2.6804722027934917
roll_2_GRU_a1_seed2026,5,0.49683693241779653,2.637731298207131
roll_2_GRU_a1_seed2026,6,0.47051048350801444,2.5796462502681603
roll_2_GRU_a1_seed2026,7,0.45238252039268656,2.5090798719925202
roll_2_GRU_a1_seed2026,8,0.4368418677133544,2.479290292515818
roll_2_GRU_a1_seed2026,9,0.4241903881811509,2.484321196036359
roll_2_GRU_a1_seed2026,10,0.41395712421770625,2.4675697544322817
roll_2_GRU_a1_seed2026,11,0.40370239568033756,2.433490846440811
roll_2_GRU_a1_seed2026,12,0.3913121544918149,2.4177764879651553
roll_2_GRU_a1_seed2026,13,0.3799698366207107,2.4264178393050244
roll_2_GRU_a1_seed2026,14,0.3691793091330294,2.3985960390383094
roll_2_GRU_a1_seed2026,15,0.36019776518929514,2.341524359390146
roll_2_GRU_a1_seed2026,16,0.3479501121228352,2.311697694746298
roll_2_GRU_a1_seed2026,17,0.33783435058341094,2.341227668689002
roll_2_GRU_a1_seed2026,18,0.3295667942711844,2.434029702287505
roll_2_GRU_a1_seed2026,19,0.3237434118313744,2.3627118931750912
roll_2_GRU_a1_seed2026,20,0.32855826372598235,2.3263575540091357
roll_2_GRU_a1_seed2026,21,0.31007949720215777,2.329677267435273
roll_2_GRU_a1_seed2026,22,0.3075229748139462,2.457330167780485
roll_2_GRU_a1_seed2026,23,0.30568569416321184,2.3587215009812237
roll_2_GRU_a2_seed17,1,1.2302762745072218,4.043694504270784
roll_2_GRU_a2_seed17,2,1.034390228677035,3.725175710412013
roll_2_GRU_a2_seed17,3,0.8999948004537425,3.3299767627233776
roll_2_GRU_a2_seed17,4,0.8055390949127559,3.083862465910361
roll_2_GRU_a2_seed17,5,0.741243398205845,2.8991268680233935
roll_2_GRU_a2_seed17,6,0.6970270968668006,2.8015199574433804
roll_2_GRU_a2_seed17,7,0.6611013337385687,2.723449835117109
roll_2_GRU_a2_seed17,8,0.6300998538488025,2.6564969039228528
roll_2_GRU_a2_seed17,9,0.603213911104876,2.5773367083347387
roll_2_GRU_a2_seed17,10,0.5786596648266018,2.50702503028621
roll_2_GRU_a2_seed17,11,0.5542292249996008,2.4518313452826423
roll_2_GRU_a2_seed17,12,0.530027299263636,2.408679593428286
roll_2_GRU_a2_seed17,13,0.5058232409854097,2.3782443560326247
roll_2_GRU_a2_seed17,14,0.4820271702929856,2.375124009061198
roll_2_GRU_a2_seed17,15,0.45997037643748406,2.3994769348477143
roll_2_GRU_a2_seed17,16,0.4410321688505336,2.439526385338506
roll_2_GRU_a2_seed17,17,0.4259426906134393,2.4736038283361785
roll_2_GRU_a2_seed17,18,0.4167120367553469,2.5032062830862016
roll_2_GRU_a2_seed17,19,0.4116716226802268,2.497423757817079
roll_2_GRU_a2_seed17,20,0.42554674661202985,2.4325079018724973
roll_2_GRU_a2_seed17,21,0.4329885084273713,2.7370316238220314
roll_2_GRU_a2_seed42,1,1.2531638797348807,3.5987514787252097
roll_2_GRU_a2_seed42,2,1.0313198981876253,3.368383678034184
roll_2_GRU_a2_seed42,3,0.9001711863110906,3.150154179625087
roll_2_GRU_a2_seed42,4,0.8075945211739136,2.9866661211678145
roll_2_GRU_a2_seed42,5,0.7415241172504947,2.851969864154507
roll_2_GRU_a2_seed42,6,0.6987175228330582,2.7517161898592586
roll_2_GRU_a2_seed42,7,0.6692050708350857,2.659999619242704
roll_2_GRU_a2_seed42,8,0.6454165736625928,2.5938099669335837
roll_2_GRU_a2_seed42,9,0.6249548159030316,2.543755553811813
roll_2_GRU_a2_seed42,10,0.6061758598497812,2.505223728147388
roll_2_GRU_a2_seed42,11,0.5864950204884452,2.4750943554437397
roll_2_GRU_a2_seed42,12,0.5662031331872983,2.445592396280966
roll_2_GRU_a2_seed42,13,0.5451423565392725,2.41481373399982
roll_2_GRU_a2_seed42,14,0.5239201468275478,2.392097898582858
roll_2_GRU_a2_seed42,15,0.5033316303231331,2.3860018783703403
roll_2_GRU_a2_seed42,16,0.4834623925978744,2.387257644521156
roll_2_GRU_a2_seed42,17,0.4652524980910822,2.3904770403766444
roll_2_GRU_a2_seed42,18,0.44943475881107525,2.3959717450064484
roll_2_GRU_a2_seed42,19,0.4356904777023286,2.410880131694862
roll_2_GRU_a2_seed42,20,0.42579558138534385,2.4258294399495863
roll_2_GRU_a2_seed42,21,0.4122127617666041,2.4285497806347593
roll_2_GRU_a2_seed42,22,0.4003616559174024,2.4128726277044774
roll_2_GRU_a2_seed2026,1,1.2336704676109982,3.4625137299938578
roll_2_GRU_a2_seed2026,2,1.0342036203894707,3.2142685553862536
roll_2_GRU_a2_seed2026,3,0.8838184919266018,2.9525479587787937
roll_2_GRU_a2_seed2026,4,0.7765529231364442,2.750892262017256
roll_2_GRU_a2_seed2026,5,0.7173635622481378,2.7004439694373015
roll_2_GRU_a2_seed2026,6,0.6787513959592543,2.6331578466702235
roll_2_GRU_a2_seed2026,7,0.6514665431289534,2.5712521506808037
roll_2_GRU_a2_seed2026,8,0.6287581490622723,2.539384462194899
roll_2_GRU_a2_seed2026,9,0.6088381483458125,2.521854052534895
roll_2_GRU_a2_seed2026,10,0.5892496138267769,2.517760015780702
roll_2_GRU_a2_seed2026,11,0.5692790812406088,2.503047483635542
roll_2_GRU_a2_seed2026,12,0.5488622215721645,2.48467420348704
roll_2_GRU_a2_seed2026,13,0.5284545646489699,2.4606908217939947
roll_2_GRU_a2_seed2026,14,0.5078592403826653,2.4449658002031924
roll_2_GRU_a2_seed2026,15,0.4874160354136877,2.439642131087126
roll_2_GRU_a2_seed2026,16,0.46816883003483495,2.447238673214876
roll_2_GRU_a2_seed2026,17,0.4509098450935963,2.4619638904616887
roll_2_GRU_a2_seed2026,18,0.4375327868646889,2.478182792072957
roll_2_GRU_a2_seed2026,19,0.4269825154635291,2.4858709237952823
roll_2_GRU_a2_seed2026,20,0.4179025979860327,2.4860386515844723
roll_2_GRU_a2_seed2026,21,0.41120537023926823,2.4790759698833855
roll_2_GRU_a2_seed2026,22,0.4066018464218625,2.6293000532828104
roll_2_GRU_a4_seed17,1,1.7479612690161441,4.0695609734648555
roll_2_GRU_a4_seed17,2,1.4890220645567234,3.853081140550328
roll_2_GRU_a4_seed17,3,1.3054828580771127,3.515558224029292
roll_2_GRU_a4_seed17,4,1.1792043146265563,3.2567203549616077
roll_2_GRU_a4_seed17,5,1.0960185855762896,3.086864838192765
roll_2_GRU_a4_seed17,6,1.031487833736371,2.97528228841317
roll_2_GRU_a4_seed17,7,0.9767337890082093,2.8877841286410875
roll_2_GRU_a4_seed17,8,0.9278269800905108,2.832740877829043
roll_2_GRU_a4_seed17,9,0.8832854382211551,2.770115442276977
roll_2_GRU_a4_seed17,10,0.840734116946336,2.7110936716550893
roll_2_GRU_a4_seed17,11,0.798795695324431,2.6623997279112914
roll_2_GRU_a4_seed17,12,0.756765334505109,2.616169044606639
roll_2_GRU_a4_seed17,13,0.714628927554993,2.584085403898425
roll_2_GRU_a4_seed17,14,0.674285134086309,2.562135575334841
roll_2_GRU_a4_seed17,15,0.636040734114599,2.5736762085460874
roll_2_GRU_a4_seed17,16,0.6025637228676919,2.6009364198076828
roll_2_GRU_a4_seed17,17,0.574437041114761,2.616047824648174
roll_2_GRU_a4_seed17,18,0.5516320262426883,2.6390781306765936
roll_2_GRU_a4_seed17,19,0.5334849372818563,2.6604812552357795
roll_2_GRU_a4_seed17,20,0.5191709657161477,2.6536183130632773
roll_2_GRU_a4_seed17,21,0.5076852858895156,2.636510265929457
roll_2_GRU_a4_seed42,1,1.785485750105344,3.604730398470958
roll_2_GRU_a4_seed42,2,1.4826698970664276,3.4226197427999128
roll_2_GRU_a4_seed42,3,1.3083290717877794,3.213616865438026
roll_2_GRU_a4_seed42,4,1.1897205776264153,3.0628798285006265
roll_2_GRU_a4_seed42,5,1.1065644626195799,2.9535619322732027
roll_2_GRU_a4_seed42,6,1.0405745577627459,2.8512349630528706
roll_2_GRU_a4_seed42,7,0.9903191561903211,2.77776022061016
roll_2_GRU_a4_seed42,8,0.9517758920557845,2.722108062380405
roll_2_GRU_a4_seed42,9,0.9173483928769094,2.6861603808562267
roll_2_GRU_a4_seed42,10,0.8859554288598115,2.657008534199688
roll_2_GRU_a4_seed42,11,0.853194565412231,2.6233962462121516
roll_2_GRU_a4_seed42,12,0.8198537277816748,2.5837762256146157
roll_2_GRU_a4_seed42,13,0.787751986332231,2.5559033964742413
roll_2_GRU_a4_seed42,14,0.7532233609567476,2.547990699840301
roll_2_GRU_a4_seed42,15,0.7156794961029112,2.544744272873565
roll_2_GRU_a4_seed42,16,0.6765215863775098,2.5535395910897827
roll_2_GRU_a4_seed42,17,0.6391765885224859,2.5632754490343177
roll_2_GRU_a4_seed42,18,0.6045471965791208,2.5818539678024277
roll_2_GRU_a4_seed42,19,0.574465530669298,2.608523664356906
roll_2_GRU_a4_seed42,20,0.5493403406323035,2.631448147370066
roll_2_GRU_a4_seed42,21,0.5281514155139354,2.6581203601718073
roll_2_GRU_a4_seed42,22,0.5115357435798253,2.683451994735644
roll_2_GRU_a4_seed2026,1,1.766522305622466,3.4727980290602987
roll_2_GRU_a4_seed2026,2,1.4901137828609567,3.3198251130039247
roll_2_GRU_a4_seed2026,3,1.285024049723268,3.171318491749889
roll_2_GRU_a4_seed2026,4,1.1486063366927335,2.9246280218311034
roll_2_GRU_a4_seed2026,5,1.067730258765173,2.8613718958573022
roll_2_GRU_a4_seed2026,6,1.0076543431555889,2.806588445741945
roll_2_GRU_a4_seed2026,7,0.962536803401375,2.7556047632081886
roll_2_GRU_a4_seed2026,8,0.9256471162806236,2.7541363483428323
roll_2_GRU_a4_seed2026,9,0.8891819308998374,2.7599905250029892
roll_2_GRU_a4_seed2026,10,0.8540467671513449,2.748284254289664
roll_2_GRU_a4_seed2026,11,0.8180493892814859,2.7296808001228556
roll_2_GRU_a4_seed2026,12,0.7808924217547953,2.707742161156621
roll_2_GRU_a4_seed2026,13,0.7437459079835669,2.6982579076793503
roll_2_GRU_a4_seed2026,14,0.7067297846975388,2.706763465712041
roll_2_GRU_a4_seed2026,15,0.6707726278029036,2.710227316019929
roll_2_GRU_a4_seed2026,16,0.6369367074808862,2.7215823807577757
roll_2_GRU_a4_seed2026,17,0.6062074316938899,2.7298266865760987
roll_2_GRU_a4_seed2026,18,0.5791674468690087,2.736178734214356
roll_2_GRU_a4_seed2026,19,0.5570439722772719,2.7316835439301053
roll_2_GRU_a4_seed2026,20,0.5392747849225998,2.6979222842010513
roll_2_GRU_a4_seed2026,21,0.521890708836731,2.6846406939035274
roll_2_GRU_a4_seed2026,22,0.507394416381689,2.6725470125993525
roll_2_GRU_a4_seed2026,23,0.495213244435672,2.6979305733947943
roll_2_GRU_a4_seed2026,24,0.4903494047678484,2.863405265480599
roll_2_GRU_a4_seed2026,25,0.49348779303873247,2.8940453594932776
roll_2_GRU_a4_seed2026,26,0.4844485897798373,2.676592206797064
roll_2_GRU_a4_seed2026,27,0.48636529105244275,2.803046474833543
roll_2_GRU_a4_seed2026,28,0.4901207950309177,2.721659519879415
roll_2_GRU_a4_seed2026,29,0.5316295446867061,2.8867176223530446
roll_3_GRU_a1_seed17,1,0.8977996652062422,3.9959437206954638
roll_3_GRU_a1_seed17,2,0.7165933146773852,3.4962123916303023
roll_3_GRU_a1_seed17,3,0.5973076122294828,3.023169554747513
roll_3_GRU_a1_seed17,4,0.5281054538023177,2.7901380075287103
roll_3_GRU_a1_seed17,5,0.4870564887710085,2.677314511950166
roll_3_GRU_a1_seed17,6,0.459428812944622,2.5853350617011226
roll_3_GRU_a1_seed17,7,0.4379733823646754,2.520983423262074
roll_3_GRU_a1_seed17,8,0.4196145759352934,2.462807549083916
roll_3_GRU_a1_seed17,9,0.4034793914141217,2.419257188874204
roll_3_GRU_a1_seed17,10,0.38858841612513934,2.38661091498541
roll_3_GRU_a1_seed17,11,0.3741762005256374,2.3568957684084633
roll_3_GRU_a1_seed17,12,0.3601055789533236,2.3281571498188365
roll_3_GRU_a1_seed17,13,0.34673400354832257,2.3004188075338448
roll_3_GRU_a1_seed17,14,0.3341743240381408,2.2762157255666184
roll_3_GRU_a1_seed17,15,0.3227422284659259,2.2568999479716023
roll_3_GRU_a1_seed17,16,0.31253786511181353,2.2430773934304127
roll_3_GRU_a1_seed17,17,0.30404090125706695,2.2256381814583386
roll_3_GRU_a1_seed17,18,0.2970668196171928,2.200196048848725
roll_3_GRU_a1_seed17,19,0.2915551947637888,2.177661466882548
roll_3_GRU_a1_seed17,20,0.28718291683023506,2.1901733706334823
roll_3_GRU_a1_seed17,21,0.2829978358241087,2.251040854057103
roll_3_GRU_a1_seed17,22,0.2793180509509271,2.3464747034516513
roll_3_GRU_a1_seed17,23,0.2758817333072917,2.4106891237452692
roll_3_GRU_a1_seed17,24,0.27150896928690593,2.401188733710754
roll_3_GRU_a1_seed17,25,0.2692219173730179,2.449786646208927
roll_3_GRU_a1_seed17,26,0.27312940745118736,2.4860309441599773
roll_3_GRU_a1_seed42,1,0.8995834221897859,3.5172600465405157
roll_3_GRU_a1_seed42,2,0.7112294253737044,3.205050722919665
roll_3_GRU_a1_seed42,3,0.5999706724688885,2.9446700054867794
roll_3_GRU_a1_seed42,4,0.5233758551071741,2.752340385482018
roll_3_GRU_a1_seed42,5,0.4813892433690124,2.6404946901226682
roll_3_GRU_a1_seed42,6,0.4569291359317968,2.5693979202307538
roll_3_GRU_a1_seed42,7,0.4408553676429614,2.530173197753758
roll_3_GRU_a1_seed42,8,0.42785972921290394,2.501165510479156
roll_3_GRU_a1_seed42,9,0.41671052170124495,2.4782982220553045
roll_3_GRU_a1_seed42,10,0.40628827280007757,2.453810070837595
roll_3_GRU_a1_seed42,11,0.3951588315707312,2.429469758938455
roll_3_GRU_a1_seed42,12,0.3830274848240433,2.404717769635541
roll_3_GRU_a1_seed42,13,0.37000527859894977,2.377544003528031
roll_3_GRU_a1_seed42,14,0.35705358530578163,2.3504808843940883
roll_3_GRU_a1_seed42,15,0.3448800833879164,2.325637192566131
roll_3_GRU_a1_seed42,16,0.3340804791368456,2.3053735480644026
roll_3_GRU_a1_seed42,17,0.3244599005779387,2.2844602410826877
roll_3_GRU_a1_seed42,18,0.3158170213146324,2.2652085946377576
roll_3_GRU_a1_seed42,19,0.3081601832914639,2.2433194328900057
roll_3_GRU_a1_seed42,20,0.3005213451924026,2.226912918056566
roll_3_GRU_a1_seed42,21,0.29350244176956863,2.2122256723255296
roll_3_GRU_a1_seed42,22,0.28716986582854914,2.203572465694336
roll_3_GRU_a1_seed42,23,0.2811050773853962,2.1966322112363814
roll_3_GRU_a1_seed42,24,0.275144232473291,2.1941424768957654
roll_3_GRU_a1_seed42,25,0.26968414814637337,2.1941373181419284
roll_3_GRU_a1_seed42,26,0.26468836206837515,2.200405511477473
roll_3_GRU_a1_seed42,27,0.26011919137158634,2.210445499170052
roll_3_GRU_a1_seed42,28,0.2560008628936756,2.2204870675500965
roll_3_GRU_a1_seed42,29,0.2522788676916724,2.2294686706958378
roll_3_GRU_a1_seed42,30,0.24895913999536967,2.237001620152561
roll_3_GRU_a1_seed42,31,0.2457280094124489,2.2465583707142738
roll_3_GRU_a1_seed2026,1,0.8806135252255579,3.4205242344133424
roll_3_GRU_a1_seed2026,2,0.7018816870020675,3.010087776191612
roll_3_GRU_a1_seed2026,3,0.5701299026981597,2.692508612004623
roll_3_GRU_a1_seed2026,4,0.5032611700168447,2.5931478441592954
roll_3_GRU_a1_seed2026,5,0.4697231564860093,2.5401899211298966
roll_3_GRU_a1_seed2026,6,0.4478780727362734,2.4993929954576712
roll_3_GRU_a1_seed2026,7,0.430993609417321,2.46544485813861
roll_3_GRU_a1_seed2026,8,0.41699885486081395,2.4416887641529557
roll_3_GRU_a1_seed2026,9,0.40434858458669526,2.419354623195653
roll_3_GRU_a1_seed2026,10,0.3924632225649862,2.396605961541518
roll_3_GRU_a1_seed2026,11,0.38037577120900623,2.3715476138118334
roll_3_GRU_a1_seed2026,12,0.36838529948818854,2.348211566730505
roll_3_GRU_a1_seed2026,13,0.35601552704894396,2.3231260769267013
roll_3_GRU_a1_seed2026,14,0.3440470322999306,2.3015719992243335
roll_3_GRU_a1_seed2026,15,0.3330274020958687,2.282506107377612
roll_3_GRU_a1_seed2026,16,0.3233240095208166,2.270852619137563
roll_3_GRU_a1_seed2026,17,0.3147645519372921,2.2655403554199216
roll_3_GRU_a1_seed2026,18,0.30756755101417166,2.2678313216868276
roll_3_GRU_a1_seed2026,19,0.3019582010878705,2.2525638222838262
roll_3_GRU_a1_seed2026,20,0.2965466151986888,2.2358224045509156
roll_3_GRU_a1_seed2026,21,0.290046458992153,2.213468826937653
roll_3_GRU_a1_seed2026,22,0.283619720322406,2.199589701079144
roll_3_GRU_a1_seed2026,23,0.2776955738063612,2.1922821017504384
roll_3_GRU_a1_seed2026,24,0.2722717106673986,2.1853273110963127
roll_3_GRU_a1_seed2026,25,0.2672970695466104,2.183963755144176
roll_3_GRU_a1_seed2026,26,0.2631491218370476,2.192950964039466
roll_3_GRU_a1_seed2026,27,0.2602010857248956,2.214702560640937
roll_3_GRU_a1_seed2026,28,0.257958243413505,2.276124212714973
roll_3_GRU_a1_seed2026,29,0.2550901189099505,2.274626049931502
roll_3_GRU_a1_seed2026,30,0.24941253571991062,2.246392082703666
roll_3_GRU_a1_seed2026,31,0.24661848623715238,2.2828601632270558
roll_3_GRU_a1_seed2026,32,0.2514972703416555,2.313432155708386
roll_3_GRU_a2_seed17,1,1.2208570606416307,4.032551094568623
roll_3_GRU_a2_seed17,2,0.9972267577598936,3.555011700719867
roll_3_GRU_a2_seed17,3,0.84885035460682,3.0592162909731284
roll_3_GRU_a2_seed17,4,0.7603021607311357,2.7915787859664882
roll_3_GRU_a2_seed17,5,0.7044819150256943,2.668958001007513
roll_3_GRU_a2_seed17,6,0.6640440474179361,2.5677618609752075
roll_3_GRU_a2_seed17,7,0.6320056450028321,2.5075606390885756
roll_3_GRU_a2_seed17,8,0.604704186278846,2.4572808296654163
roll_3_GRU_a2_seed17,9,0.5784719778217462,2.420593647977747
roll_3_GRU_a2_seed17,10,0.5521845238321189,2.3947829269229417
roll_3_GRU_a2_seed17,11,0.5253641811667398,2.3837968544898196
roll_3_GRU_a2_seed17,12,0.4986791764857183,2.3641991178334116
roll_3_GRU_a2_seed17,13,0.4729704656430229,2.3544550347895217
roll_3_GRU_a2_seed17,14,0.4498807000701922,2.3600515713513373
roll_3_GRU_a2_seed17,15,0.4305741562206516,2.40470349631989
roll_3_GRU_a2_seed17,16,0.4144328016695576,2.4449433588032226
roll_3_GRU_a2_seed17,17,0.401813252348557,2.4717720315742664
roll_3_GRU_a2_seed17,18,0.39220181052533615,2.497851798935639
roll_3_GRU_a2_seed17,19,0.38496151237235376,2.529343411427562
roll_3_GRU_a2_seed17,20,0.377936751497038,2.5441798375408617
roll_3_GRU_a2_seed42,1,1.2268434952966882,3.525207872843829
roll_3_GRU_a2_seed42,2,0.9919482435344306,3.217607498341141
roll_3_GRU_a2_seed42,3,0.8575920145164945,2.947582470946644
roll_3_GRU_a2_seed42,4,0.7671588124817261,2.7500708108330647
roll_3_GRU_a2_seed42,5,0.7079088428801125,2.631384840487041
roll_3_GRU_a2_seed42,6,0.6699649268963934,2.558648030545621
roll_3_GRU_a2_seed42,7,0.6431468767579713,2.5112115783017157
roll_3_GRU_a2_seed42,8,0.6211598708621229,2.47965991072569
roll_3_GRU_a2_seed42,9,0.601341728083402,2.452330716768624
roll_3_GRU_a2_seed42,10,0.5822919528608983,2.421723028145584
roll_3_GRU_a2_seed42,11,0.562662144520915,2.390584800909653
roll_3_GRU_a2_seed42,12,0.5401260355744674,2.368177286064844
roll_3_GRU_a2_seed42,13,0.5154512046214026,2.352898263138836
roll_3_GRU_a2_seed42,14,0.4908527465904592,2.340131611878397
roll_3_GRU_a2_seed42,15,0.46757888898246897,2.329964655321551
roll_3_GRU_a2_seed42,16,0.4471570388309637,2.3214070606053223
roll_3_GRU_a2_seed42,17,0.4299431169106367,2.311251507141023
roll_3_GRU_a2_seed42,18,0.41592922557114265,2.304548746924277
roll_3_GRU_a2_seed42,19,0.4041321957607991,2.2978901756202723
roll_3_GRU_a2_seed42,20,0.3945402434104741,2.29919008075882
roll_3_GRU_a2_seed42,21,0.38640565125672355,2.295928372951909
roll_3_GRU_a2_seed42,22,0.3795705922793497,2.304403979788441
roll_3_GRU_a2_seed42,23,0.3737399560812714,2.3107727848466957
roll_3_GRU_a2_seed42,24,0.36821425826487736,2.3171946983136484
roll_3_GRU_a2_seed42,25,0.36412300667627995,2.3216679546472765
roll_3_GRU_a2_seed42,26,0.3598454859337393,2.3272950423585375
roll_3_GRU_a2_seed42,27,0.3558246034718063,2.327035509572404
roll_3_GRU_a2_seed42,28,0.35122287947221387,2.3378567918411752
roll_3_GRU_a2_seed2026,1,1.20951963833475,3.431108945817313
roll_3_GRU_a2_seed2026,2,0.9773352073355778,3.076979977048051
roll_3_GRU_a2_seed2026,3,0.8158071664560066,2.7238623779153706
roll_3_GRU_a2_seed2026,4,0.7332337514113709,2.6147259101615687
roll_3_GRU_a2_seed2026,5,0.6847541704850274,2.5462310431067765
roll_3_GRU_a2_seed2026,6,0.6530332939353166,2.506612738196233
roll_3_GRU_a2_seed2026,7,0.6272603248821936,2.485217496615216
roll_3_GRU_a2_seed2026,8,0.6053620620935758,2.4750167518446564
roll_3_GRU_a2_seed2026,9,0.5846199854337762,2.468825132791881
roll_3_GRU_a2_seed2026,10,0.563789787605298,2.4585763190694716
roll_3_GRU_a2_seed2026,11,0.5425176442516096,2.463009679614864
roll_3_GRU_a2_seed2026,12,0.5205993704232696,2.4667024368090726
roll_3_GRU_a2_seed2026,13,0.4988055787047734,2.4617961262884496
roll_3_GRU_a2_seed2026,14,0.4776832866824062,2.4647296683578612
roll_3_GRU_a2_seed2026,15,0.45920263071729805,2.466207969291497
roll_3_GRU_a2_seed2026,16,0.4423942457732353,2.469391223249401
roll_3_GRU_a2_seed2026,17,0.4279813725369831,2.4736127476443137
roll_3_GRU_a4_seed17,1,1.7573775027363485,4.085865258588934
roll_3_GRU_a4_seed17,2,1.45444086383876,3.7226117017652274
roll_3_GRU_a4_seed17,3,1.249336477917308,3.178365112451988
roll_3_GRU_a4_seed17,4,1.1292114195580678,2.875673382152279
roll_3_GRU_a4_seed17,5,1.0503781311402718,2.7535200348616957
roll_3_GRU_a4_seed17,6,0.9884266640539835,2.6753184877890646
roll_3_GRU_a4_seed17,7,0.9368169442646185,2.6271913152920923
roll_3_GRU_a4_seed17,8,0.8917513337678556,2.571561644321138
roll_3_GRU_a4_seed17,9,0.8495466745533414,2.5288112839350614
roll_3_GRU_a4_seed17,10,0.8061902001140093,2.5048386983236774
roll_3_GRU_a4_seed17,11,0.760004646555713,2.4840409918342057
roll_3_GRU_a4_seed17,12,0.7138423032066905,2.446166144118897
roll_3_GRU_a4_seed17,13,0.6698189564742042,2.427160179356218
roll_3_GRU_a4_seed17,14,0.6297116718454231,2.4686811637038635
roll_3_GRU_a4_seed17,15,0.597088542100119,2.541165907317564
roll_3_GRU_a4_seed17,16,0.5747509703295421,2.5461300711848627
roll_3_GRU_a4_seed17,17,0.5627616179043525,2.4723279466775887
roll_3_GRU_a4_seed17,18,0.5561183659821587,2.4168414516142365
roll_3_GRU_a4_seed17,19,0.5422137087340027,2.4892613816237614
roll_3_GRU_a4_seed17,20,0.5239541101488856,2.564604717572724
roll_3_GRU_a4_seed17,21,0.5207162550531207,2.5132285189359944
roll_3_GRU_a4_seed17,22,0.5155846055944557,2.4878720354002857
roll_3_GRU_a4_seed17,23,0.5355526747929088,2.5454634467993364
roll_3_GRU_a4_seed17,24,0.5319830516907216,2.537164444942952
roll_3_GRU_a4_seed17,25,0.5342342044314243,2.5758602299304063
roll_3_GRU_a4_seed42,1,1.7718610780482447,3.54446745003741
roll_3_GRU_a4_seed42,2,1.4442880810886896,3.3096229468605
roll_3_GRU_a4_seed42,3,1.2669966446129675,3.000326971983684
roll_3_GRU_a4_seed42,4,1.1572953101691048,2.784282492264652
roll_3_GRU_a4_seed42,5,1.0758786286314823,2.6560580672281286
roll_3_GRU_a4_seed42,6,1.012824920535105,2.591697813371614
roll_3_GRU_a4_seed42,7,0.9655617443171789,2.5470093665501436
roll_3_GRU_a4_seed42,8,0.9290710932156896,2.519846431763719
roll_3_GRU_a4_seed42,9,0.8960672985156296,2.4991071443701567
roll_3_GRU_a4_seed42,10,0.8617365379985664,2.487683281265898
roll_3_GRU_a4_seed42,11,0.8241504647273029,2.4719499946780443
roll_3_GRU_a4_seed42,12,0.7842571477988468,2.446973552161637
roll_3_GRU_a4_seed42,13,0.742532015706526,2.4277001136116976
roll_3_GRU_a4_seed42,14,0.7010127353640283,2.413196696410133
roll_3_GRU_a4_seed42,15,0.6618130967285015,2.3970182140388827
roll_3_GRU_a4_seed42,16,0.6286054351944615,2.368956115335338
roll_3_GRU_a4_seed42,17,0.6011871226772345,2.349712536584757
roll_3_GRU_a4_seed42,18,0.5774586891984849,2.3456732687012143
roll_3_GRU_a4_seed42,19,0.5561421821923535,2.3576045485715458
roll_3_GRU_a4_seed42,20,0.5367087539318698,2.38723779190899
roll_3_GRU_a4_seed42,21,0.519875899614047,2.4159143207378744
roll_3_GRU_a4_seed42,22,0.5073704733683085,2.4221412398292643
roll_3_GRU_a4_seed42,23,0.4965536627645181,2.42188448875371
roll_3_GRU_a4_seed42,24,0.4876725535377749,2.4258514874985075
roll_3_GRU_a4_seed42,25,0.47856668956214465,2.4380456059097755
roll_3_GRU_a4_seed2026,1,1.7605077382288945,3.454732228176158
roll_3_GRU_a4_seed2026,2,1.4310235979616739,3.261203699410302
roll_3_GRU_a4_seed2026,3,1.208199789294004,2.872132565516616
roll_3_GRU_a4_seed2026,4,1.0983261536549886,2.732022866525748
roll_3_GRU_a4_seed2026,5,1.0300706441518694,2.655492576851699
roll_3_GRU_a4_seed2026,6,0.9783168869759401,2.6172378992076073
roll_3_GRU_a4_seed2026,7,0.9360947683268086,2.5735122925918184
roll_3_GRU_a4_seed2026,8,0.9010863684729856,2.5564286816143906
roll_3_GRU_a4_seed2026,9,0.8657486974180556,2.552518207642419
roll_3_GRU_a4_seed2026,10,0.8294154470967835,2.5479438604159665
roll_3_GRU_a4_seed2026,11,0.7912468667486993,2.54228928790551
roll_3_GRU_a4_seed2026,12,0.7513966369566063,2.557156279135758
roll_3_GRU_a4_seed2026,13,0.7110075671670377,2.5693201043582956
roll_3_GRU_a4_seed2026,14,0.6717094717873785,2.578552216196623
roll_3_GRU_a4_seed2026,15,0.6367314430006882,2.5902621663077756
roll_3_GRU_a4_seed2026,16,0.6067950492295187,2.618342928502872
roll_3_GRU_a4_seed2026,17,0.582955764483037,2.618514419614934
roll_3_GRU_a4_seed2026,18,0.5629960896766697,2.624493480642793
