session_id,device_id,date_utc,split
BEV1_2024-08-10_fast_1,BEV1,2024-08-10,train
BEV1_2024-08-10_fast_2,BEV1,2024-08-10,train
BEV1_2024-09-01_fast_1,BEV1,2024-09-01,train
BEV1_2024-09-03_fast_1,BEV1,2024-09-03,train
BEV1_2024-09-03_fast_2,BEV1,2024-09-03,train
BEV1_2024-11-17_fast_1,BEV1,2024-11-17,validation
BEV1_2024-12-07_fast_1,BEV1,2024-12-07,test
BEV1_2024-12-08_fast_1,BEV1,2024-12-08,test
BEV2_2024-05-18_fast_1,BEV2,2024-05-18,train
BEV2_2024-05-19_fast_1,BEV2,2024-05-19,train
BEV2_2024-05-21_fast_1,BEV2,2024-05-21,train
BEV2_2024-07-05_fast_1,BEV2,2024-07-05,train
BEV2_2024-08-19_fast_1,BEV2,2024-08-19,train
BEV2_2024-08-22_fast_1,BEV2,2024-08-22,train
BEV2_2024-08-31_fast_1,BEV2,2024-08-31,train
BEV2_2024-09-07_fast_1,BEV2,2024-09-07,train
BEV2_2024-09-10_fast_1,BEV2,2024-09-10,train
BEV2_2024-09-29_fast_1,BEV2,2024-09-29,validation
BEV2_2024-10-01_fast_1,BEV2,2024-10-01,validation
BEV2_2024-11-04_fast_1,BEV2,2024-11-04,validation
BEV2_2024-11-24_fast_1,BEV2,2024-11-24,test
BEV2_2025-02-16_fast_1,BEV2,2025-02-16,test
BEV2_2025-02-16_fast_2,BEV2,2025-02-16,test
BEV2_2025-04-05_fast_1,BEV2,2025-04-05,test
BEV2_2025-04-06_fast_1,BEV2,2025-04-06,test
