local_hour,temperature_C_LMD,temperature_C_ERA,pressure_hPa_LMD,pressure_hPa_ERA,windspeed_mps_LMD,windspeed_mps_ERA,irradiance_Wm2_LMD,irradiance_Wm2_ERA
0,15.53500002,13.064783019851573,988.96199832,977.6855891441597,1.1340000000000001,1.6931049885628422,0.0,0.0
1,14.945000030000001,12.341556583664067,988.97199832,977.6340185358397,0.963,1.7553497147655854,0.0,0.0
2,14.26400003,12.16989475295314,988.95199712,977.5570754881596,1.063,1.8120175851056413,0.0,0.0
3,13.75899993,12.086982658492197,988.8669995199999,977.4495220685598,1.022,1.8052920272555601,0.0,0.0
4,13.140999970000001,10.614976376988293,988.8669995199999,977.4158823487996,0.9490000000000001,1.7827046228948658,0.0,0.0
5,12.86199998,10.530716892910169,989.0499952,977.5146642745597,1.062,1.8152676105486973,0.00375,0.0
6,12.551000039999998,12.325404859558605,989.40199652,978.2134406992798,0.961,1.8107034692449713,6.9,9.727695775288884
7,13.28199996,13.10581886539845,989.8019989200001,978.5735359290396,1.18400001,1.902495131478198,55.25625,75.94619642140442
8,15.06500002,14.211744067449226,989.93399844,978.7924464896797,1.244,1.8110261212511893,198.99873737373738,216.29267231030298
9,17.17499997,14.95969786255079,989.9649976000001,978.9404081426396,1.46900002,1.6873444193865348,378.7275,386.03529102279106
10,19.02100001,19.709569733140636,989.74299328,978.8358921755197,1.64,1.853516418999842,541.7925,546.9589412278044
11,20.384999960000002,19.873892619847666,989.27899604,978.5762931891197,2.0669999999999997,2.1237914337723645,677.955,669.8163349469866
12,21.355999999999998,19.948243335906255,988.5389996399999,978.0553357463197,2.1479999999999997,2.2889981285475245,758.255,741.9442648007112
13,22.08000013,22.383027330914068,987.6849976000001,977.2461316039196,2.62,2.470380756866254,765.85375,760.2183352843376
14,22.69099999,22.527748946574224,986.8559973600001,976.4079203837596,2.782,2.641284984219281,698.63125,729.96787949568
15,23.01499995,22.629098344667973,986.15299988,975.6555848159998,2.676,2.7661924788153995,591.86,637.7454204893867
16,23.00299997,22.484462982386727,985.75899724,975.1847556897596,2.728,2.882135491981431,457.5925,503.59632247125336
17,22.512000060000002,22.287475105644543,985.73799988,974.9716074877598,2.9010000000000002,2.7805817394294325,283.89875,339.04869564529776
18,21.52399993,18.921843903406252,986.08599856,975.3215320901597,2.431,2.3933494183790747,119.19,175.5646860811378
19,20.11100003,18.494566202375005,986.71899964,975.7617031263196,2.162,2.323929353027665,28.13,49.64128218965336
20,18.82300006,17.985356944195317,987.4619977199999,976.3958403172796,1.815,2.16488694124856,1.84375,3.208728888320004
21,17.907999959999998,17.686552772796883,988.14200192,976.9982354933596,1.4569999999999999,1.8369278361602142,0.0,0.0
22,17.028,16.576481238144535,988.55699952,977.3300050038396,1.297,1.6511917341775675,0.0,0.0
23,16.19699995,13.511788221738286,988.7349982,977.4803239413596,1.225,1.648667877331301,0.0,0.0
