session_id,device_id,timestamp_utc,temperature_c,ambient_c,dc_voltage_v,dc_current_a,battery_voltage_v,battery_current_a,soc_percent,bms_dissipation_kw,preconditioning_request,time_s,dc_power_w,segment_index,segment_id,split
BEV1_2024-12-07_fast_1,BEV1,2024-12-07 16:53:42+00:00,38.5,6.0,388.08844514,0.1904297199999999,347.14,4.79349999999995,19.700000000000003,0.0,0.0,0.0,73.90357394324552,1,BEV1_2024-12-07_fast_1__segment_1,test
BEV1_2024-12-07_fast_1,BEV1,2024-12-07 16:53:43+00:00,38.5,6.0,349.70953233999995,12.48047088,347.94480000000004,-12.401500000000048,19.700000000000003,0.0,0.0,1.0,4364.539634827788,1,BEV1_2024-12-07_fast_1__segment_1,test
BEV1_2024-12-07_fast_1,BEV1,2024-12-07 16:53:44+00:00,38.75,6.0,350.43463011999995,30.05859888,348.546,-23.81450000000005,19.700000000000003,0.0,0.0,2.0,10533.573980438245,1,BEV1_2024-12-07_fast_1__segment_1,test
BEV1_2024-12-07_fast_1,BEV1,2024-12-07 16:53:45+00:00,38.75,6.0,350.99127084,38.92090508,348.825,-27.37050000000004,19.700000000000003,0.02,0.0,3.0,13660.897936272211,1,BEV1_2024-12-07_fast_1__segment_1,test
BEV1_2024-12-07_fast_1,BEV1,2024-12-07 16:53:46+00:00,38.75,6.0,351.1231068,43.08106203999999,348.9346,-29.727000000000043,19.700000000000003,0.02,0.0,4.0,15126.756347728344,1,BEV1_2024-12-07_fast_1__segment_1,test
BEV1_2024-12-07_fast_1,BEV1,2024-12-07 16:53:47+00:00,38.75,6.0,351.1231068,46.18653131999999,349.0965,-31.415500000000044,19.700000000000003,0.02,0.0,5.0,16217.158369393905,1,BEV1_2024-12-07_fast_1__segment_1,test
BEV1_2024-12-07_fast_1,BEV1,2024-12-07 16:53:48+00:00,38.75,6.5,351.37945449999995,49.68750848,349.2964,-34.16650000000005,19.700000000000003,0.02,0.0,6.0,17459.16962516652,1,BEV1_2024-12-07_fast_1__segment_1,test
BEV1_2024-12-07_fast_1,BEV1,2024-12-07 16:53:49+00:00,38.75,6.0,352.0020132,53.58399351999999,349.5301,-37.61250000000005,19.700000000000003,0.02,0.0,7.0,18861.673594335753,1,BEV1_2024-12-07_fast_1__segment_1,test
BEV1_2024-12-07_fast_1,BEV1,2024-12-07 16:53:50+00:00,38.75,6.5,352.0239858599999,57.8979591,349.7665,-41.57650000000004,19.700000000000003,0.02,0.0,8.0,20381.470335541253,1,BEV1_2024-12-07_fast_1__segment_1,test
BEV1_2024-12-07_fast_1,BEV1,2024-12-07 16:53:51+00:00,38.75,6.0,352.58062658,63.42042098,350.0771,-47.18100000000004,19.73,0.02,0.0,9.0,22360.81176709578,1,BEV1_2024-12-07_fast_1__segment_1,test
BEV1_2024-12-07_fast_1,BEV1,2024-12-07 16:53:52+00:00,38.75,6.5,352.88824382,70.39307842,350.4917,-54.65650000000005,19.8,0.04,0.0,10.0,24840.88982071734,1,BEV1_2024-12-07_fast_1__segment_1,test
BEV1_2024-12-07_fast_1,BEV1,2024-12-07 16:53:53+00:00,38.75,6.0,353.4302361,79.59229873999999,351.0733,-64.34950000000005,19.8,0.04,0.0,11.0,28130.32493541993,1,BEV1_2024-12-07_fast_1__segment_1,test
BEV1_2024-12-07_fast_1,BEV1,2024-12-07 16:53:54+00:00,38.75,6.5,354.14068544,89.60450748,351.7104,-74.20950000000005,19.8,0.04,0.0,12.0,31732.601697480808,1,BEV1_2024-12-07_fast_1__segment_1,test
BEV1_2024-12-07_fast_1,BEV1,2024-12-07 16:53:55+00:00,38.75,6.5,354.9243769799999,101.06691177999998,352.4167,-86.65400000000005,19.8,0.04,0.0,13.0,35871.11069680911,1,BEV1_2024-12-07_fast_1__segment_1,test
BEV1_2024-12-07_fast_1,BEV1,2024-12-07 16:53:56+00:00,38.75,6.0,355.71539274,114.33839842,353.12550000000005,-99.41650000000006,19.8,0.04,0.0,14.0,40671.9282992329,1,BEV1_2024-12-07_fast_1__segment_1,test
BEV1_2024-12-07_fast_1,BEV1,2024-12-07 16:53:57+00:00,38.75,6.0,356.55035381999994,127.85890854,353.93190000000004,-113.64550000000004,19.8,0.04,0.0,15.0,45588.13907897601,1,BEV1_2024-12-07_fast_1__segment_1,test
BEV1_2024-12-07_fast_1,BEV1,2024-12-07 16:53:58+00:00,38.75,6.0,357.67095948,142.37551258,354.7373,-128.02650000000006,19.82,0.04,0.0,16.0,50923.58619094541,1,BEV1_2024-12-07_fast_1__segment_1,test
BEV1_2024-12-07_fast_1,BEV1,2024-12-07 16:53:59+00:00,38.75,6.0,358.60113542,157.53664798,355.5643,-143.50350000000003,19.9,0.04,0.0,17.0,56492.82083588885,1,BEV1_2024-12-07_fast_1__segment_1,test
BEV1_2024-12-07_fast_1,BEV1,2024-12-07 16:54:00+00:00,38.75,6.0,359.6558231,173.67190463999998,356.4522,-159.87300000000005,19.9,0.06,0.0,18.0,62462.1118126439,1,BEV1_2024-12-07_fast_1__segment_1,test
BEV1_2024-12-07_fast_1,BEV1,2024-12-07 16:54:01+00:00,38.75,6.0,360.82037408,190.45169266,357.4229,-177.04300000000003,19.9,0.08,0.0,19.0,68718.8509897504,1,BEV1_2024-12-07_fast_1__segment_1,test
BEV1_2024-12-07_fast_1,BEV1,2024-12-07 16:54:02+00:00,38.75,6.0,361.97027662,207.73685186,358.376,-194.438,19.95,0.1,0.0,20.0,75194.56573193216,1,BEV1_2024-12-07_fast_1__segment_1,test
BEV1_2024-12-07_fast_1,BEV1,2024-12-07 16:54:03+00:00,38.75,6.5,363.19342136,225.98148388,359.4614,-212.77700000000004,20.0,0.12,0.0,21.0,82074.98829438689,1,BEV1_2024-12-07_fast_1__segment_1,test
BEV1_2024-12-07_fast_1,BEV1,2024-12-07 16:54:04+00:00,38.75,6.0,364.35797234,244.3726003,360.5304,-230.66150000000005,20.0,0.16,0.0,22.0,89039.10514076127,1,BEV1_2024-12-07_fast_1__segment_1,test
BEV1_2024-12-07_fast_1,BEV1,2024-12-07 16:54:05+00:00,38.75,6.0,365.65435928,262.37553306,361.598,-249.1205,20.08,0.2,0.0,23.0,95938.75743180276,1,BEV1_2024-12-07_fast_1__segment_1,test
BEV1_2024-12-07_fast_1,BEV1,2024-12-07 16:54:06+00:00,38.75,6.5,366.7969376,280.95707919999995,362.6371,-268.17100000000005,20.1,0.26,0.0,24.0,103054.19624760064,1,BEV1_2024-12-07_fast_1__segment_1,test
BEV1_2024-12-07_fast_1,BEV1,2024-12-07 16:54:07+00:00,38.75,6.5,368.24713316,300.30034422,363.7387000000001,-287.85,20.140000000000004,0.32,0.0,25.0,110584.74084597616,1,BEV1_2024-12-07_fast_1__segment_1,test
BEV1_2024-12-07_fast_1,BEV1,2024-12-07 16:54:08+00:00,38.75,6.0,369.44098102,319.75347254,364.8521,-307.0835000000001,20.200000000000003,0.4,0.0,26.0,118130.03657972925,1,BEV1_2024-12-07_fast_1__segment_1,test
BEV1_2024-12-07_fast_1,BEV1,2024-12-07 16:54:09+00:00,38.75,6.0,370.78131328,338.9649016,365.9956,-326.1005,20.250000000000004,0.5,0.0,27.0,125681.85137107398,1,BEV1_2024-12-07_fast_1__segment_1,test
BEV1_2024-12-07_fast_1,BEV1,2024-12-07 16:54:10+00:00,38.75,6.0,372.01910646,357.15093986,367.1538,-344.13300000000004,20.3,0.6,0.0,28.0,132866.9735180664,1,BEV1_2024-12-07_fast_1__segment_1,test
BEV1_2024-12-07_fast_1,BEV1,2024-12-07 16:54:11+00:00,39.0,6.0,373.38141138,375.99615792,368.2535,-363.5850000000001,20.37,0.72,0.0,29.0,140389.97611762694,1,BEV1_2024-12-07_fast_1__segment_1,test
BEV1_2024-12-07_fast_1,BEV1,2024-12-07 16:54:12+00:00,39.0,6.0,374.66314987999993,395.06110258,369.3191000000001,-382.0785000000001,20.410000000000004,0.86,0.0,30.0,148014.83708768856,1,BEV1_2024-12-07_fast_1__segment_1,test
BEV1_2024-12-07_fast_1,BEV1,2024-12-07 16:54:13+00:00,39.0,6.0,375.9155915,413.05671112,370.3807,-400.1880000000001,20.5,1.0,0.0,31.0,155274.4578837194,1,BEV1_2024-12-07_fast_1__segment_1,test
BEV1_2024-12-07_fast_1,BEV1,2024-12-07 16:54:14+00:00,39.0,6.5,377.07281826,431.2061282799999,371.4781,-418.8030000000001,20.56,1.16,0.0,32.0,162596.11004152265,1,BEV1_2024-12-07_fast_1__segment_1,test
BEV1_2024-12-07_fast_1,BEV1,2024-12-07 16:54:15+00:00,39.0,6.0,378.42047474,450.38826046,372.5495,-438.48200000000014,20.62727272727273,1.34,0.0,33.0,170436.13934059598,1,BEV1_2024-12-07_fast_1__segment_1,test
BEV1_2024-12-07_fast_1,BEV1,2024-12-07 16:54:16+00:00,39.0,6.0,379.58502572,466.9556460999999,373.3283,-451.5480000000001,20.700000000000003,1.54,0.0,34.0,177249.37093496768,1,BEV1_2024-12-07_fast_1__segment_1,test
BEV1_2024-12-07_fast_1,BEV1,2024-12-07 16:54:17+00:00,39.0,6.5,379.9072914,468.72810734,373.5786,-451.3500000000001,20.790909090909093,1.74,0.0,35.0,178073.22566258788,1,BEV1_2024-12-07_fast_1__segment_1,test
BEV1_2024-12-07_fast_1,BEV1,2024-12-07 16:54:18+00:00,39.0,6.5,379.97320938,468.6475409199999,373.792,-451.3275000000001,20.87,1.94,0.0,36.0,178073.51019141727,1,BEV1_2024-12-07_fast_1__segment_1,test
BEV1_2024-12-07_fast_1,BEV1,2024-12-07 16:54:19+00:00,39.0,6.0,380.5005532199999,468.72078312,374.0683,-451.0185000000001,20.922222222222224,2.14,0.0,37.0,178348.51728287162,1,BEV1_2024-12-07_fast_1__segment_1,test
BEV1_2024-12-07_fast_1,BEV1,2024-12-07 16:54:20+00:00,39.0,6.0,380.7861978,468.59627138,374.2971,-450.7950000000001,21.0,2.32,0.0,38.0,178434.99248204718,1,BEV1_2024-12-07_fast_1__segment_1,test
BEV1_2024-12-07_fast_1,BEV1,2024-12-07 16:54:21+00:00,39.0,6.5,380.7861978,468.66951358,374.5098,-451.10100000000006,21.1,2.5,0.0,39.0,178462.8821009037,1,BEV1_2024-12-07_fast_1__segment_1,test
BEV1_2024-12-07_fast_1,BEV1,2024-12-07 16:54:22+00:00,39.0,6.0,380.87408844,468.73543156,374.6408,-451.2020000000001,21.16666666666667,2.7,0.0,40.0,178529.180214945,1,BEV1_2024-12-07_fast_1__segment_1,test
BEV1_2024-12-07_fast_1,BEV1,2024-12-07 16:54:23+00:00,39.0,6.5,381.225651,468.47908386,374.7842,-450.72850000000005,21.22,2.86,0.0,41.0,178596.2437244121,1,BEV1_2024-12-07_fast_1__segment_1,test
BEV1_2024-12-07_fast_1,BEV1,2024-12-07 16:54:24+00:00,39.0,6.0,381.5186198,468.48640807999993,374.9418,-450.8225000000001,21.3,3.04,0.0,42.0,178736.28780574116,1,BEV1_2024-12-07_fast_1__segment_1,test
BEV1_2024-12-07_fast_1,BEV1,2024-12-07 16:54:25+00:00,39.0,6.5,381.5186198,468.23006038,375.1111,-450.3170000000001,21.390000000000004,3.22,0.0,43.0,178638.48638504828,1,BEV1_2024-12-07_fast_1__segment_1,test
BEV1_2024-12-07_fast_1,BEV1,2024-12-07 16:54:26+00:00,39.0,6.0,381.5186198,468.14216974,375.3495,-449.5590000000001,21.46,3.38,0.0,44.0,178604.95446938212,1,BEV1_2024-12-07_fast_1__segment_1,test
BEV1_2024-12-07_fast_1,BEV1,2024-12-07 16:54:27+00:00,39.25,6.5,381.60651044,468.29597836,375.487,-449.7430000000001,21.52,3.54,0.0,45.0,178704.79415504535,1,BEV1_2024-12-07_fast_1__segment_1,test
BEV1_2024-12-07_fast_1,BEV1,2024-12-07 16:54:28+00:00,39.25,6.0,381.79694016,468.0176579999999,375.6093,-449.2890000000001,21.6,3.7,0.0,46.0,178687.70976524934,1,BEV1_2024-12-07_fast_1__segment_1,test
BEV1_2024-12-07_fast_1,BEV1,2024-12-07 16:54:29+00:00,39.25,6.5,382.23639336,468.25935726,375.7415,-449.58400000000006,21.690000000000005,3.86,0.0,47.0,178985.76787613414,1,BEV1_2024-12-07_fast_1__segment_1,test
BEV1_2024-12-07_fast_1,BEV1,2024-12-07 16:54:30+00:00,39.25,6.5,382.324284,467.47566572,375.8865,-448.65600000000006,21.76,4.0200000000000005,0.0,48.0,178727.29918382232,1,BEV1_2024-12-07_fast_1__segment_1,test
BEV1_2024-12-07_fast_1,BEV1,2024-12-07 16:54:31+00:00,39.25,6.5,382.324284,466.10603658,375.9019,-447.2360000000001,21.82,4.16,0.0,49.0,178203.6567035263,1,BEV1_2024-12-07_fast_1__segment_1,test
BEV1_2024-12-07_fast_1,BEV1,2024-12-07 16:54:32+00:00,39.25,6.5,382.324284,465.07332156,375.92730000000006,-446.24750000000006,21.9,4.3,0.0,50.0,177808.82467292875,1,BEV1_2024-12-07_fast_1__segment_1,test
BEV1_2024-12-07_fast_1,BEV1,2024-12-07 16:54:33+00:00,39.25,6.5,382.324284,463.78425884,375.9779,-444.47100000000006,22.0,4.44,0.0,51.0,177315.98469147366,1,BEV1_2024-12-07_fast_1__segment_1,test
BEV1_2024-12-07_fast_1,BEV1,2024-12-07 16:54:34+00:00,39.25,6.5,382.324284,462.23884842,375.9715,-442.0060000000001,22.06363636363637,4.5600000000000005,0.0,52.0,176725.13675916102,1,BEV1_2024-12-07_fast_1__segment_1,test
BEV1_2024-12-07_fast_1,BEV1,2024-12-07 16:54:35+00:00,39.5,6.5,382.324284,460.31990278,376.0371,-440.1710000000001,22.130000000000003,4.7,0.0,53.0,175991.4772413131,1,BEV1_2024-12-07_fast_1__segment_1,test
BEV1_2024-12-07_fast_1,BEV1,2024-12-07 16:54:36+00:00,39.5,6.5,382.324284,458.4229297999999,376.0567,-438.0075000000001,22.200000000000003,4.82,0.0,54.0,175266.21840496722,1,BEV1_2024-12-07_fast_1__segment_1,test
BEV1_2024-12-07_fast_1,BEV1,2024-12-07 16:54:37+00:00,39.5,6.5,382.324284,456.62117168,376.0707,-436.25350000000014,22.281818181818185,4.94,0.0,55.0,174577.36252179707,1,BEV1_2024-12-07_fast_1__segment_1,test
BEV1_2024-12-07_fast_1,BEV1,2024-12-07 16:54:38+00:00,39.5,6.5,382.324284,455.03914016,376.0265,-434.19000000000005,22.35555555555556,5.04,0.0,56.0,173972.51345364764,1,BEV1_2024-12-07_fast_1__segment_1,test
BEV1_2024-12-07_fast_1,BEV1,2024-12-07 16:54:39+00:00,39.5,6.5,382.324284,452.49763582,375.9759,-431.5730000000001,22.41818181818182,5.14,0.0,57.0,173000.83462657424,1,BEV1_2024-12-07_fast_1__segment_1,test
BEV1_2024-12-07_fast_1,BEV1,2024-12-07 16:54:40+00:00,39.5,6.5,382.324284,450.46150266,375.9363,-428.9725000000001,22.5,5.24,0.0,58.0,172222.3714740486,1,BEV1_2024-12-07_fast_1__segment_1,test
BEV1_2024-12-07_fast_1,BEV1,2024-12-07 16:54:41+00:00,39.75,6.5,382.324284,448.3374788599999,375.9554,-426.73500000000007,22.58,5.34,0.0,59.0,171410.3055955146,1,BEV1_2024-12-07_fast_1__segment_1,test
BEV1_2024-12-07_fast_1,BEV1,2024-12-07 16:54:42+00:00,39.75,6.5,382.324284,446.14021286,376.0199,-424.3925000000001,22.633333333333336,5.44,0.0,60.0,170570.23744530708,1,BEV1_2024-12-07_fast_1__segment_1,test
