split,power_band,model,windows,sessions,mae_60_c,rmse_60_c,session_macro_mae_60_c,session_macro_rmse_60_c,trajectory_mae_c,trajectory_rmse_c,p95_absolute_60_c,window_peak_mae_c
test,idle_or_low_flow,persistence,8,1,0.59375,0.6312190586476298,0.59375,0.6312190586476298,0.34375,0.44487826050130463,0.75,0.1875
test,idle_or_low_flow,effective_RC,8,1,0.44468789999739844,0.530190643352714,0.44468789999739844,0.530190643352714,0.27206409178157465,0.3477068564652769,0.9257246847388676,0.2167092697664792
test,idle_or_low_flow,RC_plus_MLP,8,1,0.6013983142807531,0.7046677408371939,0.6013983142807531,0.7046677408371939,0.4877926220528817,0.5948306784486523,1.0154635667726186,0.4488704271690436
test,low,persistence,223,5,0.9809417040358744,1.3957615212547043,0.6112636198547217,0.7165240181335661,0.577727952167414,0.9132801965929127,2.75,0.8856502242152466
test,low,effective_RC,223,5,1.0265941734252753,1.4173791375426619,0.6362938487313496,0.7198298750519163,0.6141027316676388,0.9285859124654403,2.679428554872929,0.8985746740850327
test,low,RC_plus_MLP,223,5,0.44315092409813067,0.5371226070736871,0.4545695794353909,0.510297898503604,0.2586914737102951,0.35163508618407846,0.9442617523077842,0.29998229715313096
test,mid,persistence,281,5,0.6005338078291815,0.862293350353612,0.5514994387817012,0.7196451896123535,0.36195136417556345,0.5849093267523997,2.25,0.5311387900355872
test,mid,effective_RC,281,5,0.5099673833765171,0.8158868282510617,0.5744859030241802,0.749422275362601,0.32573411990140944,0.5549079070969232,2.1253857848677384,0.4320149863968408
test,mid,RC_plus_MLP,281,5,0.47022689249789296,0.6123610263949666,0.4250357088639106,0.5324473977982784,0.30533063623547596,0.4429738425435034,1.1177066111118137,0.4146114727553769
test,high,persistence,241,5,1.462655601659751,1.8924670499825644,1.8291909091142364,1.9778067551312304,0.8651452282157677,1.2445246611009844,3.5,1.4481327800829875
test,high,effective_RC,241,5,1.0528940813625522,1.3860523858986211,1.383085811300711,1.4462710227451823,0.6256903871729889,0.9123079990426591,3.0042259164347627,1.0383712597857888
test,high,RC_plus_MLP,241,5,0.744730033984255,0.9204540551629832,0.7975944021951723,0.9592722484731043,0.354060752468955,0.5306829955190121,1.7325780602775325,0.4758398076288395
train,low,persistence,749,12,0.19959946595460615,0.2511655074836764,0.20504803706316133,0.24759078730863382,0.11598798397863819,0.18012784116656946,0.5,0.05640854472630174
train,low,effective_RC,749,12,0.13751863953461382,0.1899913955129829,0.16381438446832935,0.19647146803722168,0.10684997966115437,0.1451775011555055,0.3886502779933849,0.08576488477077679
train,low,RC_plus_MLP,749,12,0.13516357504851828,0.1679464848319809,0.1498471108383352,0.1751245054752277,0.10650550326947861,0.13461178187084769,0.30926888465908897,0.06688437040557543
train,mid,persistence,814,13,0.4821867321867322,0.8317450055754794,0.3860029357686241,0.47191244205234045,0.28757166257166256,0.5516661903593382,2.25,0.4272113022113022
train,mid,effective_RC,814,13,0.470215672802363,0.7206379280365826,0.42418188058829637,0.49136119435028935,0.289689672051221,0.4808416840529745,1.9526026992456433,0.4123570366258888
train,mid,RC_plus_MLP,814,13,0.19373407714784163,0.27358238896658127,0.18844938530194832,0.24561676752054196,0.13461583452395037,0.19933374549018734,0.4865513447887363,0.14634534502506327
train,high,persistence,754,12,1.1976127320954908,1.5398120730008422,1.2821152451298916,1.5128143777470484,0.7188881520778072,1.0225613093109551,3.0,1.1070954907161803
train,high,effective_RC,754,12,0.911364488524392,1.170704160443706,0.9549713695236074,1.106603824270541,0.5442296439830514,0.7788036354730811,2.2367479694596692,0.7977641288995545
train,high,RC_plus_MLP,754,12,0.3833223202014983,0.5966813441913673,0.4339491557732376,0.5930653517062032,0.24347884034448197,0.4130512716063459,1.2802504694068146,0.2805524274785668
validation,low,persistence,482,3,0.23443983402489627,0.29518964998891967,0.24740588397727772,0.3048311118526942,0.13753457814661135,0.206806298477351,0.5,0.0845435684647303
validation,low,effective_RC,482,3,0.21927185807676852,0.26396282945777433,0.19901321646431183,0.2312485223651075,0.14536993352368002,0.18782100777040162,0.45740429035928326,0.1139823081499872
validation,low,RC_plus_MLP,482,3,0.16746692412006672,0.2653095112061716,0.1501568352771341,0.20810302372483816,0.12142060330013815,0.17515716931334838,0.3471206307065571,0.11671715119769303
validation,mid,persistence,166,3,0.3870481927710843,0.6077437039069629,0.5922539615428657,0.7106389632509158,0.22941767068273092,0.416013544342375,1.25,0.2740963855421687
validation,mid,effective_RC,166,3,0.30303733292463747,0.5593109904514132,0.42677552613087677,0.557985327851973,0.19459696878946686,0.38457553754016727,0.9503207232919815,0.19306189149382305
validation,mid,RC_plus_MLP,166,3,0.31412669760248585,0.4343409250999228,0.3438288042623596,0.4434922203956361,0.2073183556756129,0.3344833581446216,0.7806129073649828,0.18559774890871836
validation,high,persistence,275,4,1.769090909090909,2.1673192490430955,1.6890115502137855,1.9540683622197268,1.0536363636363637,1.4233975572764646,3.5,1.7454545454545454
validation,high,effective_RC,275,4,1.3236001484948143,1.6347749083458838,1.221091592627016,1.415709076149744,0.7927326406663162,1.0768052685116871,2.6803930606064696,1.2714087180799474
validation,high,RC_plus_MLP,275,4,0.45698246917718804,0.5630398171423474,0.41125282809101243,0.49821272691215185,0.24616585902898727,0.35761036241607114,1.0534006751915295,0.37392621973774204
