split,historical_phase,model,windows,sessions,mae_60_c,rmse_60_c,session_macro_mae_60_c,session_macro_rmse_60_c,trajectory_mae_c,trajectory_rmse_c,p95_absolute_60_c,window_peak_mae_c
test,cooling,persistence,32,4,0.5546875,0.7139787286747414,0.43601190476190477,0.5080835827111283,0.3359375,0.5064685742143008,1.4749999999999996,0.2578125
test,cooling,effective_RC,32,4,0.4711970144304902,0.6265305723737766,0.4353541463975037,0.4812568796644588,0.29378483863486243,0.4570313004757993,1.1573377025095097,0.29438538691176785
test,cooling,RC_plus_MLP,32,4,0.33066251161989935,0.4488415134757197,0.36279867060055815,0.4179253590668155,0.21868006470326484,0.3380672294071822,1.014402751796924,0.21031243972875813
test,stable,persistence,295,7,0.25169491525423726,0.3831736341377171,0.24256436874785106,0.33747118112003754,0.15296610169491526,0.2776388541492947,0.5,0.15593220338983052
test,stable,effective_RC,295,7,0.32904350888791883,0.4654708576408479,0.45458245466471053,0.5345292567908397,0.21316428383525007,0.326111595293214,0.8824087470376953,0.2191535510787767
test,stable,RC_plus_MLP,295,7,0.4984458251604522,0.5882907889413648,0.4955026562001846,0.5606211988775234,0.27981218998503493,0.39047825790281315,0.9452648710510936,0.26564024454637813
test,warming,persistence,426,6,1.5322769953051643,1.8449668241352266,1.6034555444632517,1.8004484506862262,0.9059076682316118,1.212262915852745,3.25,1.5093896713615023
test,warming,effective_RC,426,6,1.2145309216602822,1.5502683844223277,1.2365292906333865,1.37205362500097,0.7257265594587042,1.0189620751765418,2.853709853487266,1.1729785946374784
test,warming,RC_plus_MLP,426,6,0.6047530957184796,0.7951155368368524,0.6962052797023643,0.8295176473121234,0.33609091930731455,0.49594125356331836,1.5060233124665867,0.5083952181990845
train,cooling,persistence,131,10,0.3320610687022901,0.4224158075922548,0.3299859055673009,0.3996726899550178,0.19561068702290077,0.3265450648674896,0.75,0.1297709923664122
train,cooling,effective_RC,131,10,0.46208605862611746,0.6505211472208675,0.5263515473072861,0.6325945973969096,0.3131081760217383,0.47904588044883356,1.2194429807524259,0.3545356667066088
train,cooling,RC_plus_MLP,131,10,0.2030236167583622,0.29690505448362486,0.2227842273507236,0.2778857418931936,0.1551625996470908,0.2278397542490895,0.7019469064549071,0.1239070422635883
train,stable,persistence,1317,13,0.20387243735763097,0.3156870512878177,0.22296821555027468,0.31948760963161243,0.12341812199443179,0.2296687225019375,0.5,0.08542141230068337
train,stable,effective_RC,1317,13,0.29131971909772464,0.45948961262460214,0.2867876553182128,0.41840342742461856,0.18957079975015614,0.316796442154259,1.142286703600329,0.21439173900153063
train,stable,RC_plus_MLP,1317,13,0.1729806291547066,0.2549966904658867,0.19078685872430057,0.2652059061717479,0.12444291687461166,0.19442596454757466,0.4201274005009773,0.09922813484372746
train,warming,persistence,869,14,1.3037974683544304,1.606767907016929,1.285268357809523,1.5223759585003536,0.7765630993479095,1.0603210751978056,3.0,1.2603567318757192
train,warming,effective_RC,869,14,0.838578250043977,1.1502039035496174,0.8150470845393244,1.011923998971081,0.5011568067310885,0.7578367271242608,2.359896187272454,0.7740075800845428
train,warming,RC_plus_MLP,869,14,0.33780265080497013,0.5399078490513499,0.3454043151984239,0.49898937730458776,0.21716379147691833,0.3684503446425777,0.9808032502108549,0.26909408340310437
validation,cooling,persistence,122,3,0.3155737704918033,0.4258549741595059,0.3208966565349544,0.40576121106565904,0.18237704918032788,0.3176824375812125,0.5,0.0430327868852459
validation,cooling,effective_RC,122,3,0.2121071539838589,0.43115283040603763,0.2077085087589395,0.36839957991108113,0.1567768382579264,0.32927574685410094,0.8005802645214988,0.11110049848999759
validation,cooling,RC_plus_MLP,122,3,0.18185663571695357,0.30861764606427333,0.17968798239833728,0.2828345396912017,0.14462892164134258,0.24184504244048488,0.5857923026526464,0.09393884028685195
validation,stable,persistence,511,3,0.22211350293542073,0.3451509213557457,0.22133414491125628,0.34848407406987586,0.13372472276581865,0.23993095332070621,0.5,0.10567514677103718
validation,stable,effective_RC,511,3,0.2637185240834476,0.3743262266603058,0.2626155055428562,0.36412527814558765,0.1674786220216255,0.2566104865391267,0.47574363893552984,0.14661658424832943
validation,stable,RC_plus_MLP,511,3,0.21169055519784738,0.32192358946151534,0.20641056606679856,0.31630915654206504,0.13808535624341836,0.218839056124402,0.48658181161236413,0.1256183883403208
validation,warming,persistence,290,4,1.764655172413793,2.127052761046576,1.6794871029128153,1.9459244949169494,1.0466954022988506,1.3955362953804311,3.5,1.7482758620689656
validation,warming,effective_RC,290,4,1.2391242589720473,1.582411697021689,1.1442919205569937,1.3957305977905667,0.7436707960006363,1.039799863498875,2.675848517326119,1.2005165814537169
validation,warming,RC_plus_MLP,290,4,0.4419789137518731,0.5503771554964774,0.4204033011209491,0.5198115669608285,0.2497546330522733,0.35680772753822565,0.9994526880930189,0.39394851264522246
