split,model,windows,sessions,mae_60_c,rmse_60_c,session_macro_mae_60_c,session_macro_rmse_60_c,trajectory_mae_c,trajectory_rmse_c,p95_absolute_60_c,window_peak_mae_c
test,persistence,753,7,0.9890438247011952,1.4159438824873158,0.9957822812130575,1.2749663351426774,0.5867087206728641,0.9340750112301969,3.0,0.9259628154050464
test,effective_RC,753,7,0.8360375992177849,1.208808077573324,0.8105033629148248,0.9914540766761188,0.5065658604211453,0.7987089783394143,2.646172082305579,0.7619648223970538
test,RC_plus_MLP,753,7,0.5514575532141335,0.7083855326944284,0.5525932920421687,0.6616367541871159,0.3090532400278961,0.4513736872401242,1.281111121400461,0.40062447963520825
train,persistence,2317,14,0.623651273198101,1.0173558609342643,0.6966569628180072,1.0046270968315163,0.3724643936124299,0.676518257666716,2.75,0.528593008200259
train,effective_RC,2317,14,0.5062260867587143,0.8000743120476216,0.5237537502100829,0.7476006522871758,0.31341699584769933,0.5342469452941632,1.9618139647433677,0.43220141549290003
train,RC_plus_MLP,2317,14,0.23649636855486106,0.3889372304250437,0.23754969331239661,0.3627235362388107,0.16095509575790876,0.2744764054847232,0.6376342035799509,0.1643323412183931
validation,persistence,923,4,0.7191224268689057,1.2294078501342958,0.8029090271068249,1.1947195325719833,0.42700433369447455,0.8106218047676441,3.25,0.6134886240520043
validation,effective_RC,923,4,0.5633621600157813,0.9428111226117142,0.5839375238675443,0.8731185591080712,0.34709954600292764,0.6248897156610047,2.38444391654635,0.4730499934867323
validation,RC_plus_MLP,923,4,0.28010213245028337,0.4063720618940605,0.2824190710010042,0.3945595228218559,0.17403595781775713,0.2724793508144583,0.7898252099681357,0.20573846546480432
