split,session_id,model,windows,sessions,mae_60_c,rmse_60_c,session_macro_mae_60_c,session_macro_rmse_60_c,trajectory_mae_c,trajectory_rmse_c,p95_absolute_60_c,window_peak_mae_c
test,BEV1_2024-12-07_fast_1,persistence,53,1,1.278301886792453,1.5407208555468381,1.278301886792453,1.5407208555468381,0.7712264150943396,1.0239851549140138,2.75,1.2735849056603774
test,BEV1_2024-12-07_fast_1,effective_RC,53,1,0.524018500221228,0.6242899287901579,0.524018500221228,0.6242899287901579,0.32184239218649735,0.4150720106549064,1.0206880384151957,0.5193015190891525
test,BEV1_2024-12-07_fast_1,RC_plus_MLP,53,1,0.6007249251280857,0.6951367213620934,0.6007249251280857,0.6951367213620934,0.26732375090899807,0.3775999603783679,1.3205283127247298,0.33215211521868165
test,BEV1_2024-12-08_fast_1,persistence,222,1,0.5180180180180181,0.5946457799426509,0.5180180180180181,0.5946457799426509,0.3031156156156156,0.39451237625075214,1.0,0.4786036036036036
test,BEV1_2024-12-08_fast_1,effective_RC,222,1,0.31420251263200083,0.4126531038368891,0.31420251263200083,0.4126531038368891,0.20605855183485125,0.2802651548856793,0.8064730707337882,0.2806685735935319
test,BEV1_2024-12-08_fast_1,RC_plus_MLP,222,1,0.38957206854115983,0.4603453282199107,0.38957206854115983,0.4603453282199107,0.2909605839304071,0.3779335288160694,0.7974808016225047,0.4468164218660105
test,BEV2_2024-11-24_fast_1,persistence,40,1,0.2,0.23717082451262844,0.2,0.23717082451262844,0.125,0.17969882210706523,0.2624999999999993,0.0625
test,BEV2_2024-11-24_fast_1,effective_RC,40,1,0.10539338493019006,0.13218946732512293,0.10539338493019006,0.13218946732512293,0.10093633061057924,0.12734558197572898,0.2554164243636261,0.07691346568398334
test,BEV2_2024-11-24_fast_1,RC_plus_MLP,40,1,0.12925456780617442,0.1580717384496663,0.12925456780617442,0.1580717384496663,0.1149009117158656,0.14423070826635892,0.3389358153386606,0.08474122201312931
test,BEV2_2025-02-16_fast_1,persistence,87,1,0.7040229885057471,1.039797172971508,0.7040229885057471,1.039797172971508,0.42049808429118773,0.6961855568035836,2.5,0.6609195402298851
test,BEV2_2025-02-16_fast_1,effective_RC,87,1,0.7225961177005188,0.7750635813069622,0.7225961177005188,0.7750635813069622,0.4267156502953079,0.5120152420757044,1.1007777345860024,0.6794926694246567
test,BEV2_2025-02-16_fast_1,RC_plus_MLP,87,1,1.0026652840358419,1.1059652564760076,1.0026652840358419,1.1059652564760076,0.4066547547404344,0.5916570362664764,1.9051922756783999,0.3838163186888643
test,BEV2_2025-02-16_fast_2,persistence,124,1,0.8911290322580645,1.3611842566842893,0.8911290322580645,1.3611842566842893,0.5315860215053764,0.9008284717324775,3.2124999999999986,0.7883064516129032
test,BEV2_2025-02-16_fast_2,effective_RC,124,1,0.8812267812079045,1.2860621355958093,0.8812267812079045,1.2860621355958093,0.5337489446797876,0.8534892061198569,2.9398605561277096,0.7709717993887837
test,BEV2_2025-02-16_fast_2,RC_plus_MLP,124,1,0.6774793912032147,0.8286518983873642,0.6774793912032147,0.8286518983873642,0.3554511860062896,0.5114694250765905,1.229180202153928,0.4229150324829643
test,BEV2_2025-04-05_fast_1,persistence,109,1,1.8302752293577982,2.270674636039319,1.8302752293577982,2.270674636039319,1.0871559633027523,1.4988527722987082,4.149999999999999,1.6788990825688073
test,BEV2_2025-04-05_fast_1,effective_RC,109,1,1.469057929997551,1.796863553004988,1.469057929997551,1.796863553004988,0.8826053260294273,1.1952884591281163,3.127565936958444,1.3117593818593596
test,BEV2_2025-04-05_fast_1,RC_plus_MLP,109,1,0.6181436560856034,0.8555215889792523,0.6181436560856034,0.8555215889792523,0.3589294192899282,0.5731908433729767,2.018516947414176,0.4874693117320908
test,BEV2_2025-04-06_fast_1,persistence,118,1,1.548728813559322,1.8805708203015092,1.548728813559322,1.8805708203015092,0.9120762711864406,1.2278762497685842,3.0,1.548728813559322
test,BEV2_2025-04-06_fast_1,effective_RC,118,1,1.65702831371438,1.9130567668729028,1.65702831371438,1.9130567668729028,0.9753464671719058,1.2496897337661041,2.8684032365853316,1.5521477186551569
test,BEV2_2025-04-06_fast_1,RC_plus_MLP,118,1,0.4503131514951009,0.5277647474355162,0.4503131514951009,0.5277647474355162,0.2608595543376609,0.35189040768972496,0.908213856724689,0.3603020151807245
train,BEV1_2024-08-10_fast_1,persistence,123,1,0.9390243902439024,1.0640083745620668,0.9390243902439024,1.0640083745620668,0.5521680216802168,0.6978237561017436,1.75,0.9329268292682927
train,BEV1_2024-08-10_fast_1,effective_RC,123,1,0.6392141245300924,0.7390358567294198,0.6392141245300924,0.7390358567294198,0.3829192721568026,0.4882523891022312,1.283160815848376,0.6331812736527078
train,BEV1_2024-08-10_fast_1,RC_plus_MLP,123,1,0.17934646838349544,0.22085338777952235,0.17934646838349544,0.22085338777952235,0.13497963688647033,0.16753650038452478,0.40573626606904084,0.166830747292358
train,BEV1_2024-08-10_fast_2,persistence,154,1,0.5097402597402597,0.7723929758166558,0.5097402597402597,0.7723929758166558,0.30357142857142855,0.5150599931433197,1.8374999999999986,0.4366883116883117
train,BEV1_2024-08-10_fast_2,effective_RC,154,1,0.4443829753253333,0.5170209327281278,0.4443829753253333,0.5170209327281278,0.2597920085550573,0.3410554412908031,0.9738102315425023,0.37133102727338524
train,BEV1_2024-08-10_fast_2,RC_plus_MLP,154,1,0.2250261549492206,0.27212739931575536,0.2250261549492206,0.27212739931575536,0.14714422541001515,0.19597434520485463,0.4960807002353247,0.17054300011657117
train,BEV1_2024-09-01_fast_1,persistence,150,1,0.36,0.4472135954999579,0.36,0.4472135954999579,0.2127777777777778,0.3029943160449641,0.75,0.2683333333333333
train,BEV1_2024-09-01_fast_1,effective_RC,150,1,0.3800718429631985,0.435948909497152,0.3800718429631985,0.435948909497152,0.22760410544753049,0.2921545082237803,0.7509969261956716,0.2884051762965319
train,BEV1_2024-09-01_fast_1,RC_plus_MLP,150,1,0.1671438497116098,0.19707840374412494,0.1671438497116098,0.19707840374412494,0.13179415282172688,0.16008796048110305,0.37019729741911406,0.11513815728738198
train,BEV1_2024-09-03_fast_1,persistence,240,1,0.32083333333333336,0.7675040716504375,0.32083333333333336,0.7675040716504375,0.19444444444444445,0.5159773627678726,2.0,0.24270833333333333
train,BEV1_2024-09-03_fast_1,effective_RC,240,1,0.4921576546180107,0.6781682987491707,0.4921576546180107,0.6781682987491707,0.285738983462599,0.4413079181124378,1.3954653631323302,0.39613632054031384
train,BEV1_2024-09-03_fast_1,RC_plus_MLP,240,1,0.18842888955412698,0.24223333582176074,0.18842888955412698,0.24223333582176074,0.11488450170494122,0.16930104180710395,0.4943185811446975,0.09071851144546977
train,BEV1_2024-09-03_fast_2,persistence,48,1,1.5052083333333333,1.5151148196313924,1.5052083333333333,1.5151148196313924,0.8802083333333334,0.9879921417816147,1.75,1.5052083333333333
train,BEV1_2024-09-03_fast_2,effective_RC,48,1,0.49755798071451035,0.5188982298641025,0.49755798071451035,0.5188982298641025,0.29530792450119164,0.3449949199402766,0.7223416441019346,0.49755798071451035
train,BEV1_2024-09-03_fast_2,RC_plus_MLP,48,1,0.22529313773807372,0.27054117964246194,0.22529313773807372,0.27054117964246194,0.15111510900105085,0.20534450601701718,0.5280157605340525,0.22529313773807372
train,BEV2_2024-05-18_fast_1,persistence,140,1,1.1553571428571427,1.6452040689748577,1.1553571428571427,1.6452040689748577,0.6922619047619047,1.0861684513747878,3.0,1.1089285714285715
train,BEV2_2024-05-18_fast_1,effective_RC,140,1,1.0454876905518753,1.426008272590233,1.0454876905518753,1.426008272590233,0.6312987784661329,0.9447521139744063,2.5587151666994483,0.9713435121648144
train,BEV2_2024-05-18_fast_1,RC_plus_MLP,140,1,0.29694878953939885,0.4492376080679192,0.29694878953939885,0.4492376080679192,0.1974991244436885,0.32037049063866774,0.6492154276060182,0.2244684204756001
train,BEV2_2024-05-19_fast_1,persistence,184,1,0.36820652173913043,0.6622076877680676,0.36820652173913043,0.6622076877680676,0.21784420289855072,0.43988737853807697,1.75,0.2921195652173913
train,BEV2_2024-05-19_fast_1,effective_RC,184,1,0.7089379368467796,0.9493862683645408,0.7089379368467796,0.9493862683645408,0.41660602357126764,0.6185815475128997,1.5841134617327988,0.6421436882115983
train,BEV2_2024-05-19_fast_1,RC_plus_MLP,184,1,0.16016063202641423,0.2191679395069364,0.16016063202641423,0.2191679395069364,0.11899578009841569,0.17538497535519063,0.38350394264345483,0.12740613165878542
train,BEV2_2024-05-21_fast_1,persistence,175,1,0.48,0.7796519369931322,0.48,0.7796519369931322,0.2919047619047619,0.5372992426855598,2.25,0.31857142857142856
train,BEV2_2024-05-21_fast_1,effective_RC,175,1,0.29779073072914025,0.6324447351014353,0.29779073072914025,0.6324447351014353,0.21497014747790166,0.44458556972617563,1.8753570395051502,0.2355495105817617
train,BEV2_2024-05-21_fast_1,RC_plus_MLP,175,1,0.25146468548766154,0.49090913809069636,0.25146468548766154,0.49090913809069636,0.17941802693027226,0.3467231703276163,1.0005491710909304,0.16280237380471715
train,BEV2_2024-07-05_fast_1,persistence,128,1,0.41796875,0.7091753573693885,0.41796875,0.7091753573693885,0.2513020833333333,0.4792232756416018,2.0,0.361328125
train,BEV2_2024-07-05_fast_1,effective_RC,128,1,0.24057089209608473,0.28430374127184677,0.24057089209608473,0.28430374127184677,0.15483182142518492,0.20380613048495685,0.4779938877558222,0.18984272599123375
train,BEV2_2024-07-05_fast_1,RC_plus_MLP,128,1,0.23152542959520234,0.30918004781294206,0.23152542959520234,0.30918004781294206,0.1492501811491608,0.21705122790612208,0.7187354142168153,0.17166308489566334
train,BEV2_2024-08-19_fast_1,persistence,200,1,0.9725,1.5572411502397436,0.9725,1.5572411502397436,0.5775,1.0263202878893767,3.5,0.865
train,BEV2_2024-08-19_fast_1,effective_RC,200,1,0.6454123615498523,1.1149688945581886,0.6454123615498523,1.1149688945581886,0.40393682422193633,0.7407545560850548,2.5063508067903415,0.573292591501724
train,BEV2_2024-08-19_fast_1,RC_plus_MLP,200,1,0.2712643499995231,0.4863804952945226,0.2712643499995231,0.4863804952945226,0.18084901673219608,0.33534963881714275,0.6842379726327944,0.19192639471085252
train,BEV2_2024-08-22_fast_1,persistence,277,1,0.5712996389891697,0.9251061018277791,0.5712996389891697,0.9251061018277791,0.3407039711191336,0.6143037795537377,2.5,0.48014440433212996
train,BEV2_2024-08-22_fast_1,effective_RC,277,1,0.33729652008993954,0.5851161899272814,0.33729652008993954,0.5851161899272814,0.22673265380581353,0.39666447601848703,1.613473889315371,0.3001708786879304
train,BEV2_2024-08-22_fast_1,RC_plus_MLP,277,1,0.2285077167047574,0.35578164007960905,0.2285077167047574,0.35578164007960905,0.15874985218762286,0.25695525902526184,0.6756611969487308,0.17487270009457348
train,BEV2_2024-08-31_fast_1,persistence,108,1,1.0625,1.5098059109994533,1.0625,1.5098059109994533,0.6392746913580247,1.0002410974792126,2.75,0.9837962962962963
train,BEV2_2024-08-31_fast_1,effective_RC,108,1,0.7872899499786004,1.0945417152071573,0.7872899499786004,1.0945417152071573,0.4816447945823922,0.7348084784982637,2.0173514559610584,0.6761788388674893
train,BEV2_2024-08-31_fast_1,RC_plus_MLP,108,1,0.32350733699412,0.5684701070326519,0.32350733699412,0.5684701070326519,0.2192461338836743,0.3992154653859298,0.8414849012981678,0.21550809403438648
train,BEV2_2024-09-07_fast_1,persistence,189,1,0.49603174603174605,0.8110105395357666,0.49603174603174605,0.8110105395357666,0.3013668430335097,0.5487178417376911,2.3999999999999986,0.3862433862433862
train,BEV2_2024-09-07_fast_1,effective_RC,189,1,0.37473763770816076,0.6827404781253998,0.37473763770816076,0.6827404781253998,0.2527373157462919,0.46621298422503393,1.989007054256464,0.28101092039101716
train,BEV2_2024-09-07_fast_1,RC_plus_MLP,189,1,0.2520943496638473,0.40925774790133823,0.2520943496638473,0.40925774790133823,0.1760548750084753,0.2901144514926824,0.6760584004510634,0.15539495508514053
train,BEV2_2024-09-10_fast_1,persistence,201,1,0.5945273631840796,0.8991427647725283,0.5945273631840796,0.8991427647725283,0.35509950248756217,0.6080836739796018,2.5,0.376865671641791
train,BEV2_2024-09-10_fast_1,effective_RC,201,1,0.44164420523958187,0.8078266093064042,0.44164420523958187,0.8078266093064042,0.28027114750830734,0.5501406643683194,2.0377573171300654,0.301096191681724
train,BEV2_2024-09-10_fast_1,RC_plus_MLP,201,1,0.32498391602610155,0.5869110772531088,0.32498391602610155,0.5869110772531088,0.20861481173052956,0.3955236901880474,1.1144968916857891,0.1956012875980779
validation,BEV1_2024-11-17_fast_1,persistence,32,1,1.0703125,1.0816292687422988,1.0703125,1.0816292687422988,0.63671875,0.7164819287090685,1.25,1.0703125
validation,BEV1_2024-11-17_fast_1,effective_RC,32,1,0.6351166029729218,0.6560457018215153,0.6351166029729218,0.6560457018215153,0.38860726838822557,0.44393874459700733,0.9195275555239909,0.6351166029729218
validation,BEV1_2024-11-17_fast_1,RC_plus_MLP,32,1,0.28855814838071636,0.3569117707849632,0.28855814838071636,0.3569117707849632,0.25724221002656616,0.3537534737036033,0.7425332629849295,0.36768505120583705
validation,BEV2_2024-09-29_fast_1,persistence,342,1,0.6330409356725146,1.1661966471753558,0.6330409356725146,1.1661966471753558,0.3786549707602339,0.7717761343546807,3.25,0.5211988304093568
validation,BEV2_2024-09-29_fast_1,effective_RC,342,1,0.5057311974133247,0.8046071365845415,0.5057311974133247,0.8046071365845415,0.31204978509460796,0.5379903768841251,2.0348326007294966,0.38281765524771905
validation,BEV2_2024-09-29_fast_1,RC_plus_MLP,342,1,0.27168198938710053,0.4150464246602946,0.27168198938710053,0.4150464246602946,0.17334527344266548,0.2769975539538696,0.7574311758784645,0.1896961230900718
validation,BEV2_2024-10-01_fast_1,persistence,278,1,0.6079136690647482,1.0932263648906781,0.6079136690647482,1.0932263648906781,0.35956235011990406,0.7192695051947618,3.0374999999999943,0.5161870503597122
validation,BEV2_2024-10-01_fast_1,effective_RC,278,1,0.41156441661862525,0.8181505784573265,0.41156441661862525,0.8181505784573265,0.26282006587489515,0.5409282914015696,2.3939833503866,0.39717004001500633
validation,BEV2_2024-10-01_fast_1,RC_plus_MLP,278,1,0.2954245004328617,0.37788377632032677,0.2954245004328617,0.37788377632032677,0.15719822625059965,0.22180564894118368,0.7596303387785912,0.18249995383076845
validation,BEV2_2024-11-04_fast_1,persistence,271,1,0.9003690036900369,1.4378258494796003,0.9003690036900369,1.4378258494796003,0.5324415744157441,0.9460582105565056,3.25,0.775830258302583
validation,BEV2_2024-11-04_fast_1,effective_RC,271,1,0.7833378784653054,1.2136708195689017,0.7833378784653054,1.2136708195689017,0.47288724559668716,0.80079060936206,2.62625158201552,0.6456254740746449
validation,BEV2_2024-11-04_fast_1,RC_plus_MLP,271,1,0.2740116458033383,0.42839611952183876,0.2740116458033383,0.42839611952183876,0.18235515841284655,0.3013241093793753,0.9036194340902988,0.2306997074674147
