architecture,epoch,train_loss_scaled,validation_macro_rmse_60_c
"(16, 16)",1,0.5613377583204476,0.614361416659431
"(16, 16)",2,0.4419411238777044,0.5730128776954543
"(16, 16)",3,0.37996263554979876,0.49616522748925695
"(16, 16)",4,0.3314107683782193,0.43754786007833446
"(16, 16)",5,0.2902076013884971,0.4192147962527532
"(16, 16)",6,0.25748393399519726,0.4215662106317163
"(16, 16)",7,0.23236061026480564,0.42633331225375604
"(16, 16)",8,0.21370962202238655,0.42704413200819663
"(16, 16)",9,0.20030445014977702,0.4258943975562982
"(16, 16)",10,0.19075430368828858,0.4225804273365154
"(16, 16)",11,0.1838742130556159,0.4188918236152922
"(16, 16)",12,0.17880810655897056,0.41577435962716025
"(16, 16)",13,0.1750376424609554,0.41248394823682233
"(16, 16)",14,0.17204621751857754,0.40960767695537903
"(16, 16)",15,0.1696414250159675,0.4084489995041616
"(16, 16)",16,0.1676038594165637,0.40777526386284363
"(16, 16)",17,0.1658007723434311,0.40819858817293364
"(16, 16)",18,0.16423617514143649,0.4102097824464858
"(16, 16)",19,0.16285827927260543,0.41235055136798615
"(16, 16)",20,0.16160219274194662,0.41663007503187355
"(16, 16)",21,0.16048564053714573,0.41793676741701835
"(16, 16)",22,0.15936189169896522,0.42123537682666157
"(16, 16)",23,0.15832969809747519,0.42422618837322
"(16, 16)",24,0.15738628554195225,0.42831021141858705
"(16, 16)",25,0.15653432938763745,0.42881396928962023
"(16, 16)",26,0.15569849543740927,0.43138290830636117
"(16, 16)",27,0.15493088511265404,0.43564170851019374
"(16, 16)",28,0.15419551282697141,0.43554128770826095
"(16, 16)",29,0.15343471309506992,0.4382091316977245
"(16, 16)",30,0.1527237164813026,0.4414092696358411
"(16, 16)",31,0.15200115597046415,0.4432062503796066
"(16, 16)",32,0.15129799726663204,0.4455407403773245
"(16, 16)",33,0.15055448980950564,0.4475615380101326
"(16, 16)",34,0.14988705760377122,0.450536524874207
"(16, 16)",35,0.14921694526150206,0.45178552279618545
"(16, 16)",36,0.14858590376043534,0.4549100133537589
"(16, 16)",37,0.14795849824679932,0.45792962869029086
"(16, 16)",38,0.14735496944277807,0.45921680976181123
"(16, 16)",39,0.1467879159092921,0.4625239443414216
"(16, 16)",40,0.14616261011715637,0.4643901405389964
"(16, 16)",41,0.14556750838017368,0.4662024637760961
"(32, 32)",1,0.5950663462790887,0.9603970092719185
"(32, 32)",2,0.4223594230610811,0.8380440659866908
"(32, 32)",3,0.3237412711935759,0.6813362297122447
"(32, 32)",4,0.24750636142414273,0.5229432832135106
"(32, 32)",5,0.2063603359967443,0.45112817261675353
"(32, 32)",6,0.1868602656536797,0.42453704028546163
"(32, 32)",7,0.17795510011378293,0.41035695333950256
"(32, 32)",8,0.1725188066906807,0.40393489816131767
"(32, 32)",9,0.16860567685950448,0.3996795368364569
"(32, 32)",10,0.16544519989794326,0.39741979232488145
"(32, 32)",11,0.16279594772902592,0.39671673104908645
"(32, 32)",12,0.16045840668316408,0.3967436010279619
"(32, 32)",13,0.15820920645067682,0.3945595228218559
"(32, 32)",14,0.1561102287841434,0.3952129561858373
"(32, 32)",15,0.15407203809986691,0.39765160342850503
"(32, 32)",16,0.1522102927888094,0.4016759972017594
"(32, 32)",17,0.15040613364216812,0.4074791015251793
"(32, 32)",18,0.14869058510351268,0.41299133923134845
"(32, 32)",19,0.1469997216685543,0.4194655346065036
"(32, 32)",20,0.14537237324851118,0.4273377055892812
"(32, 32)",21,0.1438409567143452,0.4350272485829005
"(32, 32)",22,0.14227854496532907,0.4441936174319424
"(32, 32)",23,0.14071169534127295,0.45226202031830814
"(32, 32)",24,0.13932989099952708,0.4611935935918655
"(32, 32)",25,0.13783442403187465,0.46820824683148565
"(32, 32)",26,0.13644997778042212,0.4766496064157108
"(32, 32)",27,0.1350929636788726,0.48664694518846874
"(32, 32)",28,0.13381347632880775,0.4946549277094334
"(32, 32)",29,0.13257840843164595,0.5033832851282088
"(32, 32)",30,0.13131378177844938,0.5109043324649288
"(32, 32)",31,0.13013372544276094,0.5210317941267834
"(32, 32)",32,0.12893375177873337,0.5304871658804279
"(32, 32)",33,0.12778869637363846,0.5408132200623458
"(32, 32)",34,0.12670891335560458,0.5475174702267531
"(32, 32)",35,0.12569502603517602,0.5586471557998544
"(32, 32)",36,0.12466097325233425,0.5659158561920641
"(32, 32)",37,0.12371196103182736,0.5740012124068519
"(32, 32)",38,0.12261950896381972,0.5839928587280213
