horizon_minutes,model,split,scope,n,MAE_MW,RMSE_MW,R2,nRMSE_capacity_pct
15,persistence,validation,all,1440,0.9878941729166666,2.143315198249675,0.9578077868283406,6.123757709284787
15,persistence,validation,daylight,793,1.765937798234552,2.8855425512222443,0.9153684813956758,8.244407289206412
15,persistence,test,all,1296,1.049797348765432,2.468030749753349,0.9234180616830575,7.051516427866711
15,persistence,test,daylight,708,1.8983928488700563,3.338134460783565,0.8690113032742381,9.537527030810185
15,previous_day_fallback,validation,all,1440,2.234166519444445,5.176940938538341,0.7538461457824098,14.791259824395262
15,previous_day_fallback,validation,daylight,793,4.0332571324085755,6.974613575520751,0.5055555920898516,19.927467358630718
15,previous_day_fallback,test,all,1296,2.363149066358025,5.118692454607282,0.670585057664522,14.624835584592233
15,previous_day_fallback,test,daylight,708,4.274589257062146,6.919842299828854,0.43711644173662056,19.77097799951101
15,HGB_history,validation,all,1440,0.7504192080857373,1.832688632739335,0.9691512485173142,5.2362532363981
15,HGB_history,validation,daylight,793,1.3260457980178961,2.4685898302098925,0.9380594526286888,7.053113800599693
15,HGB_history,test,all,1296,0.8996117264447544,2.2240345269357737,0.9378117591520562,6.354384362673639
15,HGB_history,test,daylight,708,1.6055479635550791,3.0071813323361245,0.8936970290604345,8.591946663817499
15,HGB_local,validation,all,1440,0.7225833244503099,1.7946108130985745,0.9704198222120056,5.127459465995927
15,HGB_local,validation,daylight,793,1.276555665582905,2.4169553536840755,0.9406235232378548,6.905586724811644
15,HGB_local,test,all,1296,0.876449863154931,2.19926749191207,0.9391891139730281,6.283621405463057
15,HGB_local,test,daylight,708,1.5701845794670168,2.9746299565667496,0.8959859364717416,8.498942733047855
15,HGB_local_surface,validation,all,1440,0.7161095635205265,1.7809457911162818,0.9708685822870005,5.08841654604652
15,HGB_local_surface,validation,daylight,793,1.270088333305418,2.398699480867529,0.9415171066955536,6.85342708819294
15,HGB_local_surface,test,all,1296,0.8639448051075486,2.1640394565352863,0.9411216580635687,6.182969875815104
15,HGB_local_surface,test,daylight,708,1.551624860006462,2.927257957142542,0.8992724758590606,8.363594163264406
15,HGB_local_surface_pressure,validation,all,1440,0.7139491894143376,1.7686867431187672,0.9712682511925755,5.053390694625048
15,HGB_local_surface_pressure,validation,daylight,793,1.2729608153342815,2.382203479018018,0.9423187216180976,6.8062956543371955
15,HGB_local_surface_pressure,test,all,1296,0.8706536534262799,2.165788467250773,0.9410264468000133,6.187967049287923
15,HGB_local_surface_pressure,test,daylight,708,1.5699283758516112,2.9294968811885345,0.8991183332965769,8.369991089110098
15,Ridge_full,validation,all,1440,0.7838793493959314,1.8264518599339088,0.9693608523539818,5.218433885525453
15,Ridge_full,validation,daylight,793,1.309944150233953,2.4509276159905156,0.9389426236710138,7.002650331401473
15,Ridge_full,test,all,1296,1.008008701363602,2.319692668697089,0.9323471461615207,6.627693339134541
15,Ridge_full,test,daylight,708,1.6700865614538234,3.124338426855173,0.8852527438458666,8.926681219586207
15,MLP_full,validation,all,1440,1.0168725805775993,1.975372392139002,0.9641608105390046,5.643921120397148
15,MLP_full,validation,daylight,793,1.8048832280610843,2.6563394103273295,0.9282793364050906,7.589541172363798
15,MLP_full,test,all,1296,1.4290390782784312,2.6135162744835894,0.9141232422950594,7.467189355667399
15,MLP_full,test,daylight,708,2.360673295586302,3.481067823254494,0.857553711283566,9.945908066441412
60,persistence,validation,all,1440,2.448018804166667,3.948588504490039,0.8567996850241925,11.281681441400112
60,persistence,validation,daylight,793,4.293173558638083,5.295224422170299,0.7149993108891998,15.129212634772282
60,persistence,test,all,1293,2.509006067285383,4.479230845730033,0.7469233736898147,12.797802416371523
60,persistence,test,daylight,705,4.459446361702128,6.036962804419425,0.571111461439746,17.248465155484073
60,previous_day_fallback,validation,all,1440,2.234166519444445,5.176940938538341,0.7538461457824098,14.791259824395262
60,previous_day_fallback,validation,daylight,793,4.0332571324085755,6.974613575520751,0.5055555920898516,19.927467358630718
60,previous_day_fallback,test,all,1293,2.4607170703789634,5.1898157528991975,0.6602581668174942,14.828045008283421
60,previous_day_fallback,test,daylight,705,4.453945744680851,7.022000062316115,0.41973136246066634,20.062857320903184
60,HGB_history,validation,all,1440,1.2609316843131688,2.4247650478666296,0.9459992805470033,6.9279001367617985
60,HGB_history,validation,daylight,793,2.225775196932691,3.266142352869459,0.8915705171417494,9.33183529391274
60,HGB_history,test,all,1293,1.821360920818336,3.542101708887173,0.8417414432221086,10.120290596820494
60,HGB_history,test,daylight,705,3.2396673936175038,4.774531917548495,0.7317318945235824,13.64151976442427
60,HGB_local,validation,all,1440,1.3724571543705057,2.6621179534606982,0.9349099195602654,7.606051295601995
60,HGB_local,validation,daylight,793,2.4629171860259036,3.586180143033593,0.8692802011493902,10.24622898009598
60,HGB_local,test,all,1293,1.7150598784853675,3.2948519645903738,0.8630642138043023,9.413862755972495
60,HGB_local,test,daylight,705,3.1024590740186997,4.453679296641222,0.7665760993217503,12.724797990403491
60,HGB_local_surface,validation,all,1440,1.1260586054333304,2.326391178260675,0.9502920670076723,6.646831937887644
60,HGB_local_surface,validation,daylight,793,1.982809628796416,3.132980742369628,0.9002316893041372,8.951373549627508
60,HGB_local_surface,test,all,1293,1.5663279856798167,3.118328828039564,0.8773439526432911,8.909510937255897
60,HGB_local_surface,test,daylight,705,2.7948328389392967,4.218343745453632,0.7905929137714454,12.052410701296091
60,HGB_local_surface_pressure,validation,all,1440,1.1795449458098066,2.362175624619543,0.948751095423923,6.749073213198694
60,HGB_local_surface_pressure,validation,daylight,793,2.082576029200427,3.1811614019442644,0.8971395128883275,9.089032576983612
60,HGB_local_surface_pressure,test,all,1293,1.5560837170000852,3.1139746683431695,0.8776862457030512,8.897070480980485
60,HGB_local_surface_pressure,test,daylight,705,2.7948491042682853,4.207843727821177,0.7916341004100753,12.02241065091765
60,Ridge_full,validation,all,1440,1.3302534170419462,2.3249641533908103,0.9503530307023618,6.642754723973744
60,Ridge_full,validation,daylight,793,2.0869240402595666,3.0667136893195384,0.9044075414205762,8.762039112341538
60,Ridge_full,test,all,1293,1.9104068360635071,3.5590718681422686,0.8402213816068587,10.168776766120768
60,Ridge_full,test,daylight,705,3.013829257275666,4.7188297566545945,0.7379548903622074,13.482370733298842
60,MLP_full,validation,all,1440,1.3210953042639446,2.4709134652105127,0.943924224066655,7.059752757744322
60,MLP_full,validation,daylight,793,2.289969788589592,3.304869158126389,0.8889839660135547,9.44248330893254
60,MLP_full,test,all,1293,2.181036369606869,3.846545196872035,0.8133676925877097,10.9901291339201
60,MLP_full,test,daylight,705,3.759501009190537,5.159946082282172,0.6866730381779622,14.742703092234777
