horizon_minutes,epoch,train_scaled_loss,validation_RMSE_MW
15,1,0.11852552567832206,3.3180016633842615
15,2,0.05786500197937605,2.8859585974390654
15,3,0.037426269295470285,2.772582895283214
15,4,0.03438386984424705,2.7950187752284155
15,5,0.0312476902990283,2.5982506612351095
15,6,0.029140202561523967,2.3941673435116555
15,7,0.02812512408277956,2.2526633467692396
15,8,0.027374193470107548,2.158637323579899
15,9,0.026492006393222904,2.19236535175422
15,10,0.025310439027458567,2.2826095709831598
15,11,0.02458757469252584,2.4142303110018744
15,12,0.024199271890854263,2.5766320506001983
15,13,0.02355475567721487,2.5716030880492524
15,14,0.022292030891733306,2.4601399843369665
15,15,0.02056985058270831,2.2431319554252034
15,16,0.01963547832021383,2.1266127571493247
15,17,0.01969714448936205,2.0564641620543784
15,18,0.01937153078718532,2.0198618178838426
15,19,0.019262659694436256,2.0013016435247803
15,20,0.01984242690532903,2.035205305120334
15,21,0.019562744613121297,2.087947794889838
15,22,0.01885552003694535,2.069043755434574
15,23,0.01777529245146344,2.0752738105136093
15,24,0.017415946276747276,2.0387947071131705
15,25,0.017305112395819444,1.9981248955408628
15,26,0.016873239018419313,1.975372392139002
15,27,0.016685135078032112,1.9837839253840537
15,28,0.016830053335525046,2.078235605215915
15,29,0.016864096294650695,2.1857964440024316
15,30,0.01652982854542526,2.3213990681375902
15,31,0.016198664205704632,2.3251447393199376
15,32,0.016143431225939173,2.2196215117370097
15,33,0.016290357230398327,2.2093371124192696
15,34,0.016192653859509062,2.1178371107332157
15,35,0.016084227368383715,2.05074342757591
15,36,0.015908515884994603,2.055429330995832
15,37,0.015951417480809235,2.140277163459032
15,38,0.01583515337656135,2.2633180883690915
15,39,0.015689536638081678,2.299485727606544
15,40,0.015082779386326099,2.307583120825749
15,41,0.015288662782128608,2.327629347701152
60,1,0.1547544868077969,3.85275431282253
60,2,0.0790360122038438,3.3629970364716035
60,3,0.05753017782847983,3.1941999489781523
60,4,0.05164170663503006,3.1449676909314923
60,5,0.04745646490288042,3.021457992214281
60,6,0.04481966032311334,2.8570648135252763
60,7,0.04327647314196797,2.7350225077255677
60,8,0.04181366996484807,2.6820003637092
60,9,0.041015879529640115,2.663819637341949
60,10,0.04076282378912355,2.6739667089102546
60,11,0.04018638059501655,2.769471943599298
60,12,0.03966657533346996,2.937907677523291
60,13,0.039909593356011575,3.028525209036512
60,14,0.04249654563155483,2.8297228409668262
60,15,0.037741429801868925,2.5441117953728547
60,16,0.031452088894337676,2.4709134652105127
60,17,0.030540873901351007,2.5195372261380347
60,18,0.028730588070533247,2.5711015941795896
60,19,0.028027425418249367,2.6165527221979934
60,20,0.02841531316468402,2.6293649290210626
60,21,0.027594338143359456,2.6213823486645604
60,22,0.026606585720010515,2.6506663644347626
60,23,0.026025799026729784,2.6982062384304
60,24,0.02567481611255591,2.720045041513252
60,25,0.025155455890659414,2.7789221601906835
60,26,0.024731794476726406,2.756312656912142
60,27,0.024433001578732086,2.7648021596485655
60,28,0.02392131567573955,2.8701339735222042
60,29,0.023415868678933607,2.929269536449099
60,30,0.0228602153814049,2.887710446965396
60,31,0.022189700143432495,2.832365508893833
