meas_name;car_name;charging_power_kW;meas_type;meas_soc;start_soc_percent;end_soc_percent;charging_station;plug_type;charger;note;index
Fiat_500e_empty_charging_AC_22kW_1_202308150939;Fiat_500e;22;charging;empty;6;100;Wirelane;Type 2;AC;202308150939;1
Fiat_500e_empty_charging_DC_10kW_1_202308220917;Fiat_500e;10;charging;empty;3;30;EVTEC;CCS;DC;202308220917;1
Fiat_500e_individual_ts_unidir_arbitrary_1_AC_kW_1_202308170945;Fiat_500e;;ts_unidir_arbitrary_1;individual;7;12;EVTEC;Type 2;AC;202308170945;1
Fiat_500e_individual_ts_unidir_arbitrary_1_AC_kW_2_202308171303;Fiat_500e;;ts_unidir_arbitrary_1;individual;50;55;EVTEC;Type 2;AC;202308171303;2
Fiat_500e_individual_ts_unidir_arbitrary_1_AC_kW_3_202308171543;Fiat_500e;;ts_unidir_arbitrary_1;individual;79;83;EVTEC;Type 2;AC;202308171543;3
Fiat_500e_individual_ts_unidir_arbitrary_1_AC_kW_4_202308221500;Fiat_500e;;ts_unidir_arbitrary_1;individual;38;41;Wirelane;Type 2;AC;202308221500;4
Fiat_500e_individual_ts_unidir_arbitrary_1_AC_kW_5_202308230955;Fiat_500e;;ts_unidir_arbitrary_1;individual;8;24;Wirelane;Type 2;AC;202308230955;5
Fiat_500e_individual_ts_unidir_arbitrary_1_AC_kW_6_202308231513;Fiat_500e;;ts_unidir_arbitrary_1;individual;58;67;Wirelane;Type 2;AC;202308231513;6
Fiat_500e_individual_ts_unidir_arbitrary_1_AC_kW_7_202308231609;Fiat_500e;;ts_unidir_arbitrary_1;individual;68;74;EVTEC;Type 2;AC;202308231609;7
Fiat_500e_individual_ts_unidir_arbitrary_1_DC_kW_1_202308170852;Fiat_500e;;ts_unidir_arbitrary_1;individual;6;7;EVTEC;CCS;DC;202308170852;1
Fiat_500e_individual_ts_unidir_arbitrary_1_DC_kW_2_202308171215;Fiat_500e;;ts_unidir_arbitrary_1;individual;50;50;EVTEC;CCS;DC;202308171215;2
Fiat_500e_individual_ts_unidir_arbitrary_1_DC_kW_3_202308171457;Fiat_500e;;ts_unidir_arbitrary_1;individual;80;79;EVTEC;CCS;DC;202308171457;3
Fiat_500e_individual_ts_unidir_arbitrary_1_DC_kW_4_202308221128;Fiat_500e;;ts_unidir_arbitrary_1;individual;30;38;EVTEC;CCS;DC;202308221128;4
Honda_e_empty_charging_AC_22kW_1_202307280818;Honda_e;22;charging;empty;5;100;Wirelane;Type 2;AC;202307280818;1
Honda_e_empty_charging_DC_10kW_1_202307201509;Honda_e;10;charging;empty;15;95;EVTEC;CCS;DC;202307201509;1
Honda_e_empty_charging_DC_5kW_1_202307241019;Honda_e;5;charging;empty;16;95;EVTEC;CCS;DC;202307241019;1
Honda_e_full_discharging_DC_10kW_1_202307201138;Honda_e;10;discharging;full;95;15;EVTEC;CCS;DC;202307201138;1
Honda_e_full_discharging_DC_5kW_1_202307210952;Honda_e;5;discharging;full;95;59;EVTEC;CCS;DC;202307210952;1
Honda_e_individual_charging_DC_5kW_2_202307241533;Honda_e;5;charging;individual;89;92;EVTEC;CCS;DC;202307241533;2
Honda_e_individual_discharging_DC_5kW_1_202307211207;Honda_e;5;discharging;individual;56;15;EVTEC;CCS;DC;202307211207;1
Honda_e_individual_ts_bidir_arbitrary_1_DC_kW_1_202307251207;Honda_e;;ts_bidir_arbitrary_1;individual;50;30;EVTEC;CCS;DC;202307251207;1
Honda_e_individual_ts_bidir_arbitrary_1_DC_kW_2_202307251713;Honda_e;;ts_bidir_arbitrary_1;individual;30;27;EVTEC;CCS;DC;202307251713;2
Honda_e_individual_ts_bidir_arbitrary_1_DC_kW_3_202307261000;Honda_e;;ts_bidir_arbitrary_1;individual;50;47;EVTEC;CCS;DC;202307261000;3
Honda_e_individual_ts_bidir_arbitrary_1_DC_kW_4_202307261042;Honda_e;;ts_bidir_arbitrary_1;individual;50;46;EVTEC;CCS;DC;202307261042;4
Honda_e_individual_ts_bidir_arbitrary_1_DC_kW_5_202307261150;Honda_e;;ts_bidir_arbitrary_1;individual;50;46;EVTEC;CCS;DC;202307261150;5
Honda_e_individual_ts_bidir_arbitrary_1_DC_kW_6_202307261453;Honda_e;;ts_bidir_arbitrary_1;individual;30;25;EVTEC;CCS;DC;202307261453;6
Honda_e_individual_ts_bidir_arbitrary_1_DC_kW_7_202307281410;Honda_e;;ts_bidir_arbitrary_1;individual;80;76;EVTEC;CCS;DC;202307281410;7
Honda_e_individual_ts_unidir_arbitrary_1_AC_kW_1_202307271600;Honda_e;;ts_unidir_arbitrary_1;individual;50;55;EVTEC;Type 2;AC;202307271600;1
Honda_e_individual_ts_unidir_arbitrary_1_AC_kW_2_202307271708;Honda_e;;ts_unidir_arbitrary_1;individual;50;58;EVTEC;Type 2;AC;202307271708;2
Honda_e_individual_ts_unidir_arbitrary_1_DC_kW_1_202307271447;Honda_e;;ts_unidir_arbitrary_1;individual;49;58;EVTEC;CCS;DC;202307271447;1
Honda_e_individual_ts_unidir_arbitrary_1_DC_kW_2_202307281510;Honda_e;;ts_unidir_arbitrary_1;individual;80;89;EVTEC;CCS;DC;202307281510;2
Hyundai_IONIQ5_empty_charging_AC_22kW_1_202308310825;Hyundai_IONIQ5;22;charging;empty;5;80;Wirelane;Type 2;AC;202308310825;1
Hyundai_IONIQ5_empty_charging_AC_22kW_2_202309070833;Hyundai_IONIQ5;22;charging;empty;8;100;EVTEC;Type 2;AC;202309070833;2
Hyundai_IONIQ5_empty_charging_DC_10kW_1_202308291055;Hyundai_IONIQ5;10;charging;empty;8;100;EVTEC;CCS;DC;202308291055;1
Hyundai_IONIQ5_individual_ts_unidir_arbitrary_1_AC_kW_1_202309051012;Hyundai_IONIQ5;;ts_unidir_arbitrary_1;individual;11;14;EVTEC;Type 2;AC;202309051012;1
Hyundai_IONIQ5_individual_ts_unidir_arbitrary_1_AC_kW_2_202309051320;Hyundai_IONIQ5;;ts_unidir_arbitrary_1;individual;53;56;EVTEC;Type 2;AC;202309051320;2
Hyundai_IONIQ5_individual_ts_unidir_arbitrary_1_AC_kW_3_202309051535;Hyundai_IONIQ5;;ts_unidir_arbitrary_1;individual;83;86;EVTEC;Type 2;AC;202309051535;3
Hyundai_IONIQ5_individual_ts_unidir_arbitrary_1_DC_kW_1_202309050926;Hyundai_IONIQ5;;ts_unidir_arbitrary_1;individual;8;11;EVTEC;CCS;DC;202309050926;1
Hyundai_IONIQ5_individual_ts_unidir_arbitrary_1_DC_kW_2_202309051223;Hyundai_IONIQ5;;ts_unidir_arbitrary_1;individual;50;53;EVTEC;CCS;DC;202309051223;2
Hyundai_IONIQ5_individual_ts_unidir_arbitrary_1_DC_kW_3_202309051447;Hyundai_IONIQ5;;ts_unidir_arbitrary_1;individual;80;83;EVTEC;CCS;DC;202309051447;3
Mitsubishi_EC_empty_charging_AC_22kW_1_202311030905;Mitsubishi_EC;22;charging;empty;21;100;EVTEC;Type 2;AC;202311030905;1
Mitsubishi_EC_empty_charging_DC_10kW_1_202310230941;Mitsubishi_EC;10;charging;empty;27;98;EVTEC;CHAdeMO;DC;202310230941;1
Mitsubishi_EC_empty_charging_DC_10kW_2_202310231231;Mitsubishi_EC;10;charging;empty;20;98;EVTEC;CHAdeMO;DC;202310231231;2
Mitsubishi_EC_empty_charging_DC_5kW_1_202310240853;Mitsubishi_EC;5;charging;empty;20;98;EVTEC;CHAdeMO;DC;202310240853;1
Mitsubishi_EC_empty_charging_DC_5kW_2_202310241524;Mitsubishi_EC;5;charging;empty;23;99;EVTEC;CHAdeMO;DC;202310241524;2
Mitsubishi_EC_full_discharging_DC_10kW_1_202310231107;Mitsubishi_EC;10;discharging;full;98;20;EVTEC;CHAdeMO;DC;202310231107;1
Mitsubishi_EC_full_discharging_DC_10kW_2_202310231406;Mitsubishi_EC;10;discharging;full;99;20;EVTEC;CHAdeMO;DC;202310231406;2
Mitsubishi_EC_full_discharging_DC_5kW_1_202310241134;Mitsubishi_EC;5;discharging;full;98;20;EVTEC;CHAdeMO;DC;202310241134;1
Mitsubishi_EC_individual_ts_bidir_arbitrary_1_DC_kW_1_202310231622;Mitsubishi_EC;;ts_bidir_arbitrary_1;individual;20;22;EVTEC;CHAdeMO;DC;202310231622;1
Mitsubishi_EC_individual_ts_bidir_arbitrary_1_DC_kW_10_202311021032;Mitsubishi_EC;;ts_bidir_arbitrary_1;individual;50;38;EVTEC;CHAdeMO;DC;202311021032;10
Mitsubishi_EC_individual_ts_bidir_arbitrary_1_DC_kW_11_202311021132;Mitsubishi_EC;;ts_bidir_arbitrary_1;individual;30;22;EVTEC;CHAdeMO;DC;202311021132;11
Mitsubishi_EC_individual_ts_bidir_arbitrary_1_DC_kW_12_202311021321;Mitsubishi_EC;;ts_bidir_arbitrary_1;individual;30;22;EVTEC;CHAdeMO;DC;202311021321;12
Mitsubishi_EC_individual_ts_bidir_arbitrary_1_DC_kW_13_202311021431;Mitsubishi_EC;;ts_bidir_arbitrary_1;individual;20;22;EVTEC;CHAdeMO;DC;202311021431;13
Mitsubishi_EC_individual_ts_bidir_arbitrary_1_DC_kW_2_202310260832;Mitsubishi_EC;;ts_bidir_arbitrary_1;individual;30;24;EVTEC;CHAdeMO;DC;202310260832;2
Mitsubishi_EC_individual_ts_bidir_arbitrary_1_DC_kW_3_202310261030;Mitsubishi_EC;;ts_bidir_arbitrary_1;individual;90;78;EVTEC;CHAdeMO;DC;202310261030;3
Mitsubishi_EC_individual_ts_bidir_arbitrary_1_DC_kW_4_202310261129;Mitsubishi_EC;;ts_bidir_arbitrary_1;individual;80;70;EVTEC;CHAdeMO;DC;202310261129;4
Mitsubishi_EC_individual_ts_bidir_arbitrary_1_DC_kW_5_202310261222;Mitsubishi_EC;;ts_bidir_arbitrary_1;individual;70;62;EVTEC;CHAdeMO;DC;202310261222;5
Mitsubishi_EC_individual_ts_bidir_arbitrary_1_DC_kW_6_202310261313;Mitsubishi_EC;;ts_bidir_arbitrary_1;individual;60;52;EVTEC;CHAdeMO;DC;202310261313;6
Mitsubishi_EC_individual_ts_bidir_arbitrary_1_DC_kW_7_202310261403;Mitsubishi_EC;;ts_bidir_arbitrary_1;individual;51;43;EVTEC;CHAdeMO;DC;202310261403;7
Mitsubishi_EC_individual_ts_bidir_arbitrary_1_DC_kW_8_202310261454;Mitsubishi_EC;;ts_bidir_arbitrary_1;individual;41;32;EVTEC;CHAdeMO;DC;202310261454;8
Mitsubishi_EC_individual_ts_bidir_arbitrary_1_DC_kW_9_202311020918;Mitsubishi_EC;;ts_bidir_arbitrary_1;individual;80;71;EVTEC;CHAdeMO;DC;202311020918;9
Mitsubishi_EC_individual_ts_unidir_arbitrary_1_AC_kW_1_202311081106;Mitsubishi_EC;;ts_unidir_arbitrary_1;individual;20;35;EVTEC;Type 2;AC;202311081106;1
Mitsubishi_EC_individual_ts_unidir_arbitrary_1_AC_kW_2_202311081228;Mitsubishi_EC;;ts_unidir_arbitrary_1;individual;50;58;EVTEC;Type 2;AC;202311081228;2
Mitsubishi_EC_individual_ts_unidir_arbitrary_1_AC_kW_3_202311081628;Mitsubishi_EC;;ts_unidir_arbitrary_1;individual;80;91;EVTEC;Type 2;AC;202311081628;3
Mitsubishi_EC_individual_ts_unidir_arbitrary_1_DC_kW_1_202311021527;Mitsubishi_EC;;ts_unidir_arbitrary_1;individual;20;43;EVTEC;CHAdeMO;DC;202311021527;1
Mitsubishi_EC_individual_ts_unidir_arbitrary_1_DC_kW_2_202311081432;Mitsubishi_EC;;ts_unidir_arbitrary_1;individual;51;73;EVTEC;CHAdeMO;DC;202311081432;2
Mitsubishi_EC_individual_ts_unidir_arbitrary_1_DC_kW_3_202311081527;Mitsubishi_EC;;ts_unidir_arbitrary_1;individual;80;93;EVTEC;CHAdeMO;DC;202311081527;3
Nissan_Leaf_empty_charging_AC_22kW_1_202309070849;Nissan_Leaf;22;charging;empty;0;100;Wirelane;Type 2;AC;202309070849;1
Nissan_Leaf_empty_charging_DC_10kW_1_202309271025;Nissan_Leaf;10;charging;empty;9;100;EVTEC;CHAdeMO;DC;202309271025;1
Nissan_Leaf_empty_charging_DC_5kW_1_202309280835;Nissan_Leaf;5;charging;empty;7;100;EVTEC;CHAdeMO;DC;202309280835;1
Nissan_Leaf_full_discharging_DC_10kW_1_202309061000;Nissan_Leaf;10;discharging;full;100;7;EVTEC;CHAdeMO;DC;202309061000;1
Nissan_Leaf_full_discharging_DC_10kW_2_202309121043;Nissan_Leaf;10;discharging;full;100;8;EVTEC;CHAdeMO;DC;202309121043;2
Nissan_Leaf_full_discharging_DC_10kW_3_202309271545;Nissan_Leaf;10;discharging;full;100;90;EVTEC;CHAdeMO;DC;202309271545;3
Nissan_Leaf_full_discharging_DC_5kW_1_202309261804;Nissan_Leaf;5;discharging;full;100;17;EVTEC;CHAdeMO;DC;202309261804;1
Nissan_Leaf_full_discharging_DC_5kW_2_202309271754;Nissan_Leaf;5;discharging;full;100;7;EVTEC;CHAdeMO;DC;202309271754;2
Nissan_Leaf_individual_ts_bidir_arbitrary_1_DC_kW_1_202308310920;Nissan_Leaf;;ts_bidir_arbitrary_1;individual;80;78;EVTEC;CHAdeMO;DC;202308310920;1
Nissan_Leaf_individual_ts_bidir_arbitrary_1_DC_kW_10_202309261022;Nissan_Leaf;;ts_bidir_arbitrary_1;individual;70;67;EVTEC;CHAdeMO;DC;202309261022;10
Nissan_Leaf_individual_ts_bidir_arbitrary_1_DC_kW_11_202309261234;Nissan_Leaf;;ts_bidir_arbitrary_1;individual;80;78;EVTEC;CHAdeMO;DC;202309261234;11
Nissan_Leaf_individual_ts_bidir_arbitrary_1_DC_kW_12_202309261431;Nissan_Leaf;;ts_bidir_arbitrary_1;individual;91;88;EVTEC;CHAdeMO;DC;202309261431;12
Nissan_Leaf_individual_ts_bidir_arbitrary_1_DC_kW_13_202309290911;Nissan_Leaf;;ts_bidir_arbitrary_1;individual;50;47;EVTEC;CHAdeMO;DC;202309290911;13
Nissan_Leaf_individual_ts_bidir_arbitrary_1_DC_kW_14_202309291209;Nissan_Leaf;;ts_bidir_arbitrary_1;individual;80;77;EVTEC;CHAdeMO;DC;202309291209;14
Nissan_Leaf_individual_ts_bidir_arbitrary_1_DC_kW_2_202308311234;Nissan_Leaf;;ts_bidir_arbitrary_1;individual;60;58;EVTEC;CHAdeMO;DC;202308311234;2
Nissan_Leaf_individual_ts_bidir_arbitrary_1_DC_kW_3_202309211128;Nissan_Leaf;;ts_bidir_arbitrary_1;individual;70;67;EVTEC;CHAdeMO;DC;202309211128;3
Nissan_Leaf_individual_ts_bidir_arbitrary_1_DC_kW_4_202309250953;Nissan_Leaf;;ts_bidir_arbitrary_1;individual;10;7;EVTEC;CHAdeMO;DC;202309250953;4
Nissan_Leaf_individual_ts_bidir_arbitrary_1_DC_kW_5_202309251127;Nissan_Leaf;;ts_bidir_arbitrary_1;individual;20;18;EVTEC;CHAdeMO;DC;202309251127;5
Nissan_Leaf_individual_ts_bidir_arbitrary_1_DC_kW_6_202309251354;Nissan_Leaf;;ts_bidir_arbitrary_1;individual;30;27;EVTEC;CHAdeMO;DC;202309251354;6
Nissan_Leaf_individual_ts_bidir_arbitrary_1_DC_kW_7_202309251535;Nissan_Leaf;;ts_bidir_arbitrary_1;individual;40;37;EVTEC;CHAdeMO;DC;202309251535;7
Nissan_Leaf_individual_ts_bidir_arbitrary_1_DC_kW_8_202309251710;Nissan_Leaf;;ts_bidir_arbitrary_1;individual;50;47;EVTEC;CHAdeMO;DC;202309251710;8
Nissan_Leaf_individual_ts_bidir_arbitrary_1_DC_kW_9_202309260833;Nissan_Leaf;;ts_bidir_arbitrary_1;individual;60;57;EVTEC;CHAdeMO;DC;202309260833;9
Nissan_Leaf_individual_ts_unidir_arbitrary_1_AC_kW_1_202308311026;Nissan_Leaf;;ts_unidir_arbitrary_1;individual;80;83;EVTEC;Type 2;AC;202308311026;1
Nissan_Leaf_individual_ts_unidir_arbitrary_1_AC_kW_10_202309141322;Nissan_Leaf;;ts_unidir_arbitrary_1;individual;30;34;Wirelane;Type 2;AC;202309141322;10
Nissan_Leaf_individual_ts_unidir_arbitrary_1_AC_kW_11_202309150845;Nissan_Leaf;;ts_unidir_arbitrary_1;individual;40;41;Wirelane;Type 2;AC;202309150845;11
Nissan_Leaf_individual_ts_unidir_arbitrary_1_AC_kW_12_202309151113;Nissan_Leaf;;ts_unidir_arbitrary_1;individual;50;54;Wirelane;Type 2;AC;202309151113;12
Nissan_Leaf_individual_ts_unidir_arbitrary_1_AC_kW_13_202309190953;Nissan_Leaf;;ts_unidir_arbitrary_1;individual;60;63;Wirelane;Type 2;AC;202309190953;13
Nissan_Leaf_individual_ts_unidir_arbitrary_1_AC_kW_14_202309191117;Nissan_Leaf;;ts_unidir_arbitrary_1;individual;70;74;Wirelane;Type 2;AC;202309191117;14
Nissan_Leaf_individual_ts_unidir_arbitrary_1_AC_kW_15_202309191257;Nissan_Leaf;;ts_unidir_arbitrary_1;individual;80;83;Wirelane;Type 2;AC;202309191257;15
Nissan_Leaf_individual_ts_unidir_arbitrary_1_AC_kW_16_202309191430;Nissan_Leaf;;ts_unidir_arbitrary_1;individual;90;94;Wirelane;Type 2;AC;202309191430;16
Nissan_Leaf_individual_ts_unidir_arbitrary_1_AC_kW_17_202309201542;Nissan_Leaf;;ts_unidir_arbitrary_1;individual;46;49;Wirelane;Type 2;AC;202309201542;17
Nissan_Leaf_individual_ts_unidir_arbitrary_1_AC_kW_18_202309201636;Nissan_Leaf;;ts_unidir_arbitrary_1;individual;50;54;Wirelane;Type 2;AC;202309201636;18
Nissan_Leaf_individual_ts_unidir_arbitrary_1_AC_kW_19_202309210951;Nissan_Leaf;;ts_unidir_arbitrary_1;individual;60;63;Wirelane;Type 2;AC;202309210951;19
Nissan_Leaf_individual_ts_unidir_arbitrary_1_AC_kW_2_202308311327;Nissan_Leaf;;ts_unidir_arbitrary_1;individual;60;65;EVTEC;Type 2;AC;202308311327;2
Nissan_Leaf_individual_ts_unidir_arbitrary_1_AC_kW_20_202309211314;Nissan_Leaf;;ts_unidir_arbitrary_1;individual;70;73;Wirelane;Type 2;AC;202309211314;20
Nissan_Leaf_individual_ts_unidir_arbitrary_1_AC_kW_21_202309261601;Nissan_Leaf;;ts_unidir_arbitrary_1;individual;90;94;Wirelane;Type 2;AC;202309261601;21
Nissan_Leaf_individual_ts_unidir_arbitrary_1_AC_kW_7_202309140905;Nissan_Leaf;;ts_unidir_arbitrary_1;individual;3;7;Wirelane;Type 2;AC;202309140905;7
Nissan_Leaf_individual_ts_unidir_arbitrary_1_AC_kW_8_202309141030;Nissan_Leaf;;ts_unidir_arbitrary_1;individual;10;13;Wirelane;Type 2;AC;202309141030;8
Nissan_Leaf_individual_ts_unidir_arbitrary_1_AC_kW_9_202309141202;Nissan_Leaf;;ts_unidir_arbitrary_1;individual;20;24;Wirelane;Type 2;AC;202309141202;9
Nissan_Leaf_individual_ts_unidir_arbitrary_1_DC_kW_13_202309270931;Nissan_Leaf;;ts_unidir_arbitrary_1;individual;8;9;EVTEC;CHAdeMO;DC;202309270931;13
OpelCorsa_e_empty_charging_AC_22kW_1_202308171034;OpelCorsa_e;22;charging;empty;10;100;Wirelane;Type 2;AC;202308171034;1
OpelCorsa_e_empty_charging_DC_10kW_1_202308230945;OpelCorsa_e;10;charging;empty;3;100;EVTEC;CCS;DC;202308230945;1
OpelCorsa_e_individual_ts_unidir_arbitrary_1_AC_kW_1_202308151029;OpelCorsa_e;;ts_unidir_arbitrary_1;individual;20;27;EVTEC;Type 2;AC;202308151029;1
OpelCorsa_e_individual_ts_unidir_arbitrary_1_AC_kW_2_202308151306;OpelCorsa_e;;ts_unidir_arbitrary_1;individual;55;58;EVTEC;Type 2;AC;202308151306;2
OpelCorsa_e_individual_ts_unidir_arbitrary_1_AC_kW_3_202308151542;OpelCorsa_e;;ts_unidir_arbitrary_1;individual;85;89;EVTEC;Type 2;AC;202308151542;3
OpelCorsa_e_individual_ts_unidir_arbitrary_1_AC_kW_4_202308251524;OpelCorsa_e;;ts_unidir_arbitrary_1;individual;75;81;EVTEC;Type 2;AC;202308251524;4
OpelCorsa_e_individual_ts_unidir_arbitrary_1_DC_kW_1_202308150942;OpelCorsa_e;;ts_unidir_arbitrary_1;individual;11;20;EVTEC;CCS;DC;202308150942;1
OpelCorsa_e_individual_ts_unidir_arbitrary_1_DC_kW_2_202308151217;OpelCorsa_e;;ts_unidir_arbitrary_1;individual;50;55;EVTEC;CCS;DC;202308151217;2
OpelCorsa_e_individual_ts_unidir_arbitrary_1_DC_kW_3_202308151455;OpelCorsa_e;;ts_unidir_arbitrary_1;individual;80;85;EVTEC;CCS;DC;202308151455;3
OpelCorsa_e_individual_ts_unidir_arbitrary_1_DC_kW_4_202308251006;OpelCorsa_e;;ts_unidir_arbitrary_1;individual;50;57;EVTEC;CCS;DC;202308251006;4
OpelCorsa_e_individual_ts_unidir_arbitrary_1_DC_kW_5_202308251358;OpelCorsa_e;;ts_unidir_arbitrary_1;individual;57;62;EVTEC;CCS;DC;202308251358;5
TeslaModel_Y_empty_charging_AC_22kW_1_202309120915;TeslaModel_Y;22;charging;empty;3;100;Wirelane;Type 2;AC;202309120915;1
TeslaModel_Y_empty_charging_AC_22kW_2_202309150830;TeslaModel_Y;22;charging;empty;6;100;EVTEC;Type 2;AC;202309150830;2
TeslaModel_Y_empty_charging_DC_10kW_1_202309140812;TeslaModel_Y;10;charging;empty;5;100;EVTEC;CCS;DC;202309140812;1
TeslaModel_Y_empty_charging_DC_10kW_2_202309211315;TeslaModel_Y;10;charging;empty;9;100;EVTEC;CCS;DC;202309211315;2
TeslaModel_Y_individual_ts_unidir_arbitrary_1_AC_kW_1_202309200852;TeslaModel_Y;;ts_unidir_arbitrary_1;individual;17;20;EVTEC;Type 2;AC;202309200852;1
TeslaModel_Y_individual_ts_unidir_arbitrary_1_AC_kW_2_202309191439;TeslaModel_Y;;ts_unidir_arbitrary_1;individual;57;61;EVTEC;Type 2;AC;202309191439;2
TeslaModel_Y_individual_ts_unidir_arbitrary_1_AC_kW_2_202309201319;TeslaModel_Y;;ts_unidir_arbitrary_1;individual;53;57;EVTEC;Type 2;AC;202309201319;2
TeslaModel_Y_individual_ts_unidir_arbitrary_1_AC_kW_3_202309201629;TeslaModel_Y;;ts_unidir_arbitrary_1;individual;83;87;EVTEC;Type 2;AC;202309201629;3
TeslaModel_Y_individual_ts_unidir_arbitrary_1_AC_kW_4_202309211122;TeslaModel_Y;;ts_unidir_arbitrary_1;individual;1;5;Wirelane;Type 2;AC;202309211122;4
TeslaModel_Y_individual_ts_unidir_arbitrary_1_AC_kW_5_202309211224;TeslaModel_Y;;ts_unidir_arbitrary_1;individual;5;9;Wirelane;Type 2;AC;202309211224;5
TeslaModel_Y_individual_ts_unidir_arbitrary_1_DC_kW_1_202309200805;TeslaModel_Y;;ts_unidir_arbitrary_1;individual;13;17;EVTEC;CCS;DC;202309200805;1
TeslaModel_Y_individual_ts_unidir_arbitrary_1_DC_kW_2_202309201230;TeslaModel_Y;;ts_unidir_arbitrary_1;individual;49;53;EVTEC;CCS;DC;202309201230;2
TeslaModel_Y_individual_ts_unidir_arbitrary_1_DC_kW_3_202309201544;TeslaModel_Y;;ts_unidir_arbitrary_1;individual;80;83;EVTEC;CCS;DC;202309201544;3
VW_ID4_empty_charging_AC_22kW_1_202307211036;VW_ID4;22;charging;empty;4;22;Wirelane;Type2;AC;202307211036;1
VW_ID4_empty_charging_AC_22kW_1_202307270824;VW_ID4;22;charging;empty;9;100;Wirelane;Type 2;AC;202307270824;1
VW_ID4_individual_charging_AC_22kW_1_202307211204;VW_ID4;22;charging;individual;24;75;Wirelane;Type 2;AC;202307211204;1
VW_ID4_individual_charging_AC_22kW_2_202307241006;VW_ID4;22;charging;individual;28;93;Wirelane;Type 2;AC;202307241006;2
VW_ID4_individual_charging_AC_22kW_2_202307241528;VW_ID4;22;charging;individual;93;99;Wirelane;Type 2;AC;202307241528;2
VW_ID4_individual_ts_unidir_arbitrary_1_AC_kW_1_202307280915;VW_ID4;;ts_unidir_arbitrary_1;individual;62;65;EVTEC;Type 2;AC;202307280915;1
VW_ID4_individual_ts_unidir_arbitrary_1_AC_kW_2_202307281106;VW_ID4;;ts_unidir_arbitrary_1;individual;70;73;EVTEC;Type 2;AC;202307281106;2
VW_ID4_individual_ts_unidir_arbitrary_1_AC_kW_3_202307281243;VW_ID4;;ts_unidir_arbitrary_1;individual;77;79;EVTEC;Type 2;AC;202307281243;3
VW_ID4_individual_ts_unidir_arbitrary_1_DC_kW_1_202307280828;VW_ID4;;ts_unidir_arbitrary_1;individual;60;62;EVTEC;CCS;DC;202307280828;1
VW_ID4_individual_ts_unidir_arbitrary_1_DC_kW_2_202307281005;VW_ID4;;ts_unidir_arbitrary_1;individual;65;69;EVTEC;CCS;DC;202307281005;2
VW_ID4_individual_ts_unidir_arbitrary_1_DC_kW_3_202307281156;VW_ID4;;ts_unidir_arbitrary_1;individual;73;77;EVTEC;CCS;DC;202307281156;3
