Parameter;Unit;Description;Source;Data type;csv file suffix
V_THD_L1_kocos_200;percent;THD voltage L1;Power quality analyser EVTEC;G;
V_THD_L2_kocos_200;percent;THD voltage L2;Power quality analyser EVTEC;G;
V_THD_L3_kocos_200;percent;THD voltage L3;Power quality analyser EVTEC;G;
I_THD_L1_kocos_200;percent;THD current L1;Power quality analyser EVTEC;G;
I_THD_L2_kocos_200;percent;THD current L2;Power quality analyser EVTEC;G;
I_THD_L3_kocos_200;percent;THD current L3;Power quality analyser EVTEC;G;
E_kocos_200;kWh;Energy meter;Power quality analyser EVTEC;G;
T_kocos_200;degC;Ambient temperature;Power quality analyser EVTEC;G;
P_kocos_200;kW;Active power;Power quality analyser EVTEC;G;
Q_kocos_200;kvar;Reactive power;Power quality analyser EVTEC;G;
I_L1_kocos_200;A;RMS current L1;Power quality analyser EVTEC;G;
I_L2_kocos_200;A;RMS current L2;Power quality analyser EVTEC;G;
I_L3_kocos_200;A;RMS current L3;Power quality analyser EVTEC;G;
V_L1_kocos_200;V;RMS voltage L1;Power quality analyser EVTEC;G;
V_L2_kocos_200;V;RMS voltage L2;Power quality analyser EVTEC;G;
V_L3_kocos_200;V;RMS voltage L3;Power quality analyser EVTEC;G;
V_THD_L1_kocos_210;percent;THD voltage L1;Power quality analyser Wirelane;G;
V_THD_L2_kocos_210;percent;THD voltage L2;Power quality analyser Wirelane;G;
V_THD_L3_kocos_210;percent;THD voltage L3;Power quality analyser Wirelane;G;
I_THD_L1_kocos_210;percent;THD current L1;Power quality analyser Wirelane;G;
I_THD_L2_kocos_210;percent;THD current L2;Power quality analyser Wirelane;G;
I_THD_L3_kocos_210;percent;THD current L3;Power quality analyser Wirelane;G;
E_kocos_210;kWh;Energy meter;Power quality analyser Wirelane;G;
T_kocos_210;degC;Ambient temperature;Power quality analyser Wirelane;G;
P_kocos_210;kW;Active power;Power quality analyser Wirelane;G;
Q_kocos_210;kvar;Reactive power;Power quality analyser Wirelane;G;
I_L1_kocos_210;A;RMS current L1;Power quality analyser Wirelane;G;
I_L2_kocos_210;A;RMS current L2;Power quality analyser Wirelane;G;
I_L3_kocos_210;A;RMS current L3;Power quality analyser Wirelane;G;
V_L1_kocos_210;V;RMS voltage L1;Power quality analyser Wirelane;G;
V_L2_kocos_210;V;RMS voltage L2;Power quality analyser Wirelane;G;
V_L3_kocos_210;V;RMS voltage L3;Power quality analyser Wirelane;G;
ChargingEnabled_WL_H;;Charging enabled;Wirelane charger;C;
I_Setpoint_WL_H;A;Current setpoint;Wirelane charger;C;
ConnectorType_ID2;Enum;CCS;EVTEC charger;C;
STATE_ID2;PlugStateEnum;CCS: 0: Unavailable 1: Available 2: Occupied 3: Preparing 4: Charging 5: Finishing  6: Suspended EV 7: Suspended EVSE 8: Not ready 9: Faulted ;EVTEC charger;C;
ChargeState_ID2;ChargeStateEnum;"CCS: 0: Charging process not started (no vehicle connected) 1: Connected, waiting for release (by RFID or Local) 2: Charging process starts 
3: Shop 4: Suspended (loading paused) 5: Charging process successfully completed (vehicle still plugged in) 6: Charging process completed by user (vehicle still plugged in) 7: Charging ended with error (vehicle still connected)  ";EVTEC charger;C;
SoC_ID2;percent;CCS State of Charge;EVTEC charger;C;
Capacity_EV_ID2;kWh;CCS Battery capacity at actual SoC (if available);EVTEC charger;C;
Output_Voltage_ID2;V;CCS output voltage;EVTEC charger;C;
Output_Current_ID2;A;CCS output current;EVTEC charger;C;
Output_Power_ID2;kW;CCS output power;EVTEC charger;C;
AC_Power_set_ID2;kW;AC power setpoint on grid side of charger;EVTEC charger;C;
ConnectorType_ID3;Enum;CHAdeMO;EVTEC charger;C;
STATE_ID3;PlugStateEnum;CHAdeMO: 0: Unavailable 1: Available 2: Occupied 3: Preparing 4: Charging 5: Finishing  6: Suspended EV 7: Suspended EVSE 8: Not ready 9: Faulted ;EVTEC charger;C;
ChargeState_ID3;ChargeStateEnum;"CHAdeMO: 0: Charging process not started (no vehicle connected) 1: Connected, waiting for release (by RFID or Local) 2: Charging process starts 
3: Shop 4: Suspended (loading paused) 5: Charging process successfully completed (vehicle still plugged in) 6: Charging process completed by user (vehicle still plugged in) 7: Charging ended with error (vehicle still connected)  ";EVTEC charger;C;
SoC_ID3;percent;CHAdeMO State of Charge;EVTEC charger;C;
Capacity_EV_ID3;kWh;CHAdeMO Battery capacity at actual SoC (if available);EVTEC charger;C;
Output_Voltage_ID3;V;CHAdeMO output voltage;EVTEC charger;C;
Output_Current_ID3;A;CHAdeMO output current;EVTEC charger;C;
Output_Power_ID3;kW;CHAdeMO output power;EVTEC charger;C;
AC_Power_set_ID3;kW;AC power setpoint on grid side of charger;EVTEC charger;C;
ConnectorType_ID4;Enum;Type 2;EVTEC charger;C;
STATE_ID4;PlugStateEnum;Type 2: 0: Unavailable 1: Available 2: Occupied 3: Preparing 4: Charging 5: Finishing  6: Suspended EV 7: Suspended EVSE 8: Not ready 9: Faulted ;EVTEC charger;C;
ChargeState_ID4;ChargeStateEnum;"Type 2: 0: Charging process not started (no vehicle connected) 1: Connected, waiting for release (by RFID or Local) 2: Charging process starts 
3: Shop 4: Suspended (loading paused) 5: Charging process successfully completed (vehicle still plugged in) 6: Charging process completed by user (vehicle still plugged in) 7: Charging ended with error (vehicle still connected)  ";EVTEC charger;C;
Output_Voltage_ID4;V;Type 2 output voltage;EVTEC charger;C;
Output_Current_ID4;A;Type 2 output current;EVTEC charger;C;
Output_Power_ID4;kW;Type 2 output power;EVTEC charger;C;
AC_Power_set_ID4;kW;AC power setpoint on grid side of charger;EVTEC charger;C;
epoch;epoch format;Timestamp G- and C-type data;;G and C;
Time;date and time;Timestamp H-type data (note: prefix Line_PX_1 = EVTEC, Line_PX_2 = Wirelane);Power quality analyser;H;Kocos
Line_PX_1.UL1-NRMS (avg);V;Grid voltage L1;Power quality analyser;H;Kocos
Line_PX_1.UL2-NRMS (avg);V;Grid voltage L2;Power quality analyser;H;Kocos
Line_PX_1.UL3-NRMS (avg);V;Grid voltage L3;Power quality analyser;H;Kocos
Line_PX_1.IL1 RMS (avg);A;Grid current L1;Power quality analyser;H;Kocos
Line_PX_1.IL2 RMS (avg);A;Grid current L2;Power quality analyser;H;Kocos
Line_PX_1.IL3 RMS (avg);A;Grid current L3;Power quality analyser;H;Kocos
Line_PX_1.AFL1 (avg);;Power factor L1;Power quality analyser;H;Kocos
Line_PX_1.PL1 (avg);W;Active power L1;Power quality analyser;H;Kocos
Line_PX_1.SL1 (avg);VA;Apparent power L1;Power quality analyser;H;Kocos
Line_PX_1.IL1H01 (avg);percent;Current harmonics L1;Power quality analyser;H;Kocos
Line_PX_1.IL1H02 (avg);percent;Current harmonics L1;Power quality analyser;H;Kocos
Line_PX_1.IL1H03 (avg);percent;Current harmonics L1;Power quality analyser;H;Kocos
Line_PX_1.IL1H04 (avg);percent;Current harmonics L1;Power quality analyser;H;Kocos
Line_PX_1.IL1H05 (avg);percent;Current harmonics L1;Power quality analyser;H;Kocos
Line_PX_1.IL1H06 (avg);percent;Current harmonics L1;Power quality analyser;H;Kocos
Line_PX_1.IL1H07 (avg);percent;Current harmonics L1;Power quality analyser;H;Kocos
Line_PX_1.IL1H08 (avg);percent;Current harmonics L1;Power quality analyser;H;Kocos
Line_PX_1.IL1H09 (avg);percent;Current harmonics L1;Power quality analyser;H;Kocos
Line_PX_1.IL1H10 (avg);percent;Current harmonics L1;Power quality analyser;H;Kocos
Line_PX_1.IL1H11 (avg);percent;Current harmonics L1;Power quality analyser;H;Kocos
Line_PX_1.IL1H12 (avg);percent;Current harmonics L1;Power quality analyser;H;Kocos
Line_PX_1.IL1H13 (avg);percent;Current harmonics L1;Power quality analyser;H;Kocos
Line_PX_1.IL1H14 (avg);percent;Current harmonics L1;Power quality analyser;H;Kocos
Line_PX_1.IL1H15 (avg);percent;Current harmonics L1;Power quality analyser;H;Kocos
Line_PX_1.IL1H16 (avg);percent;Current harmonics L1;Power quality analyser;H;Kocos
Line_PX_1.IL1H17 (avg);percent;Current harmonics L1;Power quality analyser;H;Kocos
Line_PX_1.IL1H18 (avg);percent;Current harmonics L1;Power quality analyser;H;Kocos
Line_PX_1.IL1H19 (avg);percent;Current harmonics L1;Power quality analyser;H;Kocos
Line_PX_1.IL1H20 (avg);percent;Current harmonics L1;Power quality analyser;H;Kocos
Line_PX_1.IL1H21 (avg);percent;Current harmonics L1;Power quality analyser;H;Kocos
Line_PX_1.IL1H22 (avg);percent;Current harmonics L1;Power quality analyser;H;Kocos
Line_PX_1.IL1H23 (avg);percent;Current harmonics L1;Power quality analyser;H;Kocos
Line_PX_1.IL1H24 (avg);percent;Current harmonics L1;Power quality analyser;H;Kocos
Line_PX_1.IL1H25 (avg);percent;Current harmonics L1;Power quality analyser;H;Kocos
Line_PX_1.IL1H26 (avg);percent;Current harmonics L1;Power quality analyser;H;Kocos
Line_PX_1.IL1H27 (avg);percent;Current harmonics L1;Power quality analyser;H;Kocos
Line_PX_1.IL1H28 (avg);percent;Current harmonics L1;Power quality analyser;H;Kocos
Line_PX_1.IL1H29 (avg);percent;Current harmonics L1;Power quality analyser;H;Kocos
Line_PX_1.IL1H30 (avg);percent;Current harmonics L1;Power quality analyser;H;Kocos
Line_PX_1.IL1H31 (avg);percent;Current harmonics L1;Power quality analyser;H;Kocos
Line_PX_1.IL1H32 (avg);percent;Current harmonics L1;Power quality analyser;H;Kocos
Line_PX_1.IL1H33 (avg);percent;Current harmonics L1;Power quality analyser;H;Kocos
Line_PX_1.IL1H34 (avg);percent;Current harmonics L1;Power quality analyser;H;Kocos
Line_PX_1.IL1H35 (avg);percent;Current harmonics L1;Power quality analyser;H;Kocos
Line_PX_1.IL1H36 (avg);percent;Current harmonics L1;Power quality analyser;H;Kocos
Line_PX_1.IL1H37 (avg);percent;Current harmonics L1;Power quality analyser;H;Kocos
Line_PX_1.IL1H38 (avg);percent;Current harmonics L1;Power quality analyser;H;Kocos
Line_PX_1.IL1H39 (avg);percent;Current harmonics L1;Power quality analyser;H;Kocos
Line_PX_1.IL1H40 (avg);percent;Current harmonics L1;Power quality analyser;H;Kocos
Line_PX_1.IL1H41 (avg);percent;Current harmonics L1;Power quality analyser;H;Kocos
Line_PX_1.IL1H42 (avg);percent;Current harmonics L1;Power quality analyser;H;Kocos
Line_PX_1.IL1H43 (avg);percent;Current harmonics L1;Power quality analyser;H;Kocos
Line_PX_1.IL1H44 (avg);percent;Current harmonics L1;Power quality analyser;H;Kocos
Line_PX_1.IL1H45 (avg);percent;Current harmonics L1;Power quality analyser;H;Kocos
Line_PX_1.IL1H46 (avg);percent;Current harmonics L1;Power quality analyser;H;Kocos
Line_PX_1.IL1H47 (avg);percent;Current harmonics L1;Power quality analyser;H;Kocos
Line_PX_1.IL1H48 (avg);percent;Current harmonics L1;Power quality analyser;H;Kocos
Line_PX_1.IL1H49 (avg);percent;Current harmonics L1;Power quality analyser;H;Kocos
Line_PX_1.IL1H50 (avg);percent;Current harmonics L1;Power quality analyser;H;Kocos
Line_PX_1.IL1H51 (avg);percent;Current harmonics L1;Power quality analyser;H;Kocos
Line_PX_1.IL1H52 (avg);percent;Current harmonics L1;Power quality analyser;H;Kocos
Line_PX_1.IL1H53 (avg);percent;Current harmonics L1;Power quality analyser;H;Kocos
Line_PX_1.IL1H54 (avg);percent;Current harmonics L1;Power quality analyser;H;Kocos
Line_PX_1.IL1H55 (avg);percent;Current harmonics L1;Power quality analyser;H;Kocos
Line_PX_1.IL1H56 (avg);percent;Current harmonics L1;Power quality analyser;H;Kocos
Line_PX_1.IL1H57 (avg);percent;Current harmonics L1;Power quality analyser;H;Kocos
Line_PX_1.IL1H58 (avg);percent;Current harmonics L1;Power quality analyser;H;Kocos
Line_PX_1.IL1H59 (avg);percent;Current harmonics L1;Power quality analyser;H;Kocos
Line_PX_1.IL1H60 (avg);percent;Current harmonics L1;Power quality analyser;H;Kocos
Line_PX_1.IL1H61 (avg);percent;Current harmonics L1;Power quality analyser;H;Kocos
Line_PX_1.IL1H62 (avg);percent;Current harmonics L1;Power quality analyser;H;Kocos
Line_PX_1.IL1H63 (avg);percent;Current harmonics L1;Power quality analyser;H;Kocos
Line_PX_1.IL1IH00 (avg);percent;Current inter-harmonics L1;Power quality analyser;H;Kocos
Line_PX_1.IL1IH01 (avg);percent;Current inter-harmonics L1;Power quality analyser;H;Kocos
Line_PX_1.IL1IH02 (avg);percent;Current inter-harmonics L1;Power quality analyser;H;Kocos
Line_PX_1.IL1IH03 (avg);percent;Current inter-harmonics L1;Power quality analyser;H;Kocos
Line_PX_1.IL1IH04 (avg);percent;Current inter-harmonics L1;Power quality analyser;H;Kocos
Line_PX_1.IL1IH05 (avg);percent;Current inter-harmonics L1;Power quality analyser;H;Kocos
Line_PX_1.IL1IH06 (avg);percent;Current inter-harmonics L1;Power quality analyser;H;Kocos
Line_PX_1.IL1IH07 (avg);percent;Current inter-harmonics L1;Power quality analyser;H;Kocos
Line_PX_1.IL1IH08 (avg);percent;Current inter-harmonics L1;Power quality analyser;H;Kocos
Line_PX_1.IL1IH09 (avg);percent;Current inter-harmonics L1;Power quality analyser;H;Kocos
Line_PX_1.IL1IH10 (avg);percent;Current inter-harmonics L1;Power quality analyser;H;Kocos
Line_PX_1.IL1IH11 (avg);percent;Current inter-harmonics L1;Power quality analyser;H;Kocos
Line_PX_1.IL1IH12 (avg);percent;Current inter-harmonics L1;Power quality analyser;H;Kocos
Line_PX_1.IL1IH13 (avg);percent;Current inter-harmonics L1;Power quality analyser;H;Kocos
Line_PX_1.IL1IH14 (avg);percent;Current inter-harmonics L1;Power quality analyser;H;Kocos
Line_PX_1.IL1IH15 (avg);percent;Current inter-harmonics L1;Power quality analyser;H;Kocos
Line_PX_1.IL1IH16 (avg);percent;Current inter-harmonics L1;Power quality analyser;H;Kocos
Line_PX_1.IL1IH17 (avg);percent;Current inter-harmonics L1;Power quality analyser;H;Kocos
Line_PX_1.IL1IH18 (avg);percent;Current inter-harmonics L1;Power quality analyser;H;Kocos
Line_PX_1.IL1IH19 (avg);percent;Current inter-harmonics L1;Power quality analyser;H;Kocos
Line_PX_1.IL1IH20 (avg);percent;Current inter-harmonics L1;Power quality analyser;H;Kocos
Line_PX_1.IL1IH21 (avg);percent;Current inter-harmonics L1;Power quality analyser;H;Kocos
Line_PX_1.IL1IH22 (avg);percent;Current inter-harmonics L1;Power quality analyser;H;Kocos
Line_PX_1.IL1IH23 (avg);percent;Current inter-harmonics L1;Power quality analyser;H;Kocos
Line_PX_1.IL1IH24 (avg);percent;Current inter-harmonics L1;Power quality analyser;H;Kocos
Line_PX_1.IL1IH25 (avg);percent;Current inter-harmonics L1;Power quality analyser;H;Kocos
Line_PX_1.IL1IH26 (avg);percent;Current inter-harmonics L1;Power quality analyser;H;Kocos
Line_PX_1.IL1IH27 (avg);percent;Current inter-harmonics L1;Power quality analyser;H;Kocos
Line_PX_1.IL1IH28 (avg);percent;Current inter-harmonics L1;Power quality analyser;H;Kocos
Line_PX_1.IL1IH29 (avg);percent;Current inter-harmonics L1;Power quality analyser;H;Kocos
Line_PX_1.IL1IH30 (avg);percent;Current inter-harmonics L1;Power quality analyser;H;Kocos
Line_PX_1.IL1IH31 (avg);percent;Current inter-harmonics L1;Power quality analyser;H;Kocos
Line_PX_1.IL1IH32 (avg);percent;Current inter-harmonics L1;Power quality analyser;H;Kocos
Line_PX_1.IL1IH33 (avg);percent;Current inter-harmonics L1;Power quality analyser;H;Kocos
Line_PX_1.IL1IH34 (avg);percent;Current inter-harmonics L1;Power quality analyser;H;Kocos
Line_PX_1.IL1IH35 (avg);percent;Current inter-harmonics L1;Power quality analyser;H;Kocos
Line_PX_1.IL1IH36 (avg);percent;Current inter-harmonics L1;Power quality analyser;H;Kocos
Line_PX_1.IL1IH37 (avg);percent;Current inter-harmonics L1;Power quality analyser;H;Kocos
Line_PX_1.IL1IH38 (avg);percent;Current inter-harmonics L1;Power quality analyser;H;Kocos
Line_PX_1.IL1IH39 (avg);percent;Current inter-harmonics L1;Power quality analyser;H;Kocos
Line_PX_1.IL1IH40 (avg);percent;Current inter-harmonics L1;Power quality analyser;H;Kocos
Line_PX_1.IL1IH41 (avg);percent;Current inter-harmonics L1;Power quality analyser;H;Kocos
Line_PX_1.IL1IH42 (avg);percent;Current inter-harmonics L1;Power quality analyser;H;Kocos
Line_PX_1.IL1IH43 (avg);percent;Current inter-harmonics L1;Power quality analyser;H;Kocos
Line_PX_1.IL1IH44 (avg);percent;Current inter-harmonics L1;Power quality analyser;H;Kocos
Line_PX_1.IL1IH45 (avg);percent;Current inter-harmonics L1;Power quality analyser;H;Kocos
Line_PX_1.IL1IH46 (avg);percent;Current inter-harmonics L1;Power quality analyser;H;Kocos
Line_PX_1.IL1IH47 (avg);percent;Current inter-harmonics L1;Power quality analyser;H;Kocos
Line_PX_1.IL1IH48 (avg);percent;Current inter-harmonics L1;Power quality analyser;H;Kocos
Line_PX_1.IL1IH49 (avg);percent;Current inter-harmonics L1;Power quality analyser;H;Kocos
Line_PX_1.IL1IH50 (avg);percent;Current inter-harmonics L1;Power quality analyser;H;Kocos
Line_PX_1.IL1IH51 (avg);percent;Current inter-harmonics L1;Power quality analyser;H;Kocos
Line_PX_1.IL1IH52 (avg);percent;Current inter-harmonics L1;Power quality analyser;H;Kocos
Line_PX_1.IL1IH53 (avg);percent;Current inter-harmonics L1;Power quality analyser;H;Kocos
Line_PX_1.IL1IH54 (avg);percent;Current inter-harmonics L1;Power quality analyser;H;Kocos
Line_PX_1.IL1IH55 (avg);percent;Current inter-harmonics L1;Power quality analyser;H;Kocos
Line_PX_1.IL1IH56 (avg);percent;Current inter-harmonics L1;Power quality analyser;H;Kocos
Line_PX_1.IL1IH57 (avg);percent;Current inter-harmonics L1;Power quality analyser;H;Kocos
Line_PX_1.IL1IH58 (avg);percent;Current inter-harmonics L1;Power quality analyser;H;Kocos
Line_PX_1.IL1IH59 (avg);percent;Current inter-harmonics L1;Power quality analyser;H;Kocos
Line_PX_1.IL1IH60 (avg);percent;Current inter-harmonics L1;Power quality analyser;H;Kocos
Line_PX_1.IL1IH61 (avg);percent;Current inter-harmonics L1;Power quality analyser;H;Kocos
Line_PX_1.IL1IH62 (avg);percent;Current inter-harmonics L1;Power quality analyser;H;Kocos
Line_PX_1.IL1THD (avg);percent;Current THD L1;Power quality analyser;H;Kocos
Line_PX_1.QL1 (avg);var;Reactive power L1;Power quality analyser;H;Kocos
Line_PX_1.UL1-NH01 (avg);percent;Voltage harmonics L1;Power quality analyser;H;Kocos
Line_PX_1.UL1-NH02 (avg);percent;Voltage harmonics L1;Power quality analyser;H;Kocos
Line_PX_1.UL1-NH03 (avg);percent;Voltage harmonics L1;Power quality analyser;H;Kocos
Line_PX_1.UL1-NH04 (avg);percent;Voltage harmonics L1;Power quality analyser;H;Kocos
Line_PX_1.UL1-NH05 (avg);percent;Voltage harmonics L1;Power quality analyser;H;Kocos
Line_PX_1.UL1-NH06 (avg);percent;Voltage harmonics L1;Power quality analyser;H;Kocos
Line_PX_1.UL1-NH07 (avg);percent;Voltage harmonics L1;Power quality analyser;H;Kocos
Line_PX_1.UL1-NH08 (avg);percent;Voltage harmonics L1;Power quality analyser;H;Kocos
Line_PX_1.UL1-NH09 (avg);percent;Voltage harmonics L1;Power quality analyser;H;Kocos
Line_PX_1.UL1-NH10 (avg);percent;Voltage harmonics L1;Power quality analyser;H;Kocos
Line_PX_1.UL1-NH11 (avg);percent;Voltage harmonics L1;Power quality analyser;H;Kocos
Line_PX_1.UL1-NH12 (avg);percent;Voltage harmonics L1;Power quality analyser;H;Kocos
Line_PX_1.UL1-NH13 (avg);percent;Voltage harmonics L1;Power quality analyser;H;Kocos
Line_PX_1.UL1-NH14 (avg);percent;Voltage harmonics L1;Power quality analyser;H;Kocos
Line_PX_1.UL1-NH15 (avg);percent;Voltage harmonics L1;Power quality analyser;H;Kocos
Line_PX_1.UL1-NH16 (avg);percent;Voltage harmonics L1;Power quality analyser;H;Kocos
Line_PX_1.UL1-NH17 (avg);percent;Voltage harmonics L1;Power quality analyser;H;Kocos
Line_PX_1.UL1-NH18 (avg);percent;Voltage harmonics L1;Power quality analyser;H;Kocos
Line_PX_1.UL1-NH19 (avg);percent;Voltage harmonics L1;Power quality analyser;H;Kocos
Line_PX_1.UL1-NH20 (avg);percent;Voltage harmonics L1;Power quality analyser;H;Kocos
Line_PX_1.UL1-NH21 (avg);percent;Voltage harmonics L1;Power quality analyser;H;Kocos
Line_PX_1.UL1-NH22 (avg);percent;Voltage harmonics L1;Power quality analyser;H;Kocos
Line_PX_1.UL1-NH23 (avg);percent;Voltage harmonics L1;Power quality analyser;H;Kocos
Line_PX_1.UL1-NH24 (avg);percent;Voltage harmonics L1;Power quality analyser;H;Kocos
Line_PX_1.UL1-NH25 (avg);percent;Voltage harmonics L1;Power quality analyser;H;Kocos
Line_PX_1.UL1-NH26 (avg);percent;Voltage harmonics L1;Power quality analyser;H;Kocos
Line_PX_1.UL1-NH27 (avg);percent;Voltage harmonics L1;Power quality analyser;H;Kocos
Line_PX_1.UL1-NH28 (avg);percent;Voltage harmonics L1;Power quality analyser;H;Kocos
Line_PX_1.UL1-NH29 (avg);percent;Voltage harmonics L1;Power quality analyser;H;Kocos
Line_PX_1.UL1-NH30 (avg);percent;Voltage harmonics L1;Power quality analyser;H;Kocos
Line_PX_1.UL1-NH31 (avg);percent;Voltage harmonics L1;Power quality analyser;H;Kocos
Line_PX_1.UL1-NH32 (avg);percent;Voltage harmonics L1;Power quality analyser;H;Kocos
Line_PX_1.UL1-NH33 (avg);percent;Voltage harmonics L1;Power quality analyser;H;Kocos
Line_PX_1.UL1-NH34 (avg);percent;Voltage harmonics L1;Power quality analyser;H;Kocos
Line_PX_1.UL1-NH35 (avg);percent;Voltage harmonics L1;Power quality analyser;H;Kocos
Line_PX_1.UL1-NH36 (avg);percent;Voltage harmonics L1;Power quality analyser;H;Kocos
Line_PX_1.UL1-NH37 (avg);percent;Voltage harmonics L1;Power quality analyser;H;Kocos
Line_PX_1.UL1-NH38 (avg);percent;Voltage harmonics L1;Power quality analyser;H;Kocos
Line_PX_1.UL1-NH39 (avg);percent;Voltage harmonics L1;Power quality analyser;H;Kocos
Line_PX_1.UL1-NH40 (avg);percent;Voltage harmonics L1;Power quality analyser;H;Kocos
Line_PX_1.UL1-NH41 (avg);percent;Voltage harmonics L1;Power quality analyser;H;Kocos
Line_PX_1.UL1-NH42 (avg);percent;Voltage harmonics L1;Power quality analyser;H;Kocos
Line_PX_1.UL1-NH43 (avg);percent;Voltage harmonics L1;Power quality analyser;H;Kocos
Line_PX_1.UL1-NH44 (avg);percent;Voltage harmonics L1;Power quality analyser;H;Kocos
Line_PX_1.UL1-NH45 (avg);percent;Voltage harmonics L1;Power quality analyser;H;Kocos
Line_PX_1.UL1-NH46 (avg);percent;Voltage harmonics L1;Power quality analyser;H;Kocos
Line_PX_1.UL1-NH47 (avg);percent;Voltage harmonics L1;Power quality analyser;H;Kocos
Line_PX_1.UL1-NH48 (avg);percent;Voltage harmonics L1;Power quality analyser;H;Kocos
Line_PX_1.UL1-NH49 (avg);percent;Voltage harmonics L1;Power quality analyser;H;Kocos
Line_PX_1.UL1-NH50 (avg);percent;Voltage harmonics L1;Power quality analyser;H;Kocos
Line_PX_1.UL1-NH51 (avg);percent;Voltage harmonics L1;Power quality analyser;H;Kocos
Line_PX_1.UL1-NH52 (avg);percent;Voltage harmonics L1;Power quality analyser;H;Kocos
Line_PX_1.UL1-NH53 (avg);percent;Voltage harmonics L1;Power quality analyser;H;Kocos
Line_PX_1.UL1-NH54 (avg);percent;Voltage harmonics L1;Power quality analyser;H;Kocos
Line_PX_1.UL1-NH55 (avg);percent;Voltage harmonics L1;Power quality analyser;H;Kocos
Line_PX_1.UL1-NH56 (avg);percent;Voltage harmonics L1;Power quality analyser;H;Kocos
Line_PX_1.UL1-NH57 (avg);percent;Voltage harmonics L1;Power quality analyser;H;Kocos
Line_PX_1.UL1-NH58 (avg);percent;Voltage harmonics L1;Power quality analyser;H;Kocos
Line_PX_1.UL1-NH59 (avg);percent;Voltage harmonics L1;Power quality analyser;H;Kocos
Line_PX_1.UL1-NH60 (avg);percent;Voltage harmonics L1;Power quality analyser;H;Kocos
Line_PX_1.UL1-NH61 (avg);percent;Voltage harmonics L1;Power quality analyser;H;Kocos
Line_PX_1.UL1-NH62 (avg);percent;Voltage harmonics L1;Power quality analyser;H;Kocos
Line_PX_1.UL1-NH63 (avg);percent;Voltage harmonics L1;Power quality analyser;H;Kocos
Line_PX_1.UL1-NIH00 (avg);percent;Voltage inter-harmonics L1;Power quality analyser;H;Kocos
Line_PX_1.UL1-NIH01 (avg);percent;Voltage inter-harmonics L1;Power quality analyser;H;Kocos
Line_PX_1.UL1-NIH02 (avg);percent;Voltage inter-harmonics L1;Power quality analyser;H;Kocos
Line_PX_1.UL1-NIH03 (avg);percent;Voltage inter-harmonics L1;Power quality analyser;H;Kocos
Line_PX_1.UL1-NIH04 (avg);percent;Voltage inter-harmonics L1;Power quality analyser;H;Kocos
Line_PX_1.UL1-NIH05 (avg);percent;Voltage inter-harmonics L1;Power quality analyser;H;Kocos
Line_PX_1.UL1-NIH06 (avg);percent;Voltage inter-harmonics L1;Power quality analyser;H;Kocos
Line_PX_1.UL1-NIH07 (avg);percent;Voltage inter-harmonics L1;Power quality analyser;H;Kocos
Line_PX_1.UL1-NIH08 (avg);percent;Voltage inter-harmonics L1;Power quality analyser;H;Kocos
Line_PX_1.UL1-NIH09 (avg);percent;Voltage inter-harmonics L1;Power quality analyser;H;Kocos
Line_PX_1.UL1-NIH10 (avg);percent;Voltage inter-harmonics L1;Power quality analyser;H;Kocos
Line_PX_1.UL1-NIH11 (avg);percent;Voltage inter-harmonics L1;Power quality analyser;H;Kocos
Line_PX_1.UL1-NIH12 (avg);percent;Voltage inter-harmonics L1;Power quality analyser;H;Kocos
Line_PX_1.UL1-NIH13 (avg);percent;Voltage inter-harmonics L1;Power quality analyser;H;Kocos
Line_PX_1.UL1-NIH14 (avg);percent;Voltage inter-harmonics L1;Power quality analyser;H;Kocos
Line_PX_1.UL1-NIH15 (avg);percent;Voltage inter-harmonics L1;Power quality analyser;H;Kocos
Line_PX_1.UL1-NIH16 (avg);percent;Voltage inter-harmonics L1;Power quality analyser;H;Kocos
Line_PX_1.UL1-NIH17 (avg);percent;Voltage inter-harmonics L1;Power quality analyser;H;Kocos
Line_PX_1.UL1-NIH18 (avg);percent;Voltage inter-harmonics L1;Power quality analyser;H;Kocos
Line_PX_1.UL1-NIH19 (avg);percent;Voltage inter-harmonics L1;Power quality analyser;H;Kocos
Line_PX_1.UL1-NIH20 (avg);percent;Voltage inter-harmonics L1;Power quality analyser;H;Kocos
Line_PX_1.UL1-NIH21 (avg);percent;Voltage inter-harmonics L1;Power quality analyser;H;Kocos
Line_PX_1.UL1-NIH22 (avg);percent;Voltage inter-harmonics L1;Power quality analyser;H;Kocos
Line_PX_1.UL1-NIH23 (avg);percent;Voltage inter-harmonics L1;Power quality analyser;H;Kocos
Line_PX_1.UL1-NIH24 (avg);percent;Voltage inter-harmonics L1;Power quality analyser;H;Kocos
Line_PX_1.UL1-NIH25 (avg);percent;Voltage inter-harmonics L1;Power quality analyser;H;Kocos
Line_PX_1.UL1-NIH26 (avg);percent;Voltage inter-harmonics L1;Power quality analyser;H;Kocos
Line_PX_1.UL1-NIH27 (avg);percent;Voltage inter-harmonics L1;Power quality analyser;H;Kocos
Line_PX_1.UL1-NIH28 (avg);percent;Voltage inter-harmonics L1;Power quality analyser;H;Kocos
Line_PX_1.UL1-NIH29 (avg);percent;Voltage inter-harmonics L1;Power quality analyser;H;Kocos
Line_PX_1.UL1-NIH30 (avg);percent;Voltage inter-harmonics L1;Power quality analyser;H;Kocos
Line_PX_1.UL1-NIH31 (avg);percent;Voltage inter-harmonics L1;Power quality analyser;H;Kocos
Line_PX_1.UL1-NIH32 (avg);percent;Voltage inter-harmonics L1;Power quality analyser;H;Kocos
Line_PX_1.UL1-NIH33 (avg);percent;Voltage inter-harmonics L1;Power quality analyser;H;Kocos
Line_PX_1.UL1-NIH34 (avg);percent;Voltage inter-harmonics L1;Power quality analyser;H;Kocos
Line_PX_1.UL1-NIH35 (avg);percent;Voltage inter-harmonics L1;Power quality analyser;H;Kocos
Line_PX_1.UL1-NIH36 (avg);percent;Voltage inter-harmonics L1;Power quality analyser;H;Kocos
Line_PX_1.UL1-NIH37 (avg);percent;Voltage inter-harmonics L1;Power quality analyser;H;Kocos
Line_PX_1.UL1-NIH38 (avg);percent;Voltage inter-harmonics L1;Power quality analyser;H;Kocos
Line_PX_1.UL1-NIH39 (avg);percent;Voltage inter-harmonics L1;Power quality analyser;H;Kocos
Line_PX_1.UL1-NIH40 (avg);percent;Voltage inter-harmonics L1;Power quality analyser;H;Kocos
Line_PX_1.UL1-NIH41 (avg);percent;Voltage inter-harmonics L1;Power quality analyser;H;Kocos
Line_PX_1.UL1-NIH42 (avg);percent;Voltage inter-harmonics L1;Power quality analyser;H;Kocos
Line_PX_1.UL1-NIH43 (avg);percent;Voltage inter-harmonics L1;Power quality analyser;H;Kocos
Line_PX_1.UL1-NIH44 (avg);percent;Voltage inter-harmonics L1;Power quality analyser;H;Kocos
Line_PX_1.UL1-NIH45 (avg);percent;Voltage inter-harmonics L1;Power quality analyser;H;Kocos
Line_PX_1.UL1-NIH46 (avg);percent;Voltage inter-harmonics L1;Power quality analyser;H;Kocos
Line_PX_1.UL1-NIH47 (avg);percent;Voltage inter-harmonics L1;Power quality analyser;H;Kocos
Line_PX_1.UL1-NIH48 (avg);percent;Voltage inter-harmonics L1;Power quality analyser;H;Kocos
Line_PX_1.UL1-NIH49 (avg);percent;Voltage inter-harmonics L1;Power quality analyser;H;Kocos
Line_PX_1.UL1-NIH50 (avg);percent;Voltage inter-harmonics L1;Power quality analyser;H;Kocos
Line_PX_1.UL1-NIH51 (avg);percent;Voltage inter-harmonics L1;Power quality analyser;H;Kocos
Line_PX_1.UL1-NIH52 (avg);percent;Voltage inter-harmonics L1;Power quality analyser;H;Kocos
Line_PX_1.UL1-NIH53 (avg);percent;Voltage inter-harmonics L1;Power quality analyser;H;Kocos
Line_PX_1.UL1-NIH54 (avg);percent;Voltage inter-harmonics L1;Power quality analyser;H;Kocos
Line_PX_1.UL1-NIH55 (avg);percent;Voltage inter-harmonics L1;Power quality analyser;H;Kocos
Line_PX_1.UL1-NIH56 (avg);percent;Voltage inter-harmonics L1;Power quality analyser;H;Kocos
Line_PX_1.UL1-NIH57 (avg);percent;Voltage inter-harmonics L1;Power quality analyser;H;Kocos
Line_PX_1.UL1-NIH58 (avg);percent;Voltage inter-harmonics L1;Power quality analyser;H;Kocos
Line_PX_1.UL1-NIH59 (avg);percent;Voltage inter-harmonics L1;Power quality analyser;H;Kocos
Line_PX_1.UL1-NIH60 (avg);percent;Voltage inter-harmonics L1;Power quality analyser;H;Kocos
Line_PX_1.UL1-NIH61 (avg);percent;Voltage inter-harmonics L1;Power quality analyser;H;Kocos
Line_PX_1.UL1-NIH62 (avg);percent;Voltage inter-harmonics L1;Power quality analyser;H;Kocos
Line_PX_1.UL1-NTHD (avg);percent;Voltage THD L1;Power quality analyser;H;Kocos
Line_PX_1.AFL2 (avg);;Power factor L2;Power quality analyser;H;Kocos
Line_PX_1.PL2 (avg);W;Active power L2;Power quality analyser;H;Kocos
Line_PX_1.SL2 (avg);VA;Apparent power L2;Power quality analyser;H;Kocos
Line_PX_1.IL2H01 (avg);percent;Current harmonics L2;Power quality analyser;H;Kocos
Line_PX_1.IL2H02 (avg);percent;Current harmonics L2;Power quality analyser;H;Kocos
Line_PX_1.IL2H03 (avg);percent;Current harmonics L2;Power quality analyser;H;Kocos
Line_PX_1.IL2H04 (avg);percent;Current harmonics L2;Power quality analyser;H;Kocos
Line_PX_1.IL2H05 (avg);percent;Current harmonics L2;Power quality analyser;H;Kocos
Line_PX_1.IL2H06 (avg);percent;Current harmonics L2;Power quality analyser;H;Kocos
Line_PX_1.IL2H07 (avg);percent;Current harmonics L2;Power quality analyser;H;Kocos
Line_PX_1.IL2H08 (avg);percent;Current harmonics L2;Power quality analyser;H;Kocos
Line_PX_1.IL2H09 (avg);percent;Current harmonics L2;Power quality analyser;H;Kocos
Line_PX_1.IL2H10 (avg);percent;Current harmonics L2;Power quality analyser;H;Kocos
Line_PX_1.IL2H11 (avg);percent;Current harmonics L2;Power quality analyser;H;Kocos
Line_PX_1.IL2H12 (avg);percent;Current harmonics L2;Power quality analyser;H;Kocos
Line_PX_1.IL2H13 (avg);percent;Current harmonics L2;Power quality analyser;H;Kocos
Line_PX_1.IL2H14 (avg);percent;Current harmonics L2;Power quality analyser;H;Kocos
Line_PX_1.IL2H15 (avg);percent;Current harmonics L2;Power quality analyser;H;Kocos
Line_PX_1.IL2H16 (avg);percent;Current harmonics L2;Power quality analyser;H;Kocos
Line_PX_1.IL2H17 (avg);percent;Current harmonics L2;Power quality analyser;H;Kocos
Line_PX_1.IL2H18 (avg);percent;Current harmonics L2;Power quality analyser;H;Kocos
Line_PX_1.IL2H19 (avg);percent;Current harmonics L2;Power quality analyser;H;Kocos
Line_PX_1.IL2H20 (avg);percent;Current harmonics L2;Power quality analyser;H;Kocos
Line_PX_1.IL2H21 (avg);percent;Current harmonics L2;Power quality analyser;H;Kocos
Line_PX_1.IL2H22 (avg);percent;Current harmonics L2;Power quality analyser;H;Kocos
Line_PX_1.IL2H23 (avg);percent;Current harmonics L2;Power quality analyser;H;Kocos
Line_PX_1.IL2H24 (avg);percent;Current harmonics L2;Power quality analyser;H;Kocos
Line_PX_1.IL2H25 (avg);percent;Current harmonics L2;Power quality analyser;H;Kocos
Line_PX_1.IL2H26 (avg);percent;Current harmonics L2;Power quality analyser;H;Kocos
Line_PX_1.IL2H27 (avg);percent;Current harmonics L2;Power quality analyser;H;Kocos
Line_PX_1.IL2H28 (avg);percent;Current harmonics L2;Power quality analyser;H;Kocos
Line_PX_1.IL2H29 (avg);percent;Current harmonics L2;Power quality analyser;H;Kocos
Line_PX_1.IL2H30 (avg);percent;Current harmonics L2;Power quality analyser;H;Kocos
Line_PX_1.IL2H31 (avg);percent;Current harmonics L2;Power quality analyser;H;Kocos
Line_PX_1.IL2H32 (avg);percent;Current harmonics L2;Power quality analyser;H;Kocos
Line_PX_1.IL2H33 (avg);percent;Current harmonics L2;Power quality analyser;H;Kocos
Line_PX_1.IL2H34 (avg);percent;Current harmonics L2;Power quality analyser;H;Kocos
Line_PX_1.IL2H35 (avg);percent;Current harmonics L2;Power quality analyser;H;Kocos
Line_PX_1.IL2H36 (avg);percent;Current harmonics L2;Power quality analyser;H;Kocos
Line_PX_1.IL2H37 (avg);percent;Current harmonics L2;Power quality analyser;H;Kocos
Line_PX_1.IL2H38 (avg);percent;Current harmonics L2;Power quality analyser;H;Kocos
Line_PX_1.IL2H39 (avg);percent;Current harmonics L2;Power quality analyser;H;Kocos
Line_PX_1.IL2H40 (avg);percent;Current harmonics L2;Power quality analyser;H;Kocos
Line_PX_1.IL2H41 (avg);percent;Current harmonics L2;Power quality analyser;H;Kocos
Line_PX_1.IL2H42 (avg);percent;Current harmonics L2;Power quality analyser;H;Kocos
Line_PX_1.IL2H43 (avg);percent;Current harmonics L2;Power quality analyser;H;Kocos
Line_PX_1.IL2H44 (avg);percent;Current harmonics L2;Power quality analyser;H;Kocos
Line_PX_1.IL2H45 (avg);percent;Current harmonics L2;Power quality analyser;H;Kocos
Line_PX_1.IL2H46 (avg);percent;Current harmonics L2;Power quality analyser;H;Kocos
Line_PX_1.IL2H47 (avg);percent;Current harmonics L2;Power quality analyser;H;Kocos
Line_PX_1.IL2H48 (avg);percent;Current harmonics L2;Power quality analyser;H;Kocos
Line_PX_1.IL2H49 (avg);percent;Current harmonics L2;Power quality analyser;H;Kocos
Line_PX_1.IL2H50 (avg);percent;Current harmonics L2;Power quality analyser;H;Kocos
Line_PX_1.IL2H51 (avg);percent;Current harmonics L2;Power quality analyser;H;Kocos
Line_PX_1.IL2H52 (avg);percent;Current harmonics L2;Power quality analyser;H;Kocos
Line_PX_1.IL2H53 (avg);percent;Current harmonics L2;Power quality analyser;H;Kocos
Line_PX_1.IL2H54 (avg);percent;Current harmonics L2;Power quality analyser;H;Kocos
Line_PX_1.IL2H55 (avg);percent;Current harmonics L2;Power quality analyser;H;Kocos
Line_PX_1.IL2H56 (avg);percent;Current harmonics L2;Power quality analyser;H;Kocos
Line_PX_1.IL2H57 (avg);percent;Current harmonics L2;Power quality analyser;H;Kocos
Line_PX_1.IL2H58 (avg);percent;Current harmonics L2;Power quality analyser;H;Kocos
Line_PX_1.IL2H59 (avg);percent;Current harmonics L2;Power quality analyser;H;Kocos
Line_PX_1.IL2H60 (avg);percent;Current harmonics L2;Power quality analyser;H;Kocos
Line_PX_1.IL2H61 (avg);percent;Current harmonics L2;Power quality analyser;H;Kocos
Line_PX_1.IL2H62 (avg);percent;Current harmonics L2;Power quality analyser;H;Kocos
Line_PX_1.IL2H63 (avg);percent;Current harmonics L2;Power quality analyser;H;Kocos
Line_PX_1.IL2IH00 (avg);percent;Current inter-harmonics L2;Power quality analyser;H;Kocos
Line_PX_1.IL2IH01 (avg);percent;Current inter-harmonics L2;Power quality analyser;H;Kocos
Line_PX_1.IL2IH02 (avg);percent;Current inter-harmonics L2;Power quality analyser;H;Kocos
Line_PX_1.IL2IH03 (avg);percent;Current inter-harmonics L2;Power quality analyser;H;Kocos
Line_PX_1.IL2IH04 (avg);percent;Current inter-harmonics L2;Power quality analyser;H;Kocos
Line_PX_1.IL2IH05 (avg);percent;Current inter-harmonics L2;Power quality analyser;H;Kocos
Line_PX_1.IL2IH06 (avg);percent;Current inter-harmonics L2;Power quality analyser;H;Kocos
Line_PX_1.IL2IH07 (avg);percent;Current inter-harmonics L2;Power quality analyser;H;Kocos
Line_PX_1.IL2IH08 (avg);percent;Current inter-harmonics L2;Power quality analyser;H;Kocos
Line_PX_1.IL2IH09 (avg);percent;Current inter-harmonics L2;Power quality analyser;H;Kocos
Line_PX_1.IL2IH10 (avg);percent;Current inter-harmonics L2;Power quality analyser;H;Kocos
Line_PX_1.IL2IH11 (avg);percent;Current inter-harmonics L2;Power quality analyser;H;Kocos
Line_PX_1.IL2IH12 (avg);percent;Current inter-harmonics L2;Power quality analyser;H;Kocos
Line_PX_1.IL2IH13 (avg);percent;Current inter-harmonics L2;Power quality analyser;H;Kocos
Line_PX_1.IL2IH14 (avg);percent;Current inter-harmonics L2;Power quality analyser;H;Kocos
Line_PX_1.IL2IH15 (avg);percent;Current inter-harmonics L2;Power quality analyser;H;Kocos
Line_PX_1.IL2IH16 (avg);percent;Current inter-harmonics L2;Power quality analyser;H;Kocos
Line_PX_1.IL2IH17 (avg);percent;Current inter-harmonics L2;Power quality analyser;H;Kocos
Line_PX_1.IL2IH18 (avg);percent;Current inter-harmonics L2;Power quality analyser;H;Kocos
Line_PX_1.IL2IH19 (avg);percent;Current inter-harmonics L2;Power quality analyser;H;Kocos
Line_PX_1.IL2IH20 (avg);percent;Current inter-harmonics L2;Power quality analyser;H;Kocos
Line_PX_1.IL2IH21 (avg);percent;Current inter-harmonics L2;Power quality analyser;H;Kocos
Line_PX_1.IL2IH22 (avg);percent;Current inter-harmonics L2;Power quality analyser;H;Kocos
Line_PX_1.IL2IH23 (avg);percent;Current inter-harmonics L2;Power quality analyser;H;Kocos
Line_PX_1.IL2IH24 (avg);percent;Current inter-harmonics L2;Power quality analyser;H;Kocos
Line_PX_1.IL2IH25 (avg);percent;Current inter-harmonics L2;Power quality analyser;H;Kocos
Line_PX_1.IL2IH26 (avg);percent;Current inter-harmonics L2;Power quality analyser;H;Kocos
Line_PX_1.IL2IH27 (avg);percent;Current inter-harmonics L2;Power quality analyser;H;Kocos
Line_PX_1.IL2IH28 (avg);percent;Current inter-harmonics L2;Power quality analyser;H;Kocos
Line_PX_1.IL2IH29 (avg);percent;Current inter-harmonics L2;Power quality analyser;H;Kocos
Line_PX_1.IL2IH30 (avg);percent;Current inter-harmonics L2;Power quality analyser;H;Kocos
Line_PX_1.IL2IH31 (avg);percent;Current inter-harmonics L2;Power quality analyser;H;Kocos
Line_PX_1.IL2IH32 (avg);percent;Current inter-harmonics L2;Power quality analyser;H;Kocos
Line_PX_1.IL2IH33 (avg);percent;Current inter-harmonics L2;Power quality analyser;H;Kocos
Line_PX_1.IL2IH34 (avg);percent;Current inter-harmonics L2;Power quality analyser;H;Kocos
Line_PX_1.IL2IH35 (avg);percent;Current inter-harmonics L2;Power quality analyser;H;Kocos
Line_PX_1.IL2IH36 (avg);percent;Current inter-harmonics L2;Power quality analyser;H;Kocos
Line_PX_1.IL2IH37 (avg);percent;Current inter-harmonics L2;Power quality analyser;H;Kocos
Line_PX_1.IL2IH38 (avg);percent;Current inter-harmonics L2;Power quality analyser;H;Kocos
Line_PX_1.IL2IH39 (avg);percent;Current inter-harmonics L2;Power quality analyser;H;Kocos
Line_PX_1.IL2IH40 (avg);percent;Current inter-harmonics L2;Power quality analyser;H;Kocos
Line_PX_1.IL2IH41 (avg);percent;Current inter-harmonics L2;Power quality analyser;H;Kocos
Line_PX_1.IL2IH42 (avg);percent;Current inter-harmonics L2;Power quality analyser;H;Kocos
Line_PX_1.IL2IH43 (avg);percent;Current inter-harmonics L2;Power quality analyser;H;Kocos
Line_PX_1.IL2IH44 (avg);percent;Current inter-harmonics L2;Power quality analyser;H;Kocos
Line_PX_1.IL2IH45 (avg);percent;Current inter-harmonics L2;Power quality analyser;H;Kocos
Line_PX_1.IL2IH46 (avg);percent;Current inter-harmonics L2;Power quality analyser;H;Kocos
Line_PX_1.IL2IH47 (avg);percent;Current inter-harmonics L2;Power quality analyser;H;Kocos
Line_PX_1.IL2IH48 (avg);percent;Current inter-harmonics L2;Power quality analyser;H;Kocos
Line_PX_1.IL2IH49 (avg);percent;Current inter-harmonics L2;Power quality analyser;H;Kocos
Line_PX_1.IL2IH50 (avg);percent;Current inter-harmonics L2;Power quality analyser;H;Kocos
Line_PX_1.IL2IH51 (avg);percent;Current inter-harmonics L2;Power quality analyser;H;Kocos
Line_PX_1.IL2IH52 (avg);percent;Current inter-harmonics L2;Power quality analyser;H;Kocos
Line_PX_1.IL2IH53 (avg);percent;Current inter-harmonics L2;Power quality analyser;H;Kocos
Line_PX_1.IL2IH54 (avg);percent;Current inter-harmonics L2;Power quality analyser;H;Kocos
Line_PX_1.IL2IH55 (avg);percent;Current inter-harmonics L2;Power quality analyser;H;Kocos
Line_PX_1.IL2IH56 (avg);percent;Current inter-harmonics L2;Power quality analyser;H;Kocos
Line_PX_1.IL2IH57 (avg);percent;Current inter-harmonics L2;Power quality analyser;H;Kocos
Line_PX_1.IL2IH58 (avg);percent;Current inter-harmonics L2;Power quality analyser;H;Kocos
Line_PX_1.IL2IH59 (avg);percent;Current inter-harmonics L2;Power quality analyser;H;Kocos
Line_PX_1.IL2IH60 (avg);percent;Current inter-harmonics L2;Power quality analyser;H;Kocos
Line_PX_1.IL2IH61 (avg);percent;Current inter-harmonics L2;Power quality analyser;H;Kocos
Line_PX_1.IL2IH62 (avg);percent;Current inter-harmonics L2;Power quality analyser;H;Kocos
Line_PX_1.IL2THD (avg);percent;Current THD L2;Power quality analyser;H;Kocos
Line_PX_1.QL2 (avg);var;Reactive power L2;Power quality analyser;H;Kocos
Line_PX_1.UL2-NH01 (avg);percent;Voltage harmonics L2;Power quality analyser;H;Kocos
Line_PX_1.UL2-NH02 (avg);percent;Voltage harmonics L2;Power quality analyser;H;Kocos
Line_PX_1.UL2-NH03 (avg);percent;Voltage harmonics L2;Power quality analyser;H;Kocos
Line_PX_1.UL2-NH04 (avg);percent;Voltage harmonics L2;Power quality analyser;H;Kocos
Line_PX_1.UL2-NH05 (avg);percent;Voltage harmonics L2;Power quality analyser;H;Kocos
Line_PX_1.UL2-NH06 (avg);percent;Voltage harmonics L2;Power quality analyser;H;Kocos
Line_PX_1.UL2-NH07 (avg);percent;Voltage harmonics L2;Power quality analyser;H;Kocos
Line_PX_1.UL2-NH08 (avg);percent;Voltage harmonics L2;Power quality analyser;H;Kocos
Line_PX_1.UL2-NH09 (avg);percent;Voltage harmonics L2;Power quality analyser;H;Kocos
Line_PX_1.UL2-NH10 (avg);percent;Voltage harmonics L2;Power quality analyser;H;Kocos
Line_PX_1.UL2-NH11 (avg);percent;Voltage harmonics L2;Power quality analyser;H;Kocos
Line_PX_1.UL2-NH12 (avg);percent;Voltage harmonics L2;Power quality analyser;H;Kocos
Line_PX_1.UL2-NH13 (avg);percent;Voltage harmonics L2;Power quality analyser;H;Kocos
Line_PX_1.UL2-NH14 (avg);percent;Voltage harmonics L2;Power quality analyser;H;Kocos
Line_PX_1.UL2-NH15 (avg);percent;Voltage harmonics L2;Power quality analyser;H;Kocos
Line_PX_1.UL2-NH16 (avg);percent;Voltage harmonics L2;Power quality analyser;H;Kocos
Line_PX_1.UL2-NH17 (avg);percent;Voltage harmonics L2;Power quality analyser;H;Kocos
Line_PX_1.UL2-NH18 (avg);percent;Voltage harmonics L2;Power quality analyser;H;Kocos
Line_PX_1.UL2-NH19 (avg);percent;Voltage harmonics L2;Power quality analyser;H;Kocos
Line_PX_1.UL2-NH20 (avg);percent;Voltage harmonics L2;Power quality analyser;H;Kocos
Line_PX_1.UL2-NH21 (avg);percent;Voltage harmonics L2;Power quality analyser;H;Kocos
Line_PX_1.UL2-NH22 (avg);percent;Voltage harmonics L2;Power quality analyser;H;Kocos
Line_PX_1.UL2-NH23 (avg);percent;Voltage harmonics L2;Power quality analyser;H;Kocos
Line_PX_1.UL2-NH24 (avg);percent;Voltage harmonics L2;Power quality analyser;H;Kocos
Line_PX_1.UL2-NH25 (avg);percent;Voltage harmonics L2;Power quality analyser;H;Kocos
Line_PX_1.UL2-NH26 (avg);percent;Voltage harmonics L2;Power quality analyser;H;Kocos
Line_PX_1.UL2-NH27 (avg);percent;Voltage harmonics L2;Power quality analyser;H;Kocos
Line_PX_1.UL2-NH28 (avg);percent;Voltage harmonics L2;Power quality analyser;H;Kocos
Line_PX_1.UL2-NH29 (avg);percent;Voltage harmonics L2;Power quality analyser;H;Kocos
Line_PX_1.UL2-NH30 (avg);percent;Voltage harmonics L2;Power quality analyser;H;Kocos
Line_PX_1.UL2-NH31 (avg);percent;Voltage harmonics L2;Power quality analyser;H;Kocos
Line_PX_1.UL2-NH32 (avg);percent;Voltage harmonics L2;Power quality analyser;H;Kocos
Line_PX_1.UL2-NH33 (avg);percent;Voltage harmonics L2;Power quality analyser;H;Kocos
Line_PX_1.UL2-NH34 (avg);percent;Voltage harmonics L2;Power quality analyser;H;Kocos
Line_PX_1.UL2-NH35 (avg);percent;Voltage harmonics L2;Power quality analyser;H;Kocos
Line_PX_1.UL2-NH36 (avg);percent;Voltage harmonics L2;Power quality analyser;H;Kocos
Line_PX_1.UL2-NH37 (avg);percent;Voltage harmonics L2;Power quality analyser;H;Kocos
Line_PX_1.UL2-NH38 (avg);percent;Voltage harmonics L2;Power quality analyser;H;Kocos
Line_PX_1.UL2-NH39 (avg);percent;Voltage harmonics L2;Power quality analyser;H;Kocos
Line_PX_1.UL2-NH40 (avg);percent;Voltage harmonics L2;Power quality analyser;H;Kocos
Line_PX_1.UL2-NH41 (avg);percent;Voltage harmonics L2;Power quality analyser;H;Kocos
Line_PX_1.UL2-NH42 (avg);percent;Voltage harmonics L2;Power quality analyser;H;Kocos
Line_PX_1.UL2-NH43 (avg);percent;Voltage harmonics L2;Power quality analyser;H;Kocos
Line_PX_1.UL2-NH44 (avg);percent;Voltage harmonics L2;Power quality analyser;H;Kocos
Line_PX_1.UL2-NH45 (avg);percent;Voltage harmonics L2;Power quality analyser;H;Kocos
Line_PX_1.UL2-NH46 (avg);percent;Voltage harmonics L2;Power quality analyser;H;Kocos
Line_PX_1.UL2-NH47 (avg);percent;Voltage harmonics L2;Power quality analyser;H;Kocos
Line_PX_1.UL2-NH48 (avg);percent;Voltage harmonics L2;Power quality analyser;H;Kocos
Line_PX_1.UL2-NH49 (avg);percent;Voltage harmonics L2;Power quality analyser;H;Kocos
Line_PX_1.UL2-NH50 (avg);percent;Voltage harmonics L2;Power quality analyser;H;Kocos
Line_PX_1.UL2-NH51 (avg);percent;Voltage harmonics L2;Power quality analyser;H;Kocos
Line_PX_1.UL2-NH52 (avg);percent;Voltage harmonics L2;Power quality analyser;H;Kocos
Line_PX_1.UL2-NH53 (avg);percent;Voltage harmonics L2;Power quality analyser;H;Kocos
Line_PX_1.UL2-NH54 (avg);percent;Voltage harmonics L2;Power quality analyser;H;Kocos
Line_PX_1.UL2-NH55 (avg);percent;Voltage harmonics L2;Power quality analyser;H;Kocos
Line_PX_1.UL2-NH56 (avg);percent;Voltage harmonics L2;Power quality analyser;H;Kocos
Line_PX_1.UL2-NH57 (avg);percent;Voltage harmonics L2;Power quality analyser;H;Kocos
Line_PX_1.UL2-NH58 (avg);percent;Voltage harmonics L2;Power quality analyser;H;Kocos
Line_PX_1.UL2-NH59 (avg);percent;Voltage harmonics L2;Power quality analyser;H;Kocos
Line_PX_1.UL2-NH60 (avg);percent;Voltage harmonics L2;Power quality analyser;H;Kocos
Line_PX_1.UL2-NH61 (avg);percent;Voltage harmonics L2;Power quality analyser;H;Kocos
Line_PX_1.UL2-NH62 (avg);percent;Voltage harmonics L2;Power quality analyser;H;Kocos
Line_PX_1.UL2-NH63 (avg);percent;Voltage harmonics L2;Power quality analyser;H;Kocos
Line_PX_1.UL2-NIH00 (avg);percent;Voltage inter-harmonics L2;Power quality analyser;H;Kocos
Line_PX_1.UL2-NIH01 (avg);percent;Voltage inter-harmonics L2;Power quality analyser;H;Kocos
Line_PX_1.UL2-NIH02 (avg);percent;Voltage inter-harmonics L2;Power quality analyser;H;Kocos
Line_PX_1.UL2-NIH03 (avg);percent;Voltage inter-harmonics L2;Power quality analyser;H;Kocos
Line_PX_1.UL2-NIH04 (avg);percent;Voltage inter-harmonics L2;Power quality analyser;H;Kocos
Line_PX_1.UL2-NIH05 (avg);percent;Voltage inter-harmonics L2;Power quality analyser;H;Kocos
Line_PX_1.UL2-NIH06 (avg);percent;Voltage inter-harmonics L2;Power quality analyser;H;Kocos
Line_PX_1.UL2-NIH07 (avg);percent;Voltage inter-harmonics L2;Power quality analyser;H;Kocos
Line_PX_1.UL2-NIH08 (avg);percent;Voltage inter-harmonics L2;Power quality analyser;H;Kocos
Line_PX_1.UL2-NIH09 (avg);percent;Voltage inter-harmonics L2;Power quality analyser;H;Kocos
Line_PX_1.UL2-NIH10 (avg);percent;Voltage inter-harmonics L2;Power quality analyser;H;Kocos
Line_PX_1.UL2-NIH11 (avg);percent;Voltage inter-harmonics L2;Power quality analyser;H;Kocos
Line_PX_1.UL2-NIH12 (avg);percent;Voltage inter-harmonics L2;Power quality analyser;H;Kocos
Line_PX_1.UL2-NIH13 (avg);percent;Voltage inter-harmonics L2;Power quality analyser;H;Kocos
Line_PX_1.UL2-NIH14 (avg);percent;Voltage inter-harmonics L2;Power quality analyser;H;Kocos
Line_PX_1.UL2-NIH15 (avg);percent;Voltage inter-harmonics L2;Power quality analyser;H;Kocos
Line_PX_1.UL2-NIH16 (avg);percent;Voltage inter-harmonics L2;Power quality analyser;H;Kocos
Line_PX_1.UL2-NIH17 (avg);percent;Voltage inter-harmonics L2;Power quality analyser;H;Kocos
Line_PX_1.UL2-NIH18 (avg);percent;Voltage inter-harmonics L2;Power quality analyser;H;Kocos
Line_PX_1.UL2-NIH19 (avg);percent;Voltage inter-harmonics L2;Power quality analyser;H;Kocos
Line_PX_1.UL2-NIH20 (avg);percent;Voltage inter-harmonics L2;Power quality analyser;H;Kocos
Line_PX_1.UL2-NIH21 (avg);percent;Voltage inter-harmonics L2;Power quality analyser;H;Kocos
Line_PX_1.UL2-NIH22 (avg);percent;Voltage inter-harmonics L2;Power quality analyser;H;Kocos
Line_PX_1.UL2-NIH23 (avg);percent;Voltage inter-harmonics L2;Power quality analyser;H;Kocos
Line_PX_1.UL2-NIH24 (avg);percent;Voltage inter-harmonics L2;Power quality analyser;H;Kocos
Line_PX_1.UL2-NIH25 (avg);percent;Voltage inter-harmonics L2;Power quality analyser;H;Kocos
Line_PX_1.UL2-NIH26 (avg);percent;Voltage inter-harmonics L2;Power quality analyser;H;Kocos
Line_PX_1.UL2-NIH27 (avg);percent;Voltage inter-harmonics L2;Power quality analyser;H;Kocos
Line_PX_1.UL2-NIH28 (avg);percent;Voltage inter-harmonics L2;Power quality analyser;H;Kocos
Line_PX_1.UL2-NIH29 (avg);percent;Voltage inter-harmonics L2;Power quality analyser;H;Kocos
Line_PX_1.UL2-NIH30 (avg);percent;Voltage inter-harmonics L2;Power quality analyser;H;Kocos
Line_PX_1.UL2-NIH31 (avg);percent;Voltage inter-harmonics L2;Power quality analyser;H;Kocos
Line_PX_1.UL2-NIH32 (avg);percent;Voltage inter-harmonics L2;Power quality analyser;H;Kocos
Line_PX_1.UL2-NIH33 (avg);percent;Voltage inter-harmonics L2;Power quality analyser;H;Kocos
Line_PX_1.UL2-NIH34 (avg);percent;Voltage inter-harmonics L2;Power quality analyser;H;Kocos
Line_PX_1.UL2-NIH35 (avg);percent;Voltage inter-harmonics L2;Power quality analyser;H;Kocos
Line_PX_1.UL2-NIH36 (avg);percent;Voltage inter-harmonics L2;Power quality analyser;H;Kocos
Line_PX_1.UL2-NIH37 (avg);percent;Voltage inter-harmonics L2;Power quality analyser;H;Kocos
Line_PX_1.UL2-NIH38 (avg);percent;Voltage inter-harmonics L2;Power quality analyser;H;Kocos
Line_PX_1.UL2-NIH39 (avg);percent;Voltage inter-harmonics L2;Power quality analyser;H;Kocos
Line_PX_1.UL2-NIH40 (avg);percent;Voltage inter-harmonics L2;Power quality analyser;H;Kocos
Line_PX_1.UL2-NIH41 (avg);percent;Voltage inter-harmonics L2;Power quality analyser;H;Kocos
Line_PX_1.UL2-NIH42 (avg);percent;Voltage inter-harmonics L2;Power quality analyser;H;Kocos
Line_PX_1.UL2-NIH43 (avg);percent;Voltage inter-harmonics L2;Power quality analyser;H;Kocos
Line_PX_1.UL2-NIH44 (avg);percent;Voltage inter-harmonics L2;Power quality analyser;H;Kocos
Line_PX_1.UL2-NIH45 (avg);percent;Voltage inter-harmonics L2;Power quality analyser;H;Kocos
Line_PX_1.UL2-NIH46 (avg);percent;Voltage inter-harmonics L2;Power quality analyser;H;Kocos
Line_PX_1.UL2-NIH47 (avg);percent;Voltage inter-harmonics L2;Power quality analyser;H;Kocos
Line_PX_1.UL2-NIH48 (avg);percent;Voltage inter-harmonics L2;Power quality analyser;H;Kocos
Line_PX_1.UL2-NIH49 (avg);percent;Voltage inter-harmonics L2;Power quality analyser;H;Kocos
Line_PX_1.UL2-NIH50 (avg);percent;Voltage inter-harmonics L2;Power quality analyser;H;Kocos
Line_PX_1.UL2-NIH51 (avg);percent;Voltage inter-harmonics L2;Power quality analyser;H;Kocos
Line_PX_1.UL2-NIH52 (avg);percent;Voltage inter-harmonics L2;Power quality analyser;H;Kocos
Line_PX_1.UL2-NIH53 (avg);percent;Voltage inter-harmonics L2;Power quality analyser;H;Kocos
Line_PX_1.UL2-NIH54 (avg);percent;Voltage inter-harmonics L2;Power quality analyser;H;Kocos
Line_PX_1.UL2-NIH55 (avg);percent;Voltage inter-harmonics L2;Power quality analyser;H;Kocos
Line_PX_1.UL2-NIH56 (avg);percent;Voltage inter-harmonics L2;Power quality analyser;H;Kocos
Line_PX_1.UL2-NIH57 (avg);percent;Voltage inter-harmonics L2;Power quality analyser;H;Kocos
Line_PX_1.UL2-NIH58 (avg);percent;Voltage inter-harmonics L2;Power quality analyser;H;Kocos
Line_PX_1.UL2-NIH59 (avg);percent;Voltage inter-harmonics L2;Power quality analyser;H;Kocos
Line_PX_1.UL2-NIH60 (avg);percent;Voltage inter-harmonics L2;Power quality analyser;H;Kocos
Line_PX_1.UL2-NIH61 (avg);percent;Voltage inter-harmonics L2;Power quality analyser;H;Kocos
Line_PX_1.UL2-NIH62 (avg);percent;Voltage inter-harmonics L2;Power quality analyser;H;Kocos
Line_PX_1.UL2-NTHD (avg);percent;Voltage THD L2;Power quality analyser;H;Kocos
Line_PX_1.AFL3 (avg);;Power factor L3;Power quality analyser;H;Kocos
Line_PX_1.PL3 (avg);W;Active power L3;Power quality analyser;H;Kocos
Line_PX_1.SL3 (avg);VA;Apparent power L3;Power quality analyser;H;Kocos
Line_PX_1.IL3H01 (avg);percent;Current harmonics L3;Power quality analyser;H;Kocos
Line_PX_1.IL3H02 (avg);percent;Current harmonics L3;Power quality analyser;H;Kocos
Line_PX_1.IL3H03 (avg);percent;Current harmonics L3;Power quality analyser;H;Kocos
Line_PX_1.IL3H04 (avg);percent;Current harmonics L3;Power quality analyser;H;Kocos
Line_PX_1.IL3H05 (avg);percent;Current harmonics L3;Power quality analyser;H;Kocos
Line_PX_1.IL3H06 (avg);percent;Current harmonics L3;Power quality analyser;H;Kocos
Line_PX_1.IL3H07 (avg);percent;Current harmonics L3;Power quality analyser;H;Kocos
Line_PX_1.IL3H08 (avg);percent;Current harmonics L3;Power quality analyser;H;Kocos
Line_PX_1.IL3H09 (avg);percent;Current harmonics L3;Power quality analyser;H;Kocos
Line_PX_1.IL3H10 (avg);percent;Current harmonics L3;Power quality analyser;H;Kocos
Line_PX_1.IL3H11 (avg);percent;Current harmonics L3;Power quality analyser;H;Kocos
Line_PX_1.IL3H12 (avg);percent;Current harmonics L3;Power quality analyser;H;Kocos
Line_PX_1.IL3H13 (avg);percent;Current harmonics L3;Power quality analyser;H;Kocos
Line_PX_1.IL3H14 (avg);percent;Current harmonics L3;Power quality analyser;H;Kocos
Line_PX_1.IL3H15 (avg);percent;Current harmonics L3;Power quality analyser;H;Kocos
Line_PX_1.IL3H16 (avg);percent;Current harmonics L3;Power quality analyser;H;Kocos
Line_PX_1.IL3H17 (avg);percent;Current harmonics L3;Power quality analyser;H;Kocos
Line_PX_1.IL3H18 (avg);percent;Current harmonics L3;Power quality analyser;H;Kocos
Line_PX_1.IL3H19 (avg);percent;Current harmonics L3;Power quality analyser;H;Kocos
Line_PX_1.IL3H20 (avg);percent;Current harmonics L3;Power quality analyser;H;Kocos
Line_PX_1.IL3H21 (avg);percent;Current harmonics L3;Power quality analyser;H;Kocos
Line_PX_1.IL3H22 (avg);percent;Current harmonics L3;Power quality analyser;H;Kocos
Line_PX_1.IL3H23 (avg);percent;Current harmonics L3;Power quality analyser;H;Kocos
Line_PX_1.IL3H24 (avg);percent;Current harmonics L3;Power quality analyser;H;Kocos
Line_PX_1.IL3H25 (avg);percent;Current harmonics L3;Power quality analyser;H;Kocos
Line_PX_1.IL3H26 (avg);percent;Current harmonics L3;Power quality analyser;H;Kocos
Line_PX_1.IL3H27 (avg);percent;Current harmonics L3;Power quality analyser;H;Kocos
Line_PX_1.IL3H28 (avg);percent;Current harmonics L3;Power quality analyser;H;Kocos
Line_PX_1.IL3H29 (avg);percent;Current harmonics L3;Power quality analyser;H;Kocos
Line_PX_1.IL3H30 (avg);percent;Current harmonics L3;Power quality analyser;H;Kocos
Line_PX_1.IL3H31 (avg);percent;Current harmonics L3;Power quality analyser;H;Kocos
Line_PX_1.IL3H32 (avg);percent;Current harmonics L3;Power quality analyser;H;Kocos
Line_PX_1.IL3H33 (avg);percent;Current harmonics L3;Power quality analyser;H;Kocos
Line_PX_1.IL3H34 (avg);percent;Current harmonics L3;Power quality analyser;H;Kocos
Line_PX_1.IL3H35 (avg);percent;Current harmonics L3;Power quality analyser;H;Kocos
Line_PX_1.IL3H36 (avg);percent;Current harmonics L3;Power quality analyser;H;Kocos
Line_PX_1.IL3H37 (avg);percent;Current harmonics L3;Power quality analyser;H;Kocos
Line_PX_1.IL3H38 (avg);percent;Current harmonics L3;Power quality analyser;H;Kocos
Line_PX_1.IL3H39 (avg);percent;Current harmonics L3;Power quality analyser;H;Kocos
Line_PX_1.IL3H40 (avg);percent;Current harmonics L3;Power quality analyser;H;Kocos
Line_PX_1.IL3H41 (avg);percent;Current harmonics L3;Power quality analyser;H;Kocos
Line_PX_1.IL3H42 (avg);percent;Current harmonics L3;Power quality analyser;H;Kocos
Line_PX_1.IL3H43 (avg);percent;Current harmonics L3;Power quality analyser;H;Kocos
Line_PX_1.IL3H44 (avg);percent;Current harmonics L3;Power quality analyser;H;Kocos
Line_PX_1.IL3H45 (avg);percent;Current harmonics L3;Power quality analyser;H;Kocos
Line_PX_1.IL3H46 (avg);percent;Current harmonics L3;Power quality analyser;H;Kocos
Line_PX_1.IL3H47 (avg);percent;Current harmonics L3;Power quality analyser;H;Kocos
Line_PX_1.IL3H48 (avg);percent;Current harmonics L3;Power quality analyser;H;Kocos
Line_PX_1.IL3H49 (avg);percent;Current harmonics L3;Power quality analyser;H;Kocos
Line_PX_1.IL3H50 (avg);percent;Current harmonics L3;Power quality analyser;H;Kocos
Line_PX_1.IL3H51 (avg);percent;Current harmonics L3;Power quality analyser;H;Kocos
Line_PX_1.IL3H52 (avg);percent;Current harmonics L3;Power quality analyser;H;Kocos
Line_PX_1.IL3H53 (avg);percent;Current harmonics L3;Power quality analyser;H;Kocos
Line_PX_1.IL3H54 (avg);percent;Current harmonics L3;Power quality analyser;H;Kocos
Line_PX_1.IL3H55 (avg);percent;Current harmonics L3;Power quality analyser;H;Kocos
Line_PX_1.IL3H56 (avg);percent;Current harmonics L3;Power quality analyser;H;Kocos
Line_PX_1.IL3H57 (avg);percent;Current harmonics L3;Power quality analyser;H;Kocos
Line_PX_1.IL3H58 (avg);percent;Current harmonics L3;Power quality analyser;H;Kocos
Line_PX_1.IL3H59 (avg);percent;Current harmonics L3;Power quality analyser;H;Kocos
Line_PX_1.IL3H60 (avg);percent;Current harmonics L3;Power quality analyser;H;Kocos
Line_PX_1.IL3H61 (avg);percent;Current harmonics L3;Power quality analyser;H;Kocos
Line_PX_1.IL3H62 (avg);percent;Current harmonics L3;Power quality analyser;H;Kocos
Line_PX_1.IL3H63 (avg);percent;Current harmonics L3;Power quality analyser;H;Kocos
Line_PX_1.IL3IH00 (avg);percent;Current inter-harmonics L3;Power quality analyser;H;Kocos
Line_PX_1.IL3IH01 (avg);percent;Current inter-harmonics L3;Power quality analyser;H;Kocos
Line_PX_1.IL3IH02 (avg);percent;Current inter-harmonics L3;Power quality analyser;H;Kocos
Line_PX_1.IL3IH03 (avg);percent;Current inter-harmonics L3;Power quality analyser;H;Kocos
Line_PX_1.IL3IH04 (avg);percent;Current inter-harmonics L3;Power quality analyser;H;Kocos
Line_PX_1.IL3IH05 (avg);percent;Current inter-harmonics L3;Power quality analyser;H;Kocos
Line_PX_1.IL3IH06 (avg);percent;Current inter-harmonics L3;Power quality analyser;H;Kocos
Line_PX_1.IL3IH07 (avg);percent;Current inter-harmonics L3;Power quality analyser;H;Kocos
Line_PX_1.IL3IH08 (avg);percent;Current inter-harmonics L3;Power quality analyser;H;Kocos
Line_PX_1.IL3IH09 (avg);percent;Current inter-harmonics L3;Power quality analyser;H;Kocos
Line_PX_1.IL3IH10 (avg);percent;Current inter-harmonics L3;Power quality analyser;H;Kocos
Line_PX_1.IL3IH11 (avg);percent;Current inter-harmonics L3;Power quality analyser;H;Kocos
Line_PX_1.IL3IH12 (avg);percent;Current inter-harmonics L3;Power quality analyser;H;Kocos
Line_PX_1.IL3IH13 (avg);percent;Current inter-harmonics L3;Power quality analyser;H;Kocos
Line_PX_1.IL3IH14 (avg);percent;Current inter-harmonics L3;Power quality analyser;H;Kocos
Line_PX_1.IL3IH15 (avg);percent;Current inter-harmonics L3;Power quality analyser;H;Kocos
Line_PX_1.IL3IH16 (avg);percent;Current inter-harmonics L3;Power quality analyser;H;Kocos
Line_PX_1.IL3IH17 (avg);percent;Current inter-harmonics L3;Power quality analyser;H;Kocos
Line_PX_1.IL3IH18 (avg);percent;Current inter-harmonics L3;Power quality analyser;H;Kocos
Line_PX_1.IL3IH19 (avg);percent;Current inter-harmonics L3;Power quality analyser;H;Kocos
Line_PX_1.IL3IH20 (avg);percent;Current inter-harmonics L3;Power quality analyser;H;Kocos
Line_PX_1.IL3IH21 (avg);percent;Current inter-harmonics L3;Power quality analyser;H;Kocos
Line_PX_1.IL3IH22 (avg);percent;Current inter-harmonics L3;Power quality analyser;H;Kocos
Line_PX_1.IL3IH23 (avg);percent;Current inter-harmonics L3;Power quality analyser;H;Kocos
Line_PX_1.IL3IH24 (avg);percent;Current inter-harmonics L3;Power quality analyser;H;Kocos
Line_PX_1.IL3IH25 (avg);percent;Current inter-harmonics L3;Power quality analyser;H;Kocos
Line_PX_1.IL3IH26 (avg);percent;Current inter-harmonics L3;Power quality analyser;H;Kocos
Line_PX_1.IL3IH27 (avg);percent;Current inter-harmonics L3;Power quality analyser;H;Kocos
Line_PX_1.IL3IH28 (avg);percent;Current inter-harmonics L3;Power quality analyser;H;Kocos
Line_PX_1.IL3IH29 (avg);percent;Current inter-harmonics L3;Power quality analyser;H;Kocos
Line_PX_1.IL3IH30 (avg);percent;Current inter-harmonics L3;Power quality analyser;H;Kocos
Line_PX_1.IL3IH31 (avg);percent;Current inter-harmonics L3;Power quality analyser;H;Kocos
Line_PX_1.IL3IH32 (avg);percent;Current inter-harmonics L3;Power quality analyser;H;Kocos
Line_PX_1.IL3IH33 (avg);percent;Current inter-harmonics L3;Power quality analyser;H;Kocos
Line_PX_1.IL3IH34 (avg);percent;Current inter-harmonics L3;Power quality analyser;H;Kocos
Line_PX_1.IL3IH35 (avg);percent;Current inter-harmonics L3;Power quality analyser;H;Kocos
Line_PX_1.IL3IH36 (avg);percent;Current inter-harmonics L3;Power quality analyser;H;Kocos
Line_PX_1.IL3IH37 (avg);percent;Current inter-harmonics L3;Power quality analyser;H;Kocos
Line_PX_1.IL3IH38 (avg);percent;Current inter-harmonics L3;Power quality analyser;H;Kocos
Line_PX_1.IL3IH39 (avg);percent;Current inter-harmonics L3;Power quality analyser;H;Kocos
Line_PX_1.IL3IH40 (avg);percent;Current inter-harmonics L3;Power quality analyser;H;Kocos
Line_PX_1.IL3IH41 (avg);percent;Current inter-harmonics L3;Power quality analyser;H;Kocos
Line_PX_1.IL3IH42 (avg);percent;Current inter-harmonics L3;Power quality analyser;H;Kocos
Line_PX_1.IL3IH43 (avg);percent;Current inter-harmonics L3;Power quality analyser;H;Kocos
Line_PX_1.IL3IH44 (avg);percent;Current inter-harmonics L3;Power quality analyser;H;Kocos
Line_PX_1.IL3IH45 (avg);percent;Current inter-harmonics L3;Power quality analyser;H;Kocos
Line_PX_1.IL3IH46 (avg);percent;Current inter-harmonics L3;Power quality analyser;H;Kocos
Line_PX_1.IL3IH47 (avg);percent;Current inter-harmonics L3;Power quality analyser;H;Kocos
Line_PX_1.IL3IH48 (avg);percent;Current inter-harmonics L3;Power quality analyser;H;Kocos
Line_PX_1.IL3IH49 (avg);percent;Current inter-harmonics L3;Power quality analyser;H;Kocos
Line_PX_1.IL3IH50 (avg);percent;Current inter-harmonics L3;Power quality analyser;H;Kocos
Line_PX_1.IL3IH51 (avg);percent;Current inter-harmonics L3;Power quality analyser;H;Kocos
Line_PX_1.IL3IH52 (avg);percent;Current inter-harmonics L3;Power quality analyser;H;Kocos
Line_PX_1.IL3IH53 (avg);percent;Current inter-harmonics L3;Power quality analyser;H;Kocos
Line_PX_1.IL3IH54 (avg);percent;Current inter-harmonics L3;Power quality analyser;H;Kocos
Line_PX_1.IL3IH55 (avg);percent;Current inter-harmonics L3;Power quality analyser;H;Kocos
Line_PX_1.IL3IH56 (avg);percent;Current inter-harmonics L3;Power quality analyser;H;Kocos
Line_PX_1.IL3IH57 (avg);percent;Current inter-harmonics L3;Power quality analyser;H;Kocos
Line_PX_1.IL3IH58 (avg);percent;Current inter-harmonics L3;Power quality analyser;H;Kocos
Line_PX_1.IL3IH59 (avg);percent;Current inter-harmonics L3;Power quality analyser;H;Kocos
Line_PX_1.IL3IH60 (avg);percent;Current inter-harmonics L3;Power quality analyser;H;Kocos
Line_PX_1.IL3IH61 (avg);percent;Current inter-harmonics L3;Power quality analyser;H;Kocos
Line_PX_1.IL3IH62 (avg);percent;Current inter-harmonics L3;Power quality analyser;H;Kocos
Line_PX_1.IL3THD (avg);percent;Current THD L3;Power quality analyser;H;Kocos
Line_PX_1.QL3 (avg);var;Reactive power L3;Power quality analyser;H;Kocos
Line_PX_1.UL3-NH01 (avg);percent;Voltage harmonics L3;Power quality analyser;H;Kocos
Line_PX_1.UL3-NH02 (avg);percent;Voltage harmonics L3;Power quality analyser;H;Kocos
Line_PX_1.UL3-NH03 (avg);percent;Voltage harmonics L3;Power quality analyser;H;Kocos
Line_PX_1.UL3-NH04 (avg);percent;Voltage harmonics L3;Power quality analyser;H;Kocos
Line_PX_1.UL3-NH05 (avg);percent;Voltage harmonics L3;Power quality analyser;H;Kocos
Line_PX_1.UL3-NH06 (avg);percent;Voltage harmonics L3;Power quality analyser;H;Kocos
Line_PX_1.UL3-NH07 (avg);percent;Voltage harmonics L3;Power quality analyser;H;Kocos
Line_PX_1.UL3-NH08 (avg);percent;Voltage harmonics L3;Power quality analyser;H;Kocos
Line_PX_1.UL3-NH09 (avg);percent;Voltage harmonics L3;Power quality analyser;H;Kocos
Line_PX_1.UL3-NH10 (avg);percent;Voltage harmonics L3;Power quality analyser;H;Kocos
Line_PX_1.UL3-NH11 (avg);percent;Voltage harmonics L3;Power quality analyser;H;Kocos
Line_PX_1.UL3-NH12 (avg);percent;Voltage harmonics L3;Power quality analyser;H;Kocos
Line_PX_1.UL3-NH13 (avg);percent;Voltage harmonics L3;Power quality analyser;H;Kocos
Line_PX_1.UL3-NH14 (avg);percent;Voltage harmonics L3;Power quality analyser;H;Kocos
Line_PX_1.UL3-NH15 (avg);percent;Voltage harmonics L3;Power quality analyser;H;Kocos
Line_PX_1.UL3-NH16 (avg);percent;Voltage harmonics L3;Power quality analyser;H;Kocos
Line_PX_1.UL3-NH17 (avg);percent;Voltage harmonics L3;Power quality analyser;H;Kocos
Line_PX_1.UL3-NH18 (avg);percent;Voltage harmonics L3;Power quality analyser;H;Kocos
Line_PX_1.UL3-NH19 (avg);percent;Voltage harmonics L3;Power quality analyser;H;Kocos
Line_PX_1.UL3-NH20 (avg);percent;Voltage harmonics L3;Power quality analyser;H;Kocos
Line_PX_1.UL3-NH21 (avg);percent;Voltage harmonics L3;Power quality analyser;H;Kocos
Line_PX_1.UL3-NH22 (avg);percent;Voltage harmonics L3;Power quality analyser;H;Kocos
Line_PX_1.UL3-NH23 (avg);percent;Voltage harmonics L3;Power quality analyser;H;Kocos
Line_PX_1.UL3-NH24 (avg);percent;Voltage harmonics L3;Power quality analyser;H;Kocos
Line_PX_1.UL3-NH25 (avg);percent;Voltage harmonics L3;Power quality analyser;H;Kocos
Line_PX_1.UL3-NH26 (avg);percent;Voltage harmonics L3;Power quality analyser;H;Kocos
Line_PX_1.UL3-NH27 (avg);percent;Voltage harmonics L3;Power quality analyser;H;Kocos
Line_PX_1.UL3-NH28 (avg);percent;Voltage harmonics L3;Power quality analyser;H;Kocos
Line_PX_1.UL3-NH29 (avg);percent;Voltage harmonics L3;Power quality analyser;H;Kocos
Line_PX_1.UL3-NH30 (avg);percent;Voltage harmonics L3;Power quality analyser;H;Kocos
Line_PX_1.UL3-NH31 (avg);percent;Voltage harmonics L3;Power quality analyser;H;Kocos
Line_PX_1.UL3-NH32 (avg);percent;Voltage harmonics L3;Power quality analyser;H;Kocos
Line_PX_1.UL3-NH33 (avg);percent;Voltage harmonics L3;Power quality analyser;H;Kocos
Line_PX_1.UL3-NH34 (avg);percent;Voltage harmonics L3;Power quality analyser;H;Kocos
Line_PX_1.UL3-NH35 (avg);percent;Voltage harmonics L3;Power quality analyser;H;Kocos
Line_PX_1.UL3-NH36 (avg);percent;Voltage harmonics L3;Power quality analyser;H;Kocos
Line_PX_1.UL3-NH37 (avg);percent;Voltage harmonics L3;Power quality analyser;H;Kocos
Line_PX_1.UL3-NH38 (avg);percent;Voltage harmonics L3;Power quality analyser;H;Kocos
Line_PX_1.UL3-NH39 (avg);percent;Voltage harmonics L3;Power quality analyser;H;Kocos
Line_PX_1.UL3-NH40 (avg);percent;Voltage harmonics L3;Power quality analyser;H;Kocos
Line_PX_1.UL3-NH41 (avg);percent;Voltage harmonics L3;Power quality analyser;H;Kocos
Line_PX_1.UL3-NH42 (avg);percent;Voltage harmonics L3;Power quality analyser;H;Kocos
Line_PX_1.UL3-NH43 (avg);percent;Voltage harmonics L3;Power quality analyser;H;Kocos
Line_PX_1.UL3-NH44 (avg);percent;Voltage harmonics L3;Power quality analyser;H;Kocos
Line_PX_1.UL3-NH45 (avg);percent;Voltage harmonics L3;Power quality analyser;H;Kocos
Line_PX_1.UL3-NH46 (avg);percent;Voltage harmonics L3;Power quality analyser;H;Kocos
Line_PX_1.UL3-NH47 (avg);percent;Voltage harmonics L3;Power quality analyser;H;Kocos
Line_PX_1.UL3-NH48 (avg);percent;Voltage harmonics L3;Power quality analyser;H;Kocos
Line_PX_1.UL3-NH49 (avg);percent;Voltage harmonics L3;Power quality analyser;H;Kocos
Line_PX_1.UL3-NH50 (avg);percent;Voltage harmonics L3;Power quality analyser;H;Kocos
Line_PX_1.UL3-NH51 (avg);percent;Voltage harmonics L3;Power quality analyser;H;Kocos
Line_PX_1.UL3-NH52 (avg);percent;Voltage harmonics L3;Power quality analyser;H;Kocos
Line_PX_1.UL3-NH53 (avg);percent;Voltage harmonics L3;Power quality analyser;H;Kocos
Line_PX_1.UL3-NH54 (avg);percent;Voltage harmonics L3;Power quality analyser;H;Kocos
Line_PX_1.UL3-NH55 (avg);percent;Voltage harmonics L3;Power quality analyser;H;Kocos
Line_PX_1.UL3-NH56 (avg);percent;Voltage harmonics L3;Power quality analyser;H;Kocos
Line_PX_1.UL3-NH57 (avg);percent;Voltage harmonics L3;Power quality analyser;H;Kocos
Line_PX_1.UL3-NH58 (avg);percent;Voltage harmonics L3;Power quality analyser;H;Kocos
Line_PX_1.UL3-NH59 (avg);percent;Voltage harmonics L3;Power quality analyser;H;Kocos
Line_PX_1.UL3-NH60 (avg);percent;Voltage harmonics L3;Power quality analyser;H;Kocos
Line_PX_1.UL3-NH61 (avg);percent;Voltage harmonics L3;Power quality analyser;H;Kocos
Line_PX_1.UL3-NH62 (avg);percent;Voltage harmonics L3;Power quality analyser;H;Kocos
Line_PX_1.UL3-NH63 (avg);percent;Voltage harmonics L3;Power quality analyser;H;Kocos
Line_PX_1.UL3-NIH00 (avg);percent;Voltage inter-harmonics L3;Power quality analyser;H;Kocos
Line_PX_1.UL3-NIH01 (avg);percent;Voltage inter-harmonics L3;Power quality analyser;H;Kocos
Line_PX_1.UL3-NIH02 (avg);percent;Voltage inter-harmonics L3;Power quality analyser;H;Kocos
Line_PX_1.UL3-NIH03 (avg);percent;Voltage inter-harmonics L3;Power quality analyser;H;Kocos
Line_PX_1.UL3-NIH04 (avg);percent;Voltage inter-harmonics L3;Power quality analyser;H;Kocos
Line_PX_1.UL3-NIH05 (avg);percent;Voltage inter-harmonics L3;Power quality analyser;H;Kocos
Line_PX_1.UL3-NIH06 (avg);percent;Voltage inter-harmonics L3;Power quality analyser;H;Kocos
Line_PX_1.UL3-NIH07 (avg);percent;Voltage inter-harmonics L3;Power quality analyser;H;Kocos
Line_PX_1.UL3-NIH08 (avg);percent;Voltage inter-harmonics L3;Power quality analyser;H;Kocos
Line_PX_1.UL3-NIH09 (avg);percent;Voltage inter-harmonics L3;Power quality analyser;H;Kocos
Line_PX_1.UL3-NIH10 (avg);percent;Voltage inter-harmonics L3;Power quality analyser;H;Kocos
Line_PX_1.UL3-NIH11 (avg);percent;Voltage inter-harmonics L3;Power quality analyser;H;Kocos
Line_PX_1.UL3-NIH12 (avg);percent;Voltage inter-harmonics L3;Power quality analyser;H;Kocos
Line_PX_1.UL3-NIH13 (avg);percent;Voltage inter-harmonics L3;Power quality analyser;H;Kocos
Line_PX_1.UL3-NIH14 (avg);percent;Voltage inter-harmonics L3;Power quality analyser;H;Kocos
Line_PX_1.UL3-NIH15 (avg);percent;Voltage inter-harmonics L3;Power quality analyser;H;Kocos
Line_PX_1.UL3-NIH16 (avg);percent;Voltage inter-harmonics L3;Power quality analyser;H;Kocos
Line_PX_1.UL3-NIH17 (avg);percent;Voltage inter-harmonics L3;Power quality analyser;H;Kocos
Line_PX_1.UL3-NIH18 (avg);percent;Voltage inter-harmonics L3;Power quality analyser;H;Kocos
Line_PX_1.UL3-NIH19 (avg);percent;Voltage inter-harmonics L3;Power quality analyser;H;Kocos
Line_PX_1.UL3-NIH20 (avg);percent;Voltage inter-harmonics L3;Power quality analyser;H;Kocos
Line_PX_1.UL3-NIH21 (avg);percent;Voltage inter-harmonics L3;Power quality analyser;H;Kocos
Line_PX_1.UL3-NIH22 (avg);percent;Voltage inter-harmonics L3;Power quality analyser;H;Kocos
Line_PX_1.UL3-NIH23 (avg);percent;Voltage inter-harmonics L3;Power quality analyser;H;Kocos
Line_PX_1.UL3-NIH24 (avg);percent;Voltage inter-harmonics L3;Power quality analyser;H;Kocos
Line_PX_1.UL3-NIH25 (avg);percent;Voltage inter-harmonics L3;Power quality analyser;H;Kocos
Line_PX_1.UL3-NIH26 (avg);percent;Voltage inter-harmonics L3;Power quality analyser;H;Kocos
Line_PX_1.UL3-NIH27 (avg);percent;Voltage inter-harmonics L3;Power quality analyser;H;Kocos
Line_PX_1.UL3-NIH28 (avg);percent;Voltage inter-harmonics L3;Power quality analyser;H;Kocos
Line_PX_1.UL3-NIH29 (avg);percent;Voltage inter-harmonics L3;Power quality analyser;H;Kocos
Line_PX_1.UL3-NIH30 (avg);percent;Voltage inter-harmonics L3;Power quality analyser;H;Kocos
Line_PX_1.UL3-NIH31 (avg);percent;Voltage inter-harmonics L3;Power quality analyser;H;Kocos
Line_PX_1.UL3-NIH32 (avg);percent;Voltage inter-harmonics L3;Power quality analyser;H;Kocos
Line_PX_1.UL3-NIH33 (avg);percent;Voltage inter-harmonics L3;Power quality analyser;H;Kocos
Line_PX_1.UL3-NIH34 (avg);percent;Voltage inter-harmonics L3;Power quality analyser;H;Kocos
Line_PX_1.UL3-NIH35 (avg);percent;Voltage inter-harmonics L3;Power quality analyser;H;Kocos
Line_PX_1.UL3-NIH36 (avg);percent;Voltage inter-harmonics L3;Power quality analyser;H;Kocos
Line_PX_1.UL3-NIH37 (avg);percent;Voltage inter-harmonics L3;Power quality analyser;H;Kocos
Line_PX_1.UL3-NIH38 (avg);percent;Voltage inter-harmonics L3;Power quality analyser;H;Kocos
Line_PX_1.UL3-NIH39 (avg);percent;Voltage inter-harmonics L3;Power quality analyser;H;Kocos
Line_PX_1.UL3-NIH40 (avg);percent;Voltage inter-harmonics L3;Power quality analyser;H;Kocos
Line_PX_1.UL3-NIH41 (avg);percent;Voltage inter-harmonics L3;Power quality analyser;H;Kocos
Line_PX_1.UL3-NIH42 (avg);percent;Voltage inter-harmonics L3;Power quality analyser;H;Kocos
Line_PX_1.UL3-NIH43 (avg);percent;Voltage inter-harmonics L3;Power quality analyser;H;Kocos
Line_PX_1.UL3-NIH44 (avg);percent;Voltage inter-harmonics L3;Power quality analyser;H;Kocos
Line_PX_1.UL3-NIH45 (avg);percent;Voltage inter-harmonics L3;Power quality analyser;H;Kocos
Line_PX_1.UL3-NIH46 (avg);percent;Voltage inter-harmonics L3;Power quality analyser;H;Kocos
Line_PX_1.UL3-NIH47 (avg);percent;Voltage inter-harmonics L3;Power quality analyser;H;Kocos
Line_PX_1.UL3-NIH48 (avg);percent;Voltage inter-harmonics L3;Power quality analyser;H;Kocos
Line_PX_1.UL3-NIH49 (avg);percent;Voltage inter-harmonics L3;Power quality analyser;H;Kocos
Line_PX_1.UL3-NIH50 (avg);percent;Voltage inter-harmonics L3;Power quality analyser;H;Kocos
Line_PX_1.UL3-NIH51 (avg);percent;Voltage inter-harmonics L3;Power quality analyser;H;Kocos
Line_PX_1.UL3-NIH52 (avg);percent;Voltage inter-harmonics L3;Power quality analyser;H;Kocos
Line_PX_1.UL3-NIH53 (avg);percent;Voltage inter-harmonics L3;Power quality analyser;H;Kocos
Line_PX_1.UL3-NIH54 (avg);percent;Voltage inter-harmonics L3;Power quality analyser;H;Kocos
Line_PX_1.UL3-NIH55 (avg);percent;Voltage inter-harmonics L3;Power quality analyser;H;Kocos
Line_PX_1.UL3-NIH56 (avg);percent;Voltage inter-harmonics L3;Power quality analyser;H;Kocos
Line_PX_1.UL3-NIH57 (avg);percent;Voltage inter-harmonics L3;Power quality analyser;H;Kocos
Line_PX_1.UL3-NIH58 (avg);percent;Voltage inter-harmonics L3;Power quality analyser;H;Kocos
Line_PX_1.UL3-NIH59 (avg);percent;Voltage inter-harmonics L3;Power quality analyser;H;Kocos
Line_PX_1.UL3-NIH60 (avg);percent;Voltage inter-harmonics L3;Power quality analyser;H;Kocos
Line_PX_1.UL3-NIH61 (avg);percent;Voltage inter-harmonics L3;Power quality analyser;H;Kocos
Line_PX_1.UL3-NIH62 (avg);percent;Voltage inter-harmonics L3;Power quality analyser;H;Kocos
Line_PX_1.UL3-NTHD (avg);percent;Voltage THD L3;Power quality analyser;H;Kocos
Time;date and time;Timestamp E-type data;EV monitoring system;E;EV-Monitor
Active Power;W;not used;EV monitoring system;E;EV-Monitor
Reactive Power;var;not used;EV monitoring system;E;EV-Monitor
Apparent Power;VA;not used;EV monitoring system;E;EV-Monitor
Power Factor;;not used;EV monitoring system;E;EV-Monitor
Active Energy;Wh;not used;EV monitoring system;E;EV-Monitor
Reactive Energy;varh;not used;EV monitoring system;E;EV-Monitor
Apparent Energy;VAh;not used;EV monitoring system;E;EV-Monitor
Rotating Field;;not used;EV monitoring system;E;EV-Monitor
Voltage L1;V;not used;EV monitoring system;E;EV-Monitor
Current L1;A;not used;EV monitoring system;E;EV-Monitor
Frequency L1;Hz;not used;EV monitoring system;E;EV-Monitor
Active Power L1;W;not used;EV monitoring system;E;EV-Monitor
Reactive Power L1;var;not used;EV monitoring system;E;EV-Monitor
Apparent Power L1;VA;not used;EV monitoring system;E;EV-Monitor
Power Factor L1;;not used;EV monitoring system;E;EV-Monitor
CosPhi L1;;not used;EV monitoring system;E;EV-Monitor
Voltage L2;V;not used;EV monitoring system;E;EV-Monitor
Current L2;A;not used;EV monitoring system;E;EV-Monitor
Frequency L2;Hz;not used;EV monitoring system;E;EV-Monitor
Active Power L2;W;not used;EV monitoring system;E;EV-Monitor
Reactive Power L2;var;not used;EV monitoring system;E;EV-Monitor
Apparent Power L2;VA;not used;EV monitoring system;E;EV-Monitor
Power Factor L2;;not used;EV monitoring system;E;EV-Monitor
CosPhi L2;;not used;EV monitoring system;E;EV-Monitor
Voltage L3;V;not used;EV monitoring system;E;EV-Monitor
Current L3;A;not used;EV monitoring system;E;EV-Monitor
Frequency L3;Hz;not used;EV monitoring system;E;EV-Monitor
Active Power L3;W;not used;EV monitoring system;E;EV-Monitor
Reactive Power L3;var;not used;EV monitoring system;E;EV-Monitor
Apparent Power L3;VA;not used;EV monitoring system;E;EV-Monitor
Power Factor L3;;not used;EV monitoring system;E;EV-Monitor
CosPhi L3;;not used;EV monitoring system;E;EV-Monitor
Voltage CCS;V;CCS voltage;EV monitoring system;E;EV-Monitor
Current CCS;A;CCS current;EV monitoring system;E;EV-Monitor
Power CCS;W;CCS power;EV monitoring system;E;EV-Monitor
Voltage CHAdeMO;V;CHAdeMO voltage;EV monitoring system;E;EV-Monitor
Current CHAdeMO;A;CHAdeMO current;EV monitoring system;E;EV-Monitor
Power CHAdeMO;W;CHAdeMO power;EV monitoring system;E;EV-Monitor
Ambient Temperature;degC;Ambient temperature;EV monitoring system;E;EV-Monitor
Temperature CCS DC+;degC;CCS plug DC+ temperature;EV monitoring system;E;EV-Monitor
Temperature CCS DC-;degC;CCS plug DC- temperature;EV monitoring system;E;EV-Monitor
