horizon_minutes,fold,model,seed,day_utc,n,MAE_MW,RMSE_MW
15,roll_1,persistence,0,2019-04-25,95,0.3023584842105263,0.5577968429474547
15,roll_1,persistence,0,2019-04-26,96,1.5435444791666668,3.1823991726686423
15,roll_1,persistence,0,2019-04-27,96,0.3536340833333334,0.7864311100810367
15,roll_1,persistence,0,2019-04-28,96,1.1835755,2.1282668244552596
15,roll_1,persistence,0,2019-04-29,96,0.7373111770833333,1.2477448634290063
15,roll_1,persistence,0,2019-04-30,96,0.6542725208333334,1.0581002102354937
15,roll_1,persistence,0,2019-05-01,96,0.8667280937499999,2.167573902804453
15,roll_1,persistence,0,2019-05-02,96,0.69993265625,1.152296878716533
15,roll_1,persistence,0,2019-05-03,96,1.2741116666666668,2.5445438234260678
15,roll_1,persistence,0,2019-05-04,96,0.66990515625,1.2543904789373594
15,roll_1,HGB_local,42,2019-04-25,95,1.0629333908785985,1.7937823354807108
15,roll_1,HGB_local,42,2019-04-26,96,1.5853052126510956,2.9743640903270365
15,roll_1,HGB_local,42,2019-04-27,96,0.6731246192172912,1.177722027412083
15,roll_1,HGB_local,42,2019-04-28,96,0.9709977460762781,1.8236246735183106
15,roll_1,HGB_local,42,2019-04-29,96,0.5543810197457811,1.0629121326906676
15,roll_1,HGB_local,42,2019-04-30,96,0.5776467995072142,1.0154627785631902
15,roll_1,HGB_local,42,2019-05-01,96,1.007687799088994,1.9854897468062633
15,roll_1,HGB_local,42,2019-05-02,96,0.37237156584606224,0.6946062878368497
15,roll_1,HGB_local,42,2019-05-03,96,0.9779963022055492,1.9930211835751506
15,roll_1,HGB_local,42,2019-05-04,96,0.5089424903513898,1.0181905659332815
15,roll_1,HGB_local_surface,42,2019-04-25,95,0.9960118061610095,1.62130380674131
15,roll_1,HGB_local_surface,42,2019-04-26,96,1.6398865315755613,2.990884149521711
15,roll_1,HGB_local_surface,42,2019-04-27,96,0.7008608934997801,1.1304204458060043
15,roll_1,HGB_local_surface,42,2019-04-28,96,1.0110892644390101,1.726297312248414
15,roll_1,HGB_local_surface,42,2019-04-29,96,0.6183655984967218,1.106596074354236
15,roll_1,HGB_local_surface,42,2019-04-30,96,0.5930530287660452,1.0066215642510867
15,roll_1,HGB_local_surface,42,2019-05-01,96,1.1406420342322472,2.1574817084057925
15,roll_1,HGB_local_surface,42,2019-05-02,96,0.43271233311233054,0.7536149071521937
15,roll_1,HGB_local_surface,42,2019-05-03,96,1.0605428299708692,1.9746990036199141
15,roll_1,HGB_local_surface,42,2019-05-04,96,0.6616821778600034,1.0579534998112823
15,roll_1,HGB_local_surface_pressure,42,2019-04-25,95,1.128000888557484,1.8791956420421811
15,roll_1,HGB_local_surface_pressure,42,2019-04-26,96,1.580537181189219,2.956618415245156
15,roll_1,HGB_local_surface_pressure,42,2019-04-27,96,0.6063188410908261,1.0129242250771318
15,roll_1,HGB_local_surface_pressure,42,2019-04-28,96,0.9580347430789932,1.7775820124579893
15,roll_1,HGB_local_surface_pressure,42,2019-04-29,96,0.6168012911786795,1.128693890138884
15,roll_1,HGB_local_surface_pressure,42,2019-04-30,96,0.5892842827413526,1.0245067775342442
15,roll_1,HGB_local_surface_pressure,42,2019-05-01,96,1.1581379564277194,2.1839107022620956
15,roll_1,HGB_local_surface_pressure,42,2019-05-02,96,0.4202320637117247,0.7772369185543648
15,roll_1,HGB_local_surface_pressure,42,2019-05-03,96,1.030240390218419,1.9663613160785716
15,roll_1,HGB_local_surface_pressure,42,2019-05-04,96,0.5987437551681142,1.0840734161571444
15,roll_1,LSTM,17,2019-04-25,95,0.32178854135787177,0.566667740792966
15,roll_1,LSTM,17,2019-04-26,96,1.5170693228691234,3.129026944435182
15,roll_1,LSTM,17,2019-04-27,96,0.3411479079715793,0.7420302898097205
15,roll_1,LSTM,17,2019-04-28,96,1.1101967878346566,2.0764515300315742
15,roll_1,LSTM,17,2019-04-29,96,0.6112957744317418,1.1029790606046204
15,roll_1,LSTM,17,2019-04-30,96,0.5577130394167752,0.8291468187338799
15,roll_1,LSTM,17,2019-05-01,96,0.7252259161174764,1.9802880924167996
15,roll_1,LSTM,17,2019-05-02,96,0.4208260447578976,0.8013554158022317
15,roll_1,LSTM,17,2019-05-03,96,1.0908270027704259,2.4158036537668064
15,roll_1,LSTM,17,2019-05-04,96,0.4345101785737158,0.959448165928827
15,roll_1,LSTM,42,2019-04-25,95,0.32335084740666936,0.5730468522693404
15,roll_1,LSTM,42,2019-04-26,96,1.4758006516601447,3.1306866663792876
15,roll_1,LSTM,42,2019-04-27,96,0.3280346975252825,0.7440402070977735
15,roll_1,LSTM,42,2019-04-28,96,1.1278413956166977,2.0579254136591447
15,roll_1,LSTM,42,2019-04-29,96,0.45378883934981135,0.986923092537883
15,roll_1,LSTM,42,2019-04-30,96,0.5255338210876536,0.9005093287809915
15,roll_1,LSTM,42,2019-05-01,96,0.6278344844870368,1.9602064939731259
15,roll_1,LSTM,42,2019-05-02,96,0.4231356160818042,0.8201362188763558
15,roll_1,LSTM,42,2019-05-03,96,1.1377794700451849,2.4393280848321117
15,roll_1,LSTM,42,2019-05-04,96,0.5358186600612523,1.0385777864527184
15,roll_1,LSTM,2026,2019-04-25,95,0.3925871622428166,0.6210105057088053
15,roll_1,LSTM,2026,2019-04-26,96,1.5119312271314909,3.020711659392693
15,roll_1,LSTM,2026,2019-04-27,96,0.39093638700303895,0.751149035686359
15,roll_1,LSTM,2026,2019-04-28,96,1.092637823715365,2.0984779306366814
15,roll_1,LSTM,2026,2019-04-29,96,0.5267317279426084,0.947386271414991
15,roll_1,LSTM,2026,2019-04-30,96,0.5700684279490265,0.7721782889269115
15,roll_1,LSTM,2026,2019-05-01,96,0.9227418359060394,1.9491089108688906
15,roll_1,LSTM,2026,2019-05-02,96,0.5139937260661597,0.8844981629314353
15,roll_1,LSTM,2026,2019-05-03,96,1.110805545962103,2.4174751441059024
15,roll_1,LSTM,2026,2019-05-04,96,0.5501668458792817,1.052892701959346
15,roll_1,GRU,17,2019-04-25,95,0.44263454481200987,0.8630678561276346
15,roll_1,GRU,17,2019-04-26,96,1.4489834484024182,2.9020609212007265
15,roll_1,GRU,17,2019-04-27,96,0.3766316737191193,0.7588998226973278
15,roll_1,GRU,17,2019-04-28,96,1.07924218253155,1.9961345938019035
15,roll_1,GRU,17,2019-04-29,96,0.40951590668498805,0.8551062543066578
15,roll_1,GRU,17,2019-04-30,96,0.66837246389604,1.0493186495075117
15,roll_1,GRU,17,2019-05-01,96,0.8024410859593182,1.8649387464713039
15,roll_1,GRU,17,2019-05-02,96,0.4827834682830585,0.9077774918589276
15,roll_1,GRU,17,2019-05-03,96,0.9984330387920938,2.187965542344996
15,roll_1,GRU,17,2019-05-04,96,0.4787917305733152,0.9451350177162804
15,roll_1,GRU,42,2019-04-25,95,0.3999202605194663,0.7153575077069351
15,roll_1,GRU,42,2019-04-26,96,1.5960729621576173,2.9304703524462807
15,roll_1,GRU,42,2019-04-27,96,0.48538479305898646,0.8856217599348163
15,roll_1,GRU,42,2019-04-28,96,1.1454345260461842,2.0268680133625954
15,roll_1,GRU,42,2019-04-29,96,0.586305441574221,0.9719029353315697
15,roll_1,GRU,42,2019-04-30,96,0.5150581528142282,0.7560903905277103
15,roll_1,GRU,42,2019-05-01,96,0.9958210453404476,1.8818802426683208
15,roll_1,GRU,42,2019-05-02,96,0.6240130141831065,0.9306243230012039
15,roll_1,GRU,42,2019-05-03,96,1.196072846849131,2.2647319978903133
15,roll_1,GRU,42,2019-05-04,96,0.5416903968503799,1.0031327712715965
15,roll_1,GRU,2026,2019-04-25,95,0.389976330889599,0.5966704462245763
15,roll_1,GRU,2026,2019-04-26,96,1.6803975067727368,3.1417819825285886
15,roll_1,GRU,2026,2019-04-27,96,0.4830299786931152,0.8499997024340729
15,roll_1,GRU,2026,2019-04-28,96,1.2927147753980803,2.094755633691194
15,roll_1,GRU,2026,2019-04-29,96,0.6637233539765367,1.0037639377206327
15,roll_1,GRU,2026,2019-04-30,96,0.4874408946521978,0.691994023599975
15,roll_1,GRU,2026,2019-05-01,96,0.8571599961925274,2.027497125963535
15,roll_1,GRU,2026,2019-05-02,96,0.6778958872705125,0.932189835743027
15,roll_1,GRU,2026,2019-05-03,96,1.24398457106635,2.4229651472116234
15,roll_1,GRU,2026,2019-05-04,96,0.6972589667899451,1.059952511309976
15,roll_2,persistence,0,2019-05-11,95,0.5816522421052632,1.1970193994172664
15,roll_2,persistence,0,2019-05-12,96,1.73269934375,3.8634076639318837
15,roll_2,persistence,0,2019-05-13,96,0.7409503541666665,1.3678367900042174
15,roll_2,persistence,0,2019-05-14,96,0.8655665312499999,1.5796419706163016
15,roll_2,persistence,0,2019-05-15,96,0.9671819479166667,1.8862875452229986
15,roll_2,persistence,0,2019-05-16,96,0.9699909166666667,1.7244737861305754
15,roll_2,persistence,0,2019-05-17,96,0.5057778541666668,0.8303085765683241
15,roll_2,persistence,0,2019-05-18,96,0.6758959895833335,1.2103990043482435
15,roll_2,persistence,0,2019-05-19,96,1.3479936145833333,2.5351821302817403
15,roll_2,persistence,0,2019-05-20,96,0.6633183124999998,1.0432379333868524
15,roll_2,HGB_local,42,2019-05-11,95,0.6043045571697597,1.2368322097663527
15,roll_2,HGB_local,42,2019-05-12,96,1.4078286355277492,3.4180308224692872
15,roll_2,HGB_local,42,2019-05-13,96,0.523823319034083,1.0908556102870153
15,roll_2,HGB_local,42,2019-05-14,96,0.7240234559819894,1.4116509012099645
15,roll_2,HGB_local,42,2019-05-15,96,0.9894745782468471,1.849737574750133
15,roll_2,HGB_local,42,2019-05-16,96,0.7249668843237917,1.4000209504866703
15,roll_2,HGB_local,42,2019-05-17,96,0.3258355905171843,0.5342134658353932
15,roll_2,HGB_local,42,2019-05-18,96,0.6382272325829969,1.1724314622965444
15,roll_2,HGB_local,42,2019-05-19,96,0.9405079776973904,1.9978667614473575
15,roll_2,HGB_local,42,2019-05-20,96,0.33794404463736044,0.5966635461555396
15,roll_2,HGB_local_surface,42,2019-05-11,95,0.5235645806304721,1.1439558547343909
15,roll_2,HGB_local_surface,42,2019-05-12,96,1.4079877769656448,3.4411697037855893
15,roll_2,HGB_local_surface,42,2019-05-13,96,0.5300180781549813,1.1011131329110369
15,roll_2,HGB_local_surface,42,2019-05-14,96,0.7344402863540639,1.3642686271595132
15,roll_2,HGB_local_surface,42,2019-05-15,96,0.9289622340489094,1.7519927228973688
15,roll_2,HGB_local_surface,42,2019-05-16,96,0.7755743580492572,1.4087829603480633
15,roll_2,HGB_local_surface,42,2019-05-17,96,0.27372176659468844,0.4590539608450609
15,roll_2,HGB_local_surface,42,2019-05-18,96,0.688201685986523,1.1986159721646503
15,roll_2,HGB_local_surface,42,2019-05-19,96,0.9978724515864202,2.037300606659057
15,roll_2,HGB_local_surface,42,2019-05-20,96,0.37382910436306577,0.6575982088340191
15,roll_2,HGB_local_surface_pressure,42,2019-05-11,95,0.5366021763175948,1.203898997999847
15,roll_2,HGB_local_surface_pressure,42,2019-05-12,96,1.4085421561162133,3.3638567408103595
15,roll_2,HGB_local_surface_pressure,42,2019-05-13,96,0.5232909411121894,1.0299584597225149
15,roll_2,HGB_local_surface_pressure,42,2019-05-14,96,0.6933866399146079,1.3266019213830873
15,roll_2,HGB_local_surface_pressure,42,2019-05-15,96,0.859316782273999,1.659781441498808
15,roll_2,HGB_local_surface_pressure,42,2019-05-16,96,0.7434474910520684,1.3756605386258693
15,roll_2,HGB_local_surface_pressure,42,2019-05-17,96,0.25481332394542755,0.4301105521079731
15,roll_2,HGB_local_surface_pressure,42,2019-05-18,96,0.6833634050500486,1.1849808445768404
15,roll_2,HGB_local_surface_pressure,42,2019-05-19,96,1.036290553009357,2.1393033243753283
15,roll_2,HGB_local_surface_pressure,42,2019-05-20,96,0.41925416549008926,0.6803266359658858
15,roll_2,LSTM,17,2019-05-11,95,0.4002053438629418,0.8691506867231282
15,roll_2,LSTM,17,2019-05-12,96,1.5545665499932892,3.6372353119892793
15,roll_2,LSTM,17,2019-05-13,96,0.4438243074313391,1.0665305790554482
15,roll_2,LSTM,17,2019-05-14,96,0.6800357843399746,1.352469633219668
15,roll_2,LSTM,17,2019-05-15,96,0.8344400268802291,1.7200284911873573
15,roll_2,LSTM,17,2019-05-16,96,0.7953368876868906,1.5260801633766838
15,roll_2,LSTM,17,2019-05-17,96,0.17683456063031902,0.3565753167276835
15,roll_2,LSTM,17,2019-05-18,96,0.6722468466109303,1.197213531790219
15,roll_2,LSTM,17,2019-05-19,96,1.2766824279922817,2.3568594320678202
15,roll_2,LSTM,17,2019-05-20,96,0.5304558175755852,0.7749816902978663
15,roll_2,LSTM,42,2019-05-11,95,0.48893811828475675,0.9204521073827661
15,roll_2,LSTM,42,2019-05-12,96,1.6340437079029773,3.6419852738920584
15,roll_2,LSTM,42,2019-05-13,96,0.44677744224366167,1.0803827938512143
15,roll_2,LSTM,42,2019-05-14,96,0.6902797817940751,1.3274891946328908
15,roll_2,LSTM,42,2019-05-15,96,0.8833449930221446,1.7247043102790656
15,roll_2,LSTM,42,2019-05-16,96,0.8634086517782679,1.529291282776511
15,roll_2,LSTM,42,2019-05-17,96,0.2649812479254367,0.3994181698646699
15,roll_2,LSTM,42,2019-05-18,96,0.6772619047292799,1.1895437702993643
15,roll_2,LSTM,42,2019-05-19,96,1.2540261122627465,2.2899349291674973
15,roll_2,LSTM,42,2019-05-20,96,0.34556820951917727,0.5117103131421356
15,roll_2,LSTM,2026,2019-05-11,95,0.42684544185423157,0.8763104887583724
15,roll_2,LSTM,2026,2019-05-12,96,1.5406482323966841,3.7694069533816688
15,roll_2,LSTM,2026,2019-05-13,96,0.4276529814789766,1.0658966688935092
15,roll_2,LSTM,2026,2019-05-14,96,0.70580532940724,1.394084353407536
15,roll_2,LSTM,2026,2019-05-15,96,0.8485695580732475,1.781010445900779
15,roll_2,LSTM,2026,2019-05-16,96,0.7942960614536055,1.5414722237151701
15,roll_2,LSTM,2026,2019-05-17,96,0.2140657215447426,0.3960317987065214
15,roll_2,LSTM,2026,2019-05-18,96,0.6552068711683673,1.201230243455662
15,roll_2,LSTM,2026,2019-05-19,96,1.179534862949826,2.3734254828101906
15,roll_2,LSTM,2026,2019-05-20,96,0.37847836873202384,0.6388314778679449
15,roll_2,GRU,17,2019-05-11,95,0.466080569284899,0.8974661018181281
15,roll_2,GRU,17,2019-05-12,96,1.489330656837608,3.66353594655006
15,roll_2,GRU,17,2019-05-13,96,0.5049043432349688,1.0900113124968365
15,roll_2,GRU,17,2019-05-14,96,0.7352407862154337,1.389495416082193
15,roll_2,GRU,17,2019-05-15,96,0.8689435908417429,1.7427821811768427
15,roll_2,GRU,17,2019-05-16,96,0.8578448937055821,1.5637078621534335
15,roll_2,GRU,17,2019-05-17,96,0.24743240496831512,0.4364590058183602
15,roll_2,GRU,17,2019-05-18,96,0.6687982932238835,1.1953154277457472
15,roll_2,GRU,17,2019-05-19,96,1.1620385544287701,2.3338298198127365
15,roll_2,GRU,17,2019-05-20,96,0.4292229271241664,0.7330308964666971
15,roll_2,GRU,42,2019-05-11,95,0.4696456235884029,0.8494295885014534
15,roll_2,GRU,42,2019-05-12,96,1.6254567069184087,3.6008476462306844
15,roll_2,GRU,42,2019-05-13,96,0.6482309960638081,1.136782123711576
15,roll_2,GRU,42,2019-05-14,96,0.7832245403607638,1.3476728674419363
15,roll_2,GRU,42,2019-05-15,96,0.9862755722772615,1.7650670079350823
15,roll_2,GRU,42,2019-05-16,96,0.9844763164102744,1.5884231166878018
15,roll_2,GRU,42,2019-05-17,96,0.34992204266893356,0.4521769180046199
15,roll_2,GRU,42,2019-05-18,96,0.7229621821688869,1.197878621017133
15,roll_2,GRU,42,2019-05-19,96,1.4455596961646273,2.3435460149370115
15,roll_2,GRU,42,2019-05-20,96,0.6073097368148659,0.7267495501585217
15,roll_2,GRU,2026,2019-05-11,95,0.5324064463340145,0.8830975534902373
15,roll_2,GRU,2026,2019-05-12,96,1.485351607350272,3.6354587434801413
15,roll_2,GRU,2026,2019-05-13,96,0.6158867708422348,1.1409805990892576
15,roll_2,GRU,2026,2019-05-14,96,0.7951140264843257,1.3898543979415285
15,roll_2,GRU,2026,2019-05-15,96,0.8870461611374921,1.7573058583105166
15,roll_2,GRU,2026,2019-05-16,96,0.8487077238393277,1.5578241072212713
15,roll_2,GRU,2026,2019-05-17,96,0.18402308743473492,0.35466984173282023
15,roll_2,GRU,2026,2019-05-18,96,0.6683387455137461,1.2235484406122497
15,roll_2,GRU,2026,2019-05-19,96,1.180670328624642,2.37065738455384
15,roll_2,GRU,2026,2019-05-20,96,0.5320792422599582,0.8252874931941024
15,roll_3,persistence,0,2019-05-30,95,1.828127947368421,3.9644799073583954
15,roll_3,persistence,0,2019-06-01,80,0.7273107125,2.213411181704986
15,roll_3,persistence,0,2019-06-02,96,0.6670855520833333,1.1303108956399959
15,roll_3,persistence,0,2019-06-03,96,0.5568099270833334,0.8618287928713654
15,roll_3,persistence,0,2019-06-04,96,1.4738016145833333,3.2465605429575914
15,roll_3,persistence,0,2019-06-05,96,0.4237680833333333,0.8506530525698576
15,roll_3,persistence,0,2019-06-06,96,0.6759044583333332,1.135938364073133
15,roll_3,persistence,0,2019-06-07,96,1.3260068020833333,2.9161598429519233
15,roll_3,persistence,0,2019-06-08,96,1.7867193854166665,4.264403825495163
15,roll_3,persistence,0,2019-06-09,96,0.6246702291666667,0.9469639200428366
15,roll_3,persistence,0,2019-06-10,96,1.326484125,2.8145516609645544
15,roll_3,persistence,0,2019-06-11,96,0.6065530625,0.9891538722712184
15,roll_3,persistence,0,2019-06-12,96,0.9174815937500002,1.739923535064206
15,roll_3,persistence,0,2019-06-13,64,2.034912234375,3.5675347054150737
15,roll_3,HGB_local,42,2019-05-30,95,1.5369315426584491,3.6332384116711394
15,roll_3,HGB_local,42,2019-06-01,80,0.6392809495554468,2.0068096251119156
15,roll_3,HGB_local,42,2019-06-02,96,0.4445210231434129,0.815759591871469
15,roll_3,HGB_local,42,2019-06-03,96,0.35054174677860184,0.5862332703671371
15,roll_3,HGB_local,42,2019-06-04,96,1.5554040102241096,3.414735051271642
15,roll_3,HGB_local,42,2019-06-05,96,0.5722552070617393,1.0525108621387131
15,roll_3,HGB_local,42,2019-06-06,96,0.6041056535615484,1.0930243280327825
15,roll_3,HGB_local,42,2019-06-07,96,1.190781975160992,2.4939190300423792
15,roll_3,HGB_local,42,2019-06-08,96,1.3488085324034753,3.560901588827507
15,roll_3,HGB_local,42,2019-06-09,96,0.30004749427082156,0.48533008530644967
15,roll_3,HGB_local,42,2019-06-10,96,1.141932766099785,2.467563786723093
15,roll_3,HGB_local,42,2019-06-11,96,0.37811730476806976,0.7124173582720191
15,roll_3,HGB_local,42,2019-06-12,96,0.7038161229284178,1.3926388851540894
15,roll_3,HGB_local,42,2019-06-13,64,1.7810277263116092,3.058032908251333
15,roll_3,HGB_local_surface,42,2019-05-30,95,1.5676419847595529,3.5781786765546433
15,roll_3,HGB_local_surface,42,2019-06-01,80,0.5812510330394642,1.7564824149989946
15,roll_3,HGB_local_surface,42,2019-06-02,96,0.38078328895673236,0.7709249945870063
15,roll_3,HGB_local_surface,42,2019-06-03,96,0.3084179231078053,0.49553523507338876
15,roll_3,HGB_local_surface,42,2019-06-04,96,1.5463820363482605,3.327401756971845
15,roll_3,HGB_local_surface,42,2019-06-05,96,0.5531962105966629,0.9799715231466435
15,roll_3,HGB_local_surface,42,2019-06-06,96,0.5729028938007044,1.0456751519193683
15,roll_3,HGB_local_surface,42,2019-06-07,96,1.2495662012500115,2.5845080302879007
15,roll_3,HGB_local_surface,42,2019-06-08,96,1.3383769829683765,3.5378938436848237
15,roll_3,HGB_local_surface,42,2019-06-09,96,0.2270647375032037,0.34402794363681055
15,roll_3,HGB_local_surface,42,2019-06-10,96,1.111790035834669,2.3554712477226896
15,roll_3,HGB_local_surface,42,2019-06-11,96,0.3709497246452121,0.6862868331629761
15,roll_3,HGB_local_surface,42,2019-06-12,96,0.6835150808015532,1.3714865602809143
15,roll_3,HGB_local_surface,42,2019-06-13,64,1.9223326155720408,3.19357379165005
15,roll_3,HGB_local_surface_pressure,42,2019-05-30,95,1.5621112205034322,3.542364425027301
15,roll_3,HGB_local_surface_pressure,42,2019-06-01,80,0.631625404666349,1.9276916268135642
15,roll_3,HGB_local_surface_pressure,42,2019-06-02,96,0.40362674525769443,0.7791917433410213
15,roll_3,HGB_local_surface_pressure,42,2019-06-03,96,0.3063784097849876,0.515580257050431
15,roll_3,HGB_local_surface_pressure,42,2019-06-04,96,1.5366644342041622,3.305619239253503
15,roll_3,HGB_local_surface_pressure,42,2019-06-05,96,0.558359243040461,1.009201230561916
15,roll_3,HGB_local_surface_pressure,42,2019-06-06,96,0.5843709477783873,1.0453492264477404
15,roll_3,HGB_local_surface_pressure,42,2019-06-07,96,1.254693688119562,2.6161432682050125
15,roll_3,HGB_local_surface_pressure,42,2019-06-08,96,1.3242148354635406,3.5064705333026907
15,roll_3,HGB_local_surface_pressure,42,2019-06-09,96,0.23033125123614862,0.3649812137093419
15,roll_3,HGB_local_surface_pressure,42,2019-06-10,96,1.0911079325550734,2.3542456687334403
15,roll_3,HGB_local_surface_pressure,42,2019-06-11,96,0.3750349200742759,0.688244304446248
15,roll_3,HGB_local_surface_pressure,42,2019-06-12,96,0.7659080613543722,1.4671199156870762
15,roll_3,HGB_local_surface_pressure,42,2019-06-13,64,1.8750044104249706,3.1120536916032435
15,roll_3,LSTM,17,2019-05-30,95,1.6511864434473853,3.5669312401703155
15,roll_3,LSTM,17,2019-06-01,80,0.6017177348559154,1.9675528469170247
15,roll_3,LSTM,17,2019-06-02,96,0.4971855601701054,0.8817821530103598
15,roll_3,LSTM,17,2019-06-03,96,0.39219548576713975,0.5503596795192207
15,roll_3,LSTM,17,2019-06-04,96,1.3571006930760319,2.984996140999001
15,roll_3,LSTM,17,2019-06-05,96,0.5066157845271461,0.8741587685920001
15,roll_3,LSTM,17,2019-06-06,96,0.6457515961944628,1.2017720194157886
15,roll_3,LSTM,17,2019-06-07,96,1.3187115476646893,2.6636663670625444
15,roll_3,LSTM,17,2019-06-08,96,1.5173317703762763,3.8470477038980397
15,roll_3,LSTM,17,2019-06-09,96,0.24196898832429947,0.368824626622358
15,roll_3,LSTM,17,2019-06-10,96,1.0702394521624201,2.529870000852904
15,roll_3,LSTM,17,2019-06-11,96,0.37077888229954614,0.6500999565091499
15,roll_3,LSTM,17,2019-06-12,96,1.0670477444792417,1.9637165491724986
15,roll_3,LSTM,17,2019-06-13,64,1.902098978223525,3.2396718465855576
15,roll_3,LSTM,42,2019-05-30,95,1.7683799795830701,3.599729196082593
15,roll_3,LSTM,42,2019-06-01,80,0.7793631142075225,2.053276426172547
15,roll_3,LSTM,42,2019-06-02,96,0.689095660520795,0.9701902462758035
15,roll_3,LSTM,42,2019-06-03,96,0.6119142246355328,0.7896591694963626
15,roll_3,LSTM,42,2019-06-04,96,1.5907249929361018,3.105206563027983
15,roll_3,LSTM,42,2019-06-05,96,0.5624403131931958,0.9786856072478791
15,roll_3,LSTM,42,2019-06-06,96,0.675550916374617,1.1776896190824135
15,roll_3,LSTM,42,2019-06-07,96,1.3819852127827825,2.742302230124116
15,roll_3,LSTM,42,2019-06-08,96,1.6551005225629807,3.7853146202328474
15,roll_3,LSTM,42,2019-06-09,96,0.386053448279911,0.5266863809358177
15,roll_3,LSTM,42,2019-06-10,96,1.288409885551266,2.6118949701853835
15,roll_3,LSTM,42,2019-06-11,96,0.5427209969851536,0.7465320832744682
15,roll_3,LSTM,42,2019-06-12,96,1.0206194996440265,1.794459520921458
15,roll_3,LSTM,42,2019-06-13,64,1.9061243162493364,3.161443460143828
15,roll_3,LSTM,2026,2019-05-30,95,1.6396053076328745,3.612799271643839
15,roll_3,LSTM,2026,2019-06-01,80,0.589437947472465,1.9254043581953044
15,roll_3,LSTM,2026,2019-06-02,96,0.4178845525424982,0.8254556145479754
15,roll_3,LSTM,2026,2019-06-03,96,0.2942018195424664,0.4321104797671562
15,roll_3,LSTM,2026,2019-06-04,96,1.55974188548206,3.1179130669084705
15,roll_3,LSTM,2026,2019-06-05,96,0.6173140733301206,1.1017986057791258
15,roll_3,LSTM,2026,2019-06-06,96,0.5882549575772137,1.0722265716123578
15,roll_3,LSTM,2026,2019-06-07,96,1.3107600606282304,2.8464802097754642
15,roll_3,LSTM,2026,2019-06-08,96,1.3951825137688667,3.8206996910670594
15,roll_3,LSTM,2026,2019-06-09,96,0.2618505795979624,0.3771126557875872
15,roll_3,LSTM,2026,2019-06-10,96,1.0305771729210738,2.5195098672444685
15,roll_3,LSTM,2026,2019-06-11,96,0.3207881977854172,0.6135375633145947
15,roll_3,LSTM,2026,2019-06-12,96,1.1024290872582891,2.045430367130357
15,roll_3,LSTM,2026,2019-06-13,64,1.9602801681337236,3.2779641477407955
15,roll_3,GRU,17,2019-05-30,95,1.585690692398622,3.653697617064674
15,roll_3,GRU,17,2019-06-01,80,0.6093636827075868,1.9908600584756713
15,roll_3,GRU,17,2019-06-02,96,0.41369794239511837,0.8505822648520904
15,roll_3,GRU,17,2019-06-03,96,0.4463315232474058,0.6529782496530985
15,roll_3,GRU,17,2019-06-04,96,1.4213747287603467,3.1543630594981016
15,roll_3,GRU,17,2019-06-05,96,0.520452977971778,0.8529945094980093
15,roll_3,GRU,17,2019-06-06,96,0.6227917890070044,1.122690763765572
15,roll_3,GRU,17,2019-06-07,96,1.263771195026492,2.546877364091204
15,roll_3,GRU,17,2019-06-08,96,1.4869459408267887,3.910693126128515
15,roll_3,GRU,17,2019-06-09,96,0.2373160330745665,0.4481478579513957
15,roll_3,GRU,17,2019-06-10,96,1.1136602086811045,2.5731192182501754
15,roll_3,GRU,17,2019-06-11,96,0.4927747219176107,0.8343857629396573
15,roll_3,GRU,17,2019-06-12,96,1.0578538892898732,1.9273875009480204
15,roll_3,GRU,17,2019-06-13,64,1.8734066924135786,3.2087700538995936
15,roll_3,GRU,42,2019-05-30,95,1.6093924335534948,3.620281706957275
15,roll_3,GRU,42,2019-06-01,80,0.6623514227115631,2.136426516436153
15,roll_3,GRU,42,2019-06-02,96,0.4060424202690231,0.793906016464587
15,roll_3,GRU,42,2019-06-03,96,0.5564204331889736,0.7196613724859399
15,roll_3,GRU,42,2019-06-04,96,1.4950703762509336,3.174826112547409
15,roll_3,GRU,42,2019-06-05,96,0.559028655769302,0.8807958490046677
15,roll_3,GRU,42,2019-06-06,96,0.7056812480611677,1.1810071722231417
15,roll_3,GRU,42,2019-06-07,96,1.2584315331197515,2.6218961278632684
15,roll_3,GRU,42,2019-06-08,96,1.5894432200483415,3.92876841258737
15,roll_3,GRU,42,2019-06-09,96,0.254767915107298,0.36559167431832407
15,roll_3,GRU,42,2019-06-10,96,1.1232509912285515,2.562203484808626
15,roll_3,GRU,42,2019-06-11,96,0.46005312149579886,0.7385987160554429
15,roll_3,GRU,42,2019-06-12,96,0.9494586447780877,1.7067752403781515
15,roll_3,GRU,42,2019-06-13,64,1.8673697554747593,3.270361190261156
15,roll_3,GRU,2026,2019-05-30,95,1.5716402316640234,3.6382167796872813
15,roll_3,GRU,2026,2019-06-01,80,0.7441203232876152,2.054968919283178
15,roll_3,GRU,2026,2019-06-02,96,0.4533627100657574,0.8545976985941651
15,roll_3,GRU,2026,2019-06-03,96,0.5360533195246905,0.8330604510523485
15,roll_3,GRU,2026,2019-06-04,96,1.401908627444585,3.0746371838324946
15,roll_3,GRU,2026,2019-06-05,96,0.4939081262012484,0.9149928930074083
15,roll_3,GRU,2026,2019-06-06,96,0.6315871633714188,1.1638175948642788
15,roll_3,GRU,2026,2019-06-07,96,1.306306210810227,2.572745796839383
15,roll_3,GRU,2026,2019-06-08,96,1.4751093088521783,3.7271936633220406
15,roll_3,GRU,2026,2019-06-09,96,0.2835803610177176,0.4376041307834399
15,roll_3,GRU,2026,2019-06-10,96,1.0501563667668028,2.492268683457762
15,roll_3,GRU,2026,2019-06-11,96,0.41295100115451966,0.7063501210162452
15,roll_3,GRU,2026,2019-06-12,96,0.9007413354803727,1.695298971897386
15,roll_3,GRU,2026,2019-06-13,64,1.9436575126486508,3.2316342349834657
60,roll_1,persistence,0,2019-04-25,92,0.7119786195652175,1.2306832687828202
60,roll_1,persistence,0,2019-04-26,96,3.1883933333333325,5.58391477199476
60,roll_1,persistence,0,2019-04-27,96,0.9044744479166668,1.6720267873746977
60,roll_1,persistence,0,2019-04-28,96,2.3268459895833336,3.83387161004245
60,roll_1,persistence,0,2019-04-29,96,2.3431638541666664,3.460174288257719
60,roll_1,persistence,0,2019-04-30,96,2.6563140416666666,4.111965233734506
60,roll_1,persistence,0,2019-05-01,96,2.605860291666667,5.12743983510115
60,roll_1,persistence,0,2019-05-02,96,2.410576385416667,3.689437911569973
60,roll_1,persistence,0,2019-05-03,96,2.6999997395833333,4.110203924860718
60,roll_1,persistence,0,2019-05-04,96,2.2524107291666664,3.6923511430144544
60,roll_1,HGB_local,42,2019-04-25,92,2.773285428923221,4.596634554341864
60,roll_1,HGB_local,42,2019-04-26,96,2.5068652627040158,4.702197567174841
60,roll_1,HGB_local,42,2019-04-27,96,3.0291733260177427,4.959332762136414
60,roll_1,HGB_local,42,2019-04-28,96,1.6998057132391926,3.049051992857535
60,roll_1,HGB_local,42,2019-04-29,96,1.1035749687640422,2.127738422204608
60,roll_1,HGB_local,42,2019-04-30,96,0.952223040698855,1.7739747358118283
60,roll_1,HGB_local,42,2019-05-01,96,1.5466180701718837,3.6007265512648816
60,roll_1,HGB_local,42,2019-05-02,96,0.7443858677059723,1.170797365720039
60,roll_1,HGB_local,42,2019-05-03,96,1.3299893740589332,2.479999539639283
60,roll_1,HGB_local,42,2019-05-04,96,0.7873402808135402,1.36341102195225
60,roll_1,HGB_local_surface,42,2019-04-25,92,2.5455824649916674,4.218508750574644
60,roll_1,HGB_local_surface,42,2019-04-26,96,2.019486763459089,3.884446693819362
60,roll_1,HGB_local_surface,42,2019-04-27,96,2.635119541171615,4.219864998644349
60,roll_1,HGB_local_surface,42,2019-04-28,96,1.3904810836159651,2.4405676338329907
60,roll_1,HGB_local_surface,42,2019-04-29,96,0.7822857672400406,1.3472903620856498
60,roll_1,HGB_local_surface,42,2019-04-30,96,0.9285557973913902,1.6718821801731445
60,roll_1,HGB_local_surface,42,2019-05-01,96,1.7749047565736653,3.7024374218049396
60,roll_1,HGB_local_surface,42,2019-05-02,96,0.6740251862752111,1.11858789831089
60,roll_1,HGB_local_surface,42,2019-05-03,96,1.2281239540048647,2.1659762612223328
60,roll_1,HGB_local_surface,42,2019-05-04,96,1.0715408370140544,1.766046896065025
60,roll_1,HGB_local_surface_pressure,42,2019-04-25,92,2.7343998002496583,4.570448197089927
60,roll_1,HGB_local_surface_pressure,42,2019-04-26,96,1.9455275287165221,3.8697766147684196
60,roll_1,HGB_local_surface_pressure,42,2019-04-27,96,2.30049398804322,3.687715152505014
60,roll_1,HGB_local_surface_pressure,42,2019-04-28,96,1.420219153792918,2.4825421599022186
60,roll_1,HGB_local_surface_pressure,42,2019-04-29,96,1.231430453160578,2.0535015986224097
60,roll_1,HGB_local_surface_pressure,42,2019-04-30,96,0.8997345665041466,1.6199892638364979
60,roll_1,HGB_local_surface_pressure,42,2019-05-01,96,1.837862492204253,3.8089360316788703
60,roll_1,HGB_local_surface_pressure,42,2019-05-02,96,0.8314911419770136,1.2798343841042716
60,roll_1,HGB_local_surface_pressure,42,2019-05-03,96,1.5225932908795141,2.5984823388653098
60,roll_1,HGB_local_surface_pressure,42,2019-05-04,96,0.7777487404146175,1.3402641910314559
60,roll_1,LSTM,17,2019-04-25,92,0.711426726962473,1.2260120666412044
60,roll_1,LSTM,17,2019-04-26,96,2.9565163616888914,5.339928246986417
60,roll_1,LSTM,17,2019-04-27,96,0.7376089895079708,1.3887194984614213
60,roll_1,LSTM,17,2019-04-28,96,2.0453858782877252,3.504470640679995
60,roll_1,LSTM,17,2019-04-29,96,1.1412805522334484,1.8125603230992429
60,roll_1,LSTM,17,2019-04-30,96,2.1692543478424393,3.0441627147769674
60,roll_1,LSTM,17,2019-05-01,96,2.168474549086367,4.2212741278502195
60,roll_1,LSTM,17,2019-05-02,96,1.2161432665220946,2.0269609332761953
60,roll_1,LSTM,17,2019-05-03,96,1.841500963453253,3.031238160418143
60,roll_1,LSTM,17,2019-05-04,96,1.3871020288934979,2.214879132853139
60,roll_1,LSTM,42,2019-04-25,92,0.8332490968384225,1.2950699463508146
60,roll_1,LSTM,42,2019-04-26,96,2.816943691299605,5.20494427716625
60,roll_1,LSTM,42,2019-04-27,96,0.7163792178315646,1.3743019009292825
60,roll_1,LSTM,42,2019-04-28,96,1.9070539423171928,3.1553248532797995
60,roll_1,LSTM,42,2019-04-29,96,1.2747556774167705,2.111444886817041
60,roll_1,LSTM,42,2019-04-30,96,2.007077607927886,3.1589026093079684
60,roll_1,LSTM,42,2019-05-01,96,1.7013673189968117,3.7980246689365105
60,roll_1,LSTM,42,2019-05-02,96,1.1295626258676894,1.870584443844671
60,roll_1,LSTM,42,2019-05-03,96,1.915977732205235,3.0709231914758406
60,roll_1,LSTM,42,2019-05-04,96,1.5008811569190845,2.4377313190798873
60,roll_1,LSTM,2026,2019-04-25,92,0.8620570469331696,1.2936889945961665
60,roll_1,LSTM,2026,2019-04-26,96,2.978996610000973,5.1873700207503814
60,roll_1,LSTM,2026,2019-04-27,96,0.8772372035876116,1.4647013384067937
60,roll_1,LSTM,2026,2019-04-28,96,2.1181659060967095,3.5966147076494317
60,roll_1,LSTM,2026,2019-04-29,96,0.9765480162562131,1.5847419230378388
60,roll_1,LSTM,2026,2019-04-30,96,1.8012418526014091,2.5522418997412273
60,roll_1,LSTM,2026,2019-05-01,96,1.9637963531352354,3.736140807629641
60,roll_1,LSTM,2026,2019-05-02,96,1.1542649949047739,1.6338757206396997
60,roll_1,LSTM,2026,2019-05-03,96,1.601898880759423,2.819460971097917
60,roll_1,LSTM,2026,2019-05-04,96,1.1765886424803895,1.9417304159216962
60,roll_1,GRU,17,2019-04-25,92,0.595783099816395,1.1343630144622037
60,roll_1,GRU,17,2019-04-26,96,2.852984843923686,5.163550666271728
60,roll_1,GRU,17,2019-04-27,96,0.6524577420344092,1.4222117379297994
60,roll_1,GRU,17,2019-04-28,96,2.0709376570342566,3.3579546629685706
60,roll_1,GRU,17,2019-04-29,96,1.1126790927627832,1.8127726823935515
60,roll_1,GRU,17,2019-04-30,96,2.1136765867691465,3.0777986579055554
60,roll_1,GRU,17,2019-05-01,96,2.0005959211395683,3.8501483842572424
60,roll_1,GRU,17,2019-05-02,96,1.0163859801191821,1.6146817639046414
60,roll_1,GRU,17,2019-05-03,96,1.6795536792359886,2.845958323916321
60,roll_1,GRU,17,2019-05-04,96,1.3619232763448856,2.1756785971873875
60,roll_1,GRU,42,2019-04-25,92,0.8266397894159141,1.3532957216137633
60,roll_1,GRU,42,2019-04-26,96,2.826846079341845,4.994199998627793
60,roll_1,GRU,42,2019-04-27,96,0.82097481118159,1.5824427394156726
60,roll_1,GRU,42,2019-04-28,96,1.986575249593759,3.1656537208314584
60,roll_1,GRU,42,2019-04-29,96,1.1194509280323448,1.8607098356111613
60,roll_1,GRU,42,2019-04-30,96,1.7544638879460244,2.7568672515058017
60,roll_1,GRU,42,2019-05-01,96,1.7713463594842034,3.691640549568643
60,roll_1,GRU,42,2019-05-02,96,0.9434718955887927,1.6036718291221832
60,roll_1,GRU,42,2019-05-03,96,1.8564731961756529,2.991510413542195
60,roll_1,GRU,42,2019-05-04,96,1.6266075652568117,2.4891428818392867
60,roll_1,GRU,2026,2019-04-25,92,0.9123691747830875,1.3580429242619443
60,roll_1,GRU,2026,2019-04-26,96,3.2084480704887652,5.215694573468473
60,roll_1,GRU,2026,2019-04-27,96,1.0653264579952284,1.7237228654817052
60,roll_1,GRU,2026,2019-04-28,96,2.352864251868248,3.241979326176219
60,roll_1,GRU,2026,2019-04-29,96,1.7413138834360613,2.0866743755926342
60,roll_1,GRU,2026,2019-04-30,96,1.9724055853102602,2.7201715816199594
60,roll_1,GRU,2026,2019-05-01,96,2.480177269329456,4.135339027176555
60,roll_1,GRU,2026,2019-05-02,96,1.7398448421236274,2.1664942418893163
60,roll_1,GRU,2026,2019-05-03,96,1.985178494040231,2.803691747338852
60,roll_1,GRU,2026,2019-05-04,96,1.7599824890631037,2.3606690893130726
60,roll_2,persistence,0,2019-05-11,92,2.0949158586956527,3.988701641124169
60,roll_2,persistence,0,2019-05-12,96,3.9988784479166664,6.537767885575458
60,roll_2,persistence,0,2019-05-13,96,2.4408193229166666,4.0387938378815695
60,roll_2,persistence,0,2019-05-14,96,2.235992885416667,3.5881293776609526
60,roll_2,persistence,0,2019-05-15,96,2.3248056145833336,3.6218701711216115
60,roll_2,persistence,0,2019-05-16,96,2.2981877083333333,3.5402002686617564
60,roll_2,persistence,0,2019-05-17,96,2.054667885416667,3.1690354811001398
60,roll_2,persistence,0,2019-05-18,96,1.141795041666667,1.8112422471175573
60,roll_2,persistence,0,2019-05-19,96,3.011346895833333,4.820014069140276
60,roll_2,persistence,0,2019-05-20,96,2.57510121875,3.8767397988994072
60,roll_2,HGB_local,42,2019-05-11,92,1.2703306855629741,2.347938109043902
60,roll_2,HGB_local,42,2019-05-12,96,2.751886592782492,5.301214221978256
60,roll_2,HGB_local,42,2019-05-13,96,1.0466804529753693,1.7612373532344978
60,roll_2,HGB_local,42,2019-05-14,96,1.6245623237295401,2.8007411820111896
60,roll_2,HGB_local,42,2019-05-15,96,1.3832577630067997,2.40456171764301
60,roll_2,HGB_local,42,2019-05-16,96,1.0934920368269567,1.8392030126031036
60,roll_2,HGB_local,42,2019-05-17,96,0.7960478714339789,1.2963861816272717
60,roll_2,HGB_local,42,2019-05-18,96,0.9110724593352445,1.6556326406679505
60,roll_2,HGB_local,42,2019-05-19,96,1.5976479849147467,2.8218063263734825
60,roll_2,HGB_local,42,2019-05-20,96,0.6843944428559849,1.1500149807828066
60,roll_2,HGB_local_surface,42,2019-05-11,92,0.9896095556239521,2.0759091389286772
60,roll_2,HGB_local_surface,42,2019-05-12,96,2.6005491420848923,5.117896331558086
60,roll_2,HGB_local_surface,42,2019-05-13,96,0.8212817601468115,1.4837650384078471
60,roll_2,HGB_local_surface,42,2019-05-14,96,1.458245989834271,2.354168924133694
60,roll_2,HGB_local_surface,42,2019-05-15,96,1.1786903948144825,2.097384976602085
60,roll_2,HGB_local_surface,42,2019-05-16,96,1.2395016693773144,2.104593200938738
60,roll_2,HGB_local_surface,42,2019-05-17,96,0.6437813248068848,1.0433706771936775
60,roll_2,HGB_local_surface,42,2019-05-18,96,0.8762543427270032,1.4266520129435247
60,roll_2,HGB_local_surface,42,2019-05-19,96,1.5825204112074047,2.577210777637626
60,roll_2,HGB_local_surface,42,2019-05-20,96,0.577585852137538,0.8905557227593912
60,roll_2,HGB_local_surface_pressure,42,2019-05-11,92,1.0077502973132746,2.0625601513724785
60,roll_2,HGB_local_surface_pressure,42,2019-05-12,96,2.4211436748813417,4.653010234928281
60,roll_2,HGB_local_surface_pressure,42,2019-05-13,96,0.8393253848947498,1.456211525444971
60,roll_2,HGB_local_surface_pressure,42,2019-05-14,96,1.3677369481788926,2.0998914422839268
60,roll_2,HGB_local_surface_pressure,42,2019-05-15,96,0.9200421280065587,1.6942545100964566
60,roll_2,HGB_local_surface_pressure,42,2019-05-16,96,1.2838665756699388,2.081191608197723
60,roll_2,HGB_local_surface_pressure,42,2019-05-17,96,0.5817005458908819,0.9322915428031793
60,roll_2,HGB_local_surface_pressure,42,2019-05-18,96,0.813375840518582,1.3809559354841703
60,roll_2,HGB_local_surface_pressure,42,2019-05-19,96,1.802525509443818,2.906693679068039
60,roll_2,HGB_local_surface_pressure,42,2019-05-20,96,0.6256685962793637,0.8972046594127242
60,roll_2,LSTM,17,2019-05-11,92,1.3737481469211321,2.408150204405068
60,roll_2,LSTM,17,2019-05-12,96,3.3976828089668323,5.771853637438945
60,roll_2,LSTM,17,2019-05-13,96,0.9986826365829508,1.8811168916017689
60,roll_2,LSTM,17,2019-05-14,96,1.1154608922904996,1.8161985593083059
60,roll_2,LSTM,17,2019-05-15,96,1.4264426038266667,2.410605602289121
60,roll_2,LSTM,17,2019-05-16,96,1.305132034721393,2.0668609357780876
60,roll_2,LSTM,17,2019-05-17,96,0.7099560545255864,0.9602702094459878
60,roll_2,LSTM,17,2019-05-18,96,0.9806440335749973,1.610528441377474
60,roll_2,LSTM,17,2019-05-19,96,2.052064681524153,3.318463324017003
60,roll_2,LSTM,17,2019-05-20,96,1.3615511427405327,1.7907725705836202
60,roll_2,LSTM,42,2019-05-11,92,1.6047723812109258,2.5999213996313175
60,roll_2,LSTM,42,2019-05-12,96,3.692135027124619,5.867735486083147
60,roll_2,LSTM,42,2019-05-13,96,0.782439204995244,1.6770621759256785
60,roll_2,LSTM,42,2019-05-14,96,0.9720708556969614,1.693491781397073
60,roll_2,LSTM,42,2019-05-15,96,1.2923505257259087,2.5256615293095583
60,roll_2,LSTM,42,2019-05-16,96,1.3102390243787196,2.143070579289021
60,roll_2,LSTM,42,2019-05-17,96,0.3261893295319304,0.5404442299799812
60,roll_2,LSTM,42,2019-05-18,96,1.0068008340938042,1.7606257137194277
60,roll_2,LSTM,42,2019-05-19,96,1.8335490481215964,2.9874076750409984
60,roll_2,LSTM,42,2019-05-20,96,1.0789601601046621,1.6165910369783112
60,roll_2,LSTM,2026,2019-05-11,92,1.0210952658482142,2.0348846699788212
60,roll_2,LSTM,2026,2019-05-12,96,2.738669640632528,5.842780885251628
60,roll_2,LSTM,2026,2019-05-13,96,1.0331558877136287,1.829268239173448
60,roll_2,LSTM,2026,2019-05-14,96,1.128767875961582,1.9908205582554743
60,roll_2,LSTM,2026,2019-05-15,96,1.405470585777012,2.5400620077889595
60,roll_2,LSTM,2026,2019-05-16,96,1.1868805668191562,2.0066496341933653
60,roll_2,LSTM,2026,2019-05-17,96,0.6138065505394724,1.031684162814613
60,roll_2,LSTM,2026,2019-05-18,96,1.0855785014606443,1.8543156677765873
60,roll_2,LSTM,2026,2019-05-19,96,1.983795015360445,3.5541089595036235
60,roll_2,LSTM,2026,2019-05-20,96,1.5140266538215206,2.4177246100334506
60,roll_2,GRU,17,2019-05-11,92,1.279960155846974,2.191467692966038
60,roll_2,GRU,17,2019-05-12,96,3.081732690996366,5.592643824363505
60,roll_2,GRU,17,2019-05-13,96,1.1594083967249376,1.9589243516533226
60,roll_2,GRU,17,2019-05-14,96,1.3059463844414962,1.9621567561852618
60,roll_2,GRU,17,2019-05-15,96,1.3010355375945755,2.3995230255441165
60,roll_2,GRU,17,2019-05-16,96,1.232647303001451,1.9376609013283677
60,roll_2,GRU,17,2019-05-17,96,0.4559893788349163,0.7473306715691821
60,roll_2,GRU,17,2019-05-18,96,0.9185279322849466,1.581560997223355
60,roll_2,GRU,17,2019-05-19,96,1.8452339963500013,3.2217184896109043
60,roll_2,GRU,17,2019-05-20,96,1.1430455287285624,1.744837349912888
60,roll_2,GRU,42,2019-05-11,92,1.512550730733405,2.1314098599218254
60,roll_2,GRU,42,2019-05-12,96,3.4695429260409987,5.382980365252431
60,roll_2,GRU,42,2019-05-13,96,1.4274932742721143,1.9718016382274712
60,roll_2,GRU,42,2019-05-14,96,1.4522609092880019,1.903224517815855
60,roll_2,GRU,42,2019-05-15,96,1.9465906184740114,2.836989515193785
60,roll_2,GRU,42,2019-05-16,96,1.8474379519468798,2.4207697774072647
60,roll_2,GRU,42,2019-05-17,96,1.0590030617257258,1.2450713248858722
60,roll_2,GRU,42,2019-05-18,96,1.3241702979348302,1.8346298989284795
60,roll_2,GRU,42,2019-05-19,96,2.958311525356367,3.6075440932958522
60,roll_2,GRU,42,2019-05-20,96,1.7785309794725377,2.0977592046929896
60,roll_2,GRU,2026,2019-05-11,92,1.7412204752321967,2.418442345427344
60,roll_2,GRU,2026,2019-05-12,96,3.0116185427640736,5.756525070971515
60,roll_2,GRU,2026,2019-05-13,96,1.510754827562834,2.0672268463334285
60,roll_2,GRU,2026,2019-05-14,96,1.4637800049522518,2.0450251580531313
60,roll_2,GRU,2026,2019-05-15,96,1.5759199886431297,2.5635735221372165
60,roll_2,GRU,2026,2019-05-16,96,1.470937303295025,2.0941672408879457
60,roll_2,GRU,2026,2019-05-17,96,0.4681466922087745,0.6844584537469005
60,roll_2,GRU,2026,2019-05-18,96,1.1842051582092397,1.8814945320709817
60,roll_2,GRU,2026,2019-05-19,96,2.097405076025001,3.3521045842243216
60,roll_2,GRU,2026,2019-05-20,96,1.7441357873467151,2.2570336680076557
60,roll_3,persistence,0,2019-05-30,92,3.954813130434783,6.954508531934372
60,roll_3,persistence,0,2019-06-01,77,2.301958948051948,4.0473295623182235
60,roll_3,persistence,0,2019-06-02,96,2.1972605520833333,3.357472428670678
60,roll_3,persistence,0,2019-06-03,96,2.2381292916666666,3.343922161717092
60,roll_3,persistence,0,2019-06-04,96,3.3834921770833333,6.363398213736027
60,roll_3,persistence,0,2019-06-05,96,0.7063104375,1.2174261728168316
60,roll_3,persistence,0,2019-06-06,96,1.3935622812500001,2.2588143833411376
60,roll_3,persistence,0,2019-06-07,96,2.5733796041666666,4.589413185166188
60,roll_3,persistence,0,2019-06-08,96,2.9454452395833335,5.122421279609515
60,roll_3,persistence,0,2019-06-09,96,2.4817302395833334,3.717412804795571
60,roll_3,persistence,0,2019-06-10,96,3.1818535000000003,5.321542929158755
60,roll_3,persistence,0,2019-06-11,96,2.1381333437500003,3.198404539563328
60,roll_3,persistence,0,2019-06-12,96,2.0326388437499996,3.504511275639855
60,roll_3,persistence,0,2019-06-13,64,3.907107640625,6.406876302190089
60,roll_3,HGB_local,42,2019-05-30,92,2.4275688537585016,4.8340657470219055
60,roll_3,HGB_local,42,2019-06-01,77,1.656124003366751,3.252898067871053
60,roll_3,HGB_local,42,2019-06-02,96,1.5048082327494747,2.610799977944734
60,roll_3,HGB_local,42,2019-06-03,96,0.9993373754881439,1.7376210570554824
60,roll_3,HGB_local,42,2019-06-04,96,2.850846731609179,5.425288991812265
60,roll_3,HGB_local,42,2019-06-05,96,1.2474111800693646,2.0927892356703834
60,roll_3,HGB_local,42,2019-06-06,96,1.385591487638683,2.2595656951436354
60,roll_3,HGB_local,42,2019-06-07,96,2.044300735651549,3.7693831922116194
60,roll_3,HGB_local,42,2019-06-08,96,1.5856224797876453,3.013783961690838
60,roll_3,HGB_local,42,2019-06-09,96,1.1333400134488019,1.791464671544095
60,roll_3,HGB_local,42,2019-06-10,96,2.143352636666599,4.024784594933799
60,roll_3,HGB_local,42,2019-06-11,96,1.153526626323351,2.0811057453380166
60,roll_3,HGB_local,42,2019-06-12,96,1.0654954275042414,1.8229259534244826
60,roll_3,HGB_local,42,2019-06-13,64,3.336594930912457,4.886705637418485
60,roll_3,HGB_local_surface,42,2019-05-30,92,2.592937912023468,5.156761031487096
60,roll_3,HGB_local_surface,42,2019-06-01,77,1.0703828104061037,2.1001325307916354
60,roll_3,HGB_local_surface,42,2019-06-02,96,0.960339322798775,1.558129582420143
60,roll_3,HGB_local_surface,42,2019-06-03,96,0.5124188515318684,0.8100280233855305
60,roll_3,HGB_local_surface,42,2019-06-04,96,2.7726679842373727,5.338046522074984
60,roll_3,HGB_local_surface,42,2019-06-05,96,0.8538521906481652,1.4190844307815222
60,roll_3,HGB_local_surface,42,2019-06-06,96,1.5459162773945014,2.3958685555007233
60,roll_3,HGB_local_surface,42,2019-06-07,96,1.8823547278963624,3.3707293668667204
60,roll_3,HGB_local_surface,42,2019-06-08,96,1.5918579015285808,3.0921666849606986
60,roll_3,HGB_local_surface,42,2019-06-09,96,0.8749332463387859,1.334534224207937
60,roll_3,HGB_local_surface,42,2019-06-10,96,2.2599727001914562,4.0101158351675785
60,roll_3,HGB_local_surface,42,2019-06-11,96,0.8636256940204228,1.4873146850264474
60,roll_3,HGB_local_surface,42,2019-06-12,96,1.5452698380256764,2.7826204521371785
60,roll_3,HGB_local_surface,42,2019-06-13,64,2.97753606161032,4.51668978330541
60,roll_3,HGB_local_surface_pressure,42,2019-05-30,92,2.533936215072437,5.2018783803027455
60,roll_3,HGB_local_surface_pressure,42,2019-06-01,77,1.1311623079089859,1.9974926705309537
60,roll_3,HGB_local_surface_pressure,42,2019-06-02,96,1.0510324798409885,1.7301379321135022
60,roll_3,HGB_local_surface_pressure,42,2019-06-03,96,0.7298466387402405,1.2802764110732452
60,roll_3,HGB_local_surface_pressure,42,2019-06-04,96,2.4968627526287634,4.873016450563227
60,roll_3,HGB_local_surface_pressure,42,2019-06-05,96,1.1210105556160987,1.866811111897363
60,roll_3,HGB_local_surface_pressure,42,2019-06-06,96,1.243376630643078,2.0898257091287475
60,roll_3,HGB_local_surface_pressure,42,2019-06-07,96,1.9332059256394174,3.772637697580637
60,roll_3,HGB_local_surface_pressure,42,2019-06-08,96,1.3270597316941517,2.9030256131956382
60,roll_3,HGB_local_surface_pressure,42,2019-06-09,96,1.006655165959543,1.5001975299982206
60,roll_3,HGB_local_surface_pressure,42,2019-06-10,96,2.1773752448506696,3.9333851270133633
60,roll_3,HGB_local_surface_pressure,42,2019-06-11,96,0.8262668958893099,1.4207552484877441
60,roll_3,HGB_local_surface_pressure,42,2019-06-12,96,1.6036398061704038,2.9451014644901012
60,roll_3,HGB_local_surface_pressure,42,2019-06-13,64,3.0301343714940723,4.579765552920557
60,roll_3,LSTM,17,2019-05-30,92,3.6891437435641135,6.538704611343394
60,roll_3,LSTM,17,2019-06-01,77,1.563351652076752,3.6152996647287625
60,roll_3,LSTM,17,2019-06-02,96,1.3821491194948827,1.7611721413018968
60,roll_3,LSTM,17,2019-06-03,96,1.1001503234782815,1.565721872297363
60,roll_3,LSTM,17,2019-06-04,96,2.947914137519568,5.795957608266405
60,roll_3,LSTM,17,2019-06-05,96,0.7554478978971777,1.278572194767665
60,roll_3,LSTM,17,2019-06-06,96,1.4303369222442353,2.087157428005882
60,roll_3,LSTM,17,2019-06-07,96,2.289865852516743,3.805377608224363
60,roll_3,LSTM,17,2019-06-08,96,2.378077735705204,4.054604556381365
60,roll_3,LSTM,17,2019-06-09,96,0.8940515197431381,1.2158463770323804
60,roll_3,LSTM,17,2019-06-10,96,2.6628549482805943,4.5957067579889905
60,roll_3,LSTM,17,2019-06-11,96,0.7162421094117165,1.0359551097940538
60,roll_3,LSTM,17,2019-06-12,96,1.5224850307057995,2.586031073296919
60,roll_3,LSTM,17,2019-06-13,64,3.664287811604541,5.805214092910993
60,roll_3,LSTM,42,2019-05-30,92,3.0168909264784483,5.705950369593663
60,roll_3,LSTM,42,2019-06-01,77,1.2745473576485522,2.8487383763453953
60,roll_3,LSTM,42,2019-06-02,96,0.7800321878700448,1.2311304182771188
60,roll_3,LSTM,42,2019-06-03,96,0.9752218910347024,1.394738106287814
60,roll_3,LSTM,42,2019-06-04,96,2.4484715324368604,4.842942234836001
60,roll_3,LSTM,42,2019-06-05,96,0.7516647455036587,1.2584737169764244
60,roll_3,LSTM,42,2019-06-06,96,1.3165104827312828,2.275913906727005
60,roll_3,LSTM,42,2019-06-07,96,2.102857035084605,3.6260733482140495
60,roll_3,LSTM,42,2019-06-08,96,1.8725630150639467,3.7020343807953195
60,roll_3,LSTM,42,2019-06-09,96,1.1577694178248692,1.9402465726655558
60,roll_3,LSTM,42,2019-06-10,96,2.460435566896327,4.269431467035601
60,roll_3,LSTM,42,2019-06-11,96,0.6411679067505921,1.0388055237680878
60,roll_3,LSTM,42,2019-06-12,96,1.1686698245069993,2.0521936878202216
60,roll_3,LSTM,42,2019-06-13,64,3.092832644131988,5.117665008241388
60,roll_3,LSTM,2026,2019-05-30,92,3.264418141520721,6.282984168687224
60,roll_3,LSTM,2026,2019-06-01,77,1.1927561618801465,3.0886016932329454
60,roll_3,LSTM,2026,2019-06-02,96,0.6619291713795016,1.1559829770429593
60,roll_3,LSTM,2026,2019-06-03,96,0.7688781924236392,1.1272475822902799
60,roll_3,LSTM,2026,2019-06-04,96,2.721107111472472,5.557733861477709
60,roll_3,LSTM,2026,2019-06-05,96,0.7787188742297765,1.3116485019935986
60,roll_3,LSTM,2026,2019-06-06,96,1.2726811683825157,2.0135143328226635
60,roll_3,LSTM,2026,2019-06-07,96,1.8355515249661607,3.557992179315758
60,roll_3,LSTM,2026,2019-06-08,96,1.7874184476856936,3.791266313257565
60,roll_3,LSTM,2026,2019-06-09,96,0.9224664063737702,1.4082840461366422
60,roll_3,LSTM,2026,2019-06-10,96,2.527690034090405,4.6690532188373135
60,roll_3,LSTM,2026,2019-06-11,96,0.7462706660346387,1.1794065900181556
60,roll_3,LSTM,2026,2019-06-12,96,1.5236666071405434,2.7549993710297986
60,roll_3,LSTM,2026,2019-06-13,64,3.423536336326361,5.621421605276122
60,roll_3,GRU,17,2019-05-30,92,2.8624928397326217,5.789888357944908
60,roll_3,GRU,17,2019-06-01,77,1.0134790225776835,2.699555096328671
60,roll_3,GRU,17,2019-06-02,96,0.7357072390443978,1.2276043018061753
60,roll_3,GRU,17,2019-06-03,96,0.7303337045296008,1.1051485944872856
60,roll_3,GRU,17,2019-06-04,96,2.613109941752377,5.119542014480333
60,roll_3,GRU,17,2019-06-05,96,0.7200439986027751,1.163055291544979
60,roll_3,GRU,17,2019-06-06,96,1.3195495908827175,1.9586827134089788
60,roll_3,GRU,17,2019-06-07,96,2.1340836045061775,3.6206944743197353
60,roll_3,GRU,17,2019-06-08,96,1.6048386314712886,3.6643374571391742
60,roll_3,GRU,17,2019-06-09,96,0.9943927158129774,1.565274066222391
60,roll_3,GRU,17,2019-06-10,96,2.206307213944465,4.077022321188087
60,roll_3,GRU,17,2019-06-11,96,0.6840511516135249,1.047352692366759
60,roll_3,GRU,17,2019-06-12,96,1.3364684271864842,2.398920042597214
60,roll_3,GRU,17,2019-06-13,64,3.2727863605229457,5.3269032539002925
60,roll_3,GRU,42,2019-05-30,92,2.93517687280303,5.299826890690823
60,roll_3,GRU,42,2019-06-01,77,1.5295027979466513,3.2977281341481044
60,roll_3,GRU,42,2019-06-02,96,0.9050111629485983,1.2814900606189865
60,roll_3,GRU,42,2019-06-03,96,1.334381300142318,1.690098082450703
60,roll_3,GRU,42,2019-06-04,96,2.776413186684135,5.113055216295116
60,roll_3,GRU,42,2019-06-05,96,0.887554000235141,1.332052792919819
60,roll_3,GRU,42,2019-06-06,96,1.5817931893346635,2.2021683087629063
60,roll_3,GRU,42,2019-06-07,96,2.2251476328046498,3.666345989050516
60,roll_3,GRU,42,2019-06-08,96,1.9687974602244622,3.6286465675843065
60,roll_3,GRU,42,2019-06-09,96,1.0278726263040454,1.3022107295798375
60,roll_3,GRU,42,2019-06-10,96,2.4775683088649862,3.9923048264513548
60,roll_3,GRU,42,2019-06-11,96,0.6905770053744081,0.9648513693935951
60,roll_3,GRU,42,2019-06-12,96,1.6174027922003062,2.6729288948445356
60,roll_3,GRU,42,2019-06-13,64,3.2455661829650406,5.159217801384444
60,roll_3,GRU,2026,2019-05-30,92,2.9278855162394355,5.877056708846595
60,roll_3,GRU,2026,2019-06-01,77,1.2520239838298637,2.6617755797485088
60,roll_3,GRU,2026,2019-06-02,96,0.8423500636846052,1.275658318840274
60,roll_3,GRU,2026,2019-06-03,96,0.7300094189823852,1.1170547078406072
60,roll_3,GRU,2026,2019-06-04,96,2.606368379464318,4.936083698610001
60,roll_3,GRU,2026,2019-06-05,96,0.9982679339925412,1.654688408271235
60,roll_3,GRU,2026,2019-06-06,96,1.5137234156599841,2.175286167225874
60,roll_3,GRU,2026,2019-06-07,96,2.159119540332039,3.828070155870968
60,roll_3,GRU,2026,2019-06-08,96,1.6354294965336322,3.520763362873436
60,roll_3,GRU,2026,2019-06-09,96,0.7731115921371878,1.0593495610835997
60,roll_3,GRU,2026,2019-06-10,96,2.2392797098149955,3.9738317679526567
60,roll_3,GRU,2026,2019-06-11,96,0.44127432117416626,0.7403562501950772
60,roll_3,GRU,2026,2019-06-12,96,1.3158783039806496,2.0844861725569968
60,roll_3,GRU,2026,2019-06-13,64,3.381063312149303,5.195753304057694
