horizon_minutes,fold,model,seed,scope,n,MAE_MW,RMSE_MW,R2,nRMSE_capacity_pct
15,roll_1,persistence,0,all,959,0.8290860563086548,1.7991130558183372,0.9643469522728567,5.14032301662382
15,roll_1,persistence,0,daylight,480,1.6276587375,2.5410541634382864,0.9333748497484726,7.260154752680818
15,roll_1,HGB_local,42,all,959,0.8288949044668131,1.6842685366027381,0.968753424900671,4.812195818864966
15,roll_1,HGB_local,42,daylight,480,1.5795870086111024,2.368244850393703,0.9421286571146757,6.766413858267722
15,roll_1,HGB_local_surface,42,all,959,0.8853693973021298,1.6826551835210246,0.9688132581309888,4.807586238631498
15,roll_1,HGB_local_surface,42,daylight,480,1.637682576805759,2.36206326948999,0.9424303738118528,6.748752198542828
15,roll_1,HGB_local_surface_pressure,42,all,959,0.8683626828719974,1.7085468587519177,0.9678461087321919,4.881562453576907
15,roll_1,HGB_local_surface_pressure,42,daylight,480,1.6644803763348586,2.4053568171748267,0.9403006810526439,6.872448049070933
15,roll_1,LSTM,17,all,959,0.7134680510994404,1.680019177550116,0.9689108943499032,4.800054793000332
15,roll_1,LSTM,17,daylight,480,1.368365952529481,2.37161614867969,0.9419637751542905,6.776046139084828
15,roll_1,LSTM,42,all,959,0.6962803165291562,1.681463577144671,0.9688574135375242,4.804181648984775
15,roll_1,LSTM,42,daylight,480,1.3648491762641572,2.3753823812224515,0.9417793005507158,6.786806803492719
15,roll_1,LSTM,2026,all,959,0.7586413774539712,1.659240183355478,0.9696751777448319,4.740686238158508
15,roll_1,LSTM,2026,daylight,480,1.3981815915819762,2.333500827555044,0.9438142379807493,6.66714522158584
15,roll_1,GRU,17,all,959,0.7190709089113279,1.5987807553158018,0.9718448675865353,4.567945015188005
15,roll_1,GRU,17,daylight,480,1.4066097684620569,2.2578315099377932,0.9473990707772565,6.450947171250838
15,roll_1,GRU,42,all,959,0.8090034722849659,1.6147083500981165,0.9712810913317143,4.613452428851762
15,roll_1,GRU,42,daylight,480,1.4011731187810212,2.2642189405950948,0.9471010325588995,6.469196973128842
15,roll_1,GRU,2026,all,959,0.8478351624530386,1.6977634259440193,0.9682507041804421,4.8507526455543415
15,roll_1,GRU,2026,daylight,480,1.333073579084268,2.357475153700076,0.9426538052354606,6.735643296285932
15,roll_2,persistence,0,all,959,0.9054399895724713,1.9222499154708015,0.963667389467328,5.492142615630861
15,roll_2,persistence,0,daylight,521,1.6396629596928982,2.605397037640178,0.9318733634659587,7.443991536114795
15,roll_2,HGB_local,42,all,959,0.7218160353616984,1.66725762620528,0.9726673130228546,4.763593217729372
15,roll_2,HGB_local,42,daylight,521,1.3048770986279092,2.2610798088540713,0.9486901315008924,6.460228025297346
15,roll_2,HGB_local_surface,42,all,959,0.7236256291989949,1.6590234965772794,0.9729366236884935,4.740067133077941
15,roll_2,HGB_local_surface,42,daylight,521,1.3059704120507452,2.2500939841751904,0.949187514962457,6.428839954786258
15,roll_2,HGB_local_surface_pressure,42,all,959,0.7160176545513196,1.639342634104446,0.9735749164087524,4.683836097441274
15,roll_2,HGB_local_surface_pressure,42,daylight,521,1.283687598813562,2.2232074527398864,0.9503945838637926,6.352021293542533
15,roll_2,LSTM,17,all,959,0.7368134887846716,1.7314211326367202,0.9705230645513421,4.9469175218192
15,roll_2,LSTM,17,daylight,521,1.3068725962148504,2.345979287989196,0.9447646048789311,6.702797965683416
15,roll_2,LSTM,42,all,959,0.75514031089689,1.7162790264964078,0.9710363898606432,4.903654361418308
15,roll_2,LSTM,42,daylight,521,1.2893412665560287,2.320695861161177,0.9459487709807292,6.63055960331765
15,roll_2,LSTM,2026,all,959,0.7174130174638211,1.7683244466079544,0.9692531375880297,5.052355561737012
15,roll_2,LSTM,2026,daylight,521,1.2874695537899756,2.3974488554001105,0.9423143460536977,6.849853872571745
15,roll_2,GRU,17,all,959,0.7432724435222008,1.7451343906993049,0.9700542870917663,4.986098259140871
15,roll_2,GRU,17,daylight,521,1.3432115900115174,2.366447005115779,0.9437965876329933,6.761277157473654
15,roll_2,GRU,42,all,959,0.8627157894330448,1.7354620984611007,0.9703853114788352,4.958463138460288
15,roll_2,GRU,42,daylight,521,1.3508903230881502,2.3313381021465593,0.9454518983402098,6.660966006133027
15,roll_2,GRU,2026,all,959,0.7732132544071508,1.751933753304155,0.9698204845652318,5.005525009440443
15,roll_2,GRU,2026,daylight,521,1.3057068658322817,2.3651473662236913,0.9438583038537364,6.757563903496261
15,roll_3,persistence,0,all,1295,1.0494816517374517,2.4686507383853376,0.9234301690363866,7.053287823958107
15,roll_3,persistence,0,daylight,707,1.8990148684582746,3.3400439403992666,0.8690391597731351,9.542982686855046
15,roll_3,HGB_local,42,all,1295,0.8770722805370075,2.200115595837489,0.9391823848809092,6.286044559535682
15,roll_3,HGB_local,42,daylight,707,1.572305888131941,2.976731733772029,0.8959800868312642,8.504947810777225
15,roll_3,HGB_local_surface,42,all,1295,0.864384625258681,2.164859376416994,0.9411159370086206,6.185312504048554
15,roll_3,HGB_local_surface,42,daylight,707,1.5534031445193544,2.9293065006391314,0.8992681702032044,8.369447144683233
15,roll_3,HGB_local_surface_pressure,42,all,1295,0.8712564985326053,2.1666230751821285,0.9410199528954273,6.19035164337751
15,roll_3,HGB_local_surface_pressure,42,daylight,707,1.5720216702435728,2.9315659763681685,0.8991127143621448,8.37590278962334
15,roll_3,LSTM,17,all,1295,0.9183687305067576,2.2406154353343806,0.9369227089583462,6.401758386669659
15,roll_3,LSTM,17,daylight,707,1.5962853766167797,3.026701288937618,0.8924584688284685,8.647717968393193
15,roll_3,LSTM,42,all,1295,1.0433824000692833,2.2661851959416777,0.9354748262043625,6.474814845547651
15,roll_3,LSTM,42,daylight,707,1.6914322511782551,3.0434833238600754,0.8912625998167976,8.695666639600216
15,roll_3,LSTM,2026,all,1295,0.913264881254951,2.275906960011478,0.9349200224318728,6.502591314318508
15,roll_3,LSTM,2026,daylight,707,1.6130747372841787,3.076464531538035,0.8888931289775742,8.789898661537244
15,roll_3,GRU,17,all,1295,0.9194416601760322,2.26947523664442,0.9352873353057106,6.4842149618412
15,roll_3,GRU,17,daylight,707,1.6336516298851065,3.0690358702065472,0.8894290550716302,8.768673914875848
15,roll_3,GRU,42,all,1295,0.9449624100767148,2.274212550139602,0.9350168902824912,6.497750143256007
15,roll_3,GRU,42,daylight,707,1.5885599273186517,3.067113291747434,0.8895675446434617,8.763180833564098
15,roll_3,GRU,2026,all,1295,0.9204736089782231,2.227572722276735,0.9376549225390237,6.3644934922192435
15,roll_3,GRU,2026,daylight,707,1.6392594441143964,3.0120333817674254,0.8934982721323668,8.605809662192645
60,roll_1,persistence,0,all,956,2.2162696223849374,3.8737832936908796,0.8350662637339611,11.067952267688227
60,roll_1,persistence,0,daylight,477,4.266478582809225,5.453117011224238,0.6923147900527256,15.580334317783539
60,roll_1,HGB_local,42,all,956,1.642615006549851,3.266729603990547,0.8827088538990149,9.333513154258705
60,roll_1,HGB_local,42,daylight,477,3.06770570632838,4.496019665281062,0.790842524390132,12.845770472231605
60,roll_1,HGB_local_surface,42,all,956,1.5006567580615475,2.8919785540159104,0.9080759840148506,8.262795868616886
60,roll_1,HGB_local_surface,42,daylight,477,2.826162268379022,4.0106579475394835,0.8335636296854771,11.459022707255667
60,roll_1,HGB_local_surface_pressure,42,all,956,1.5451950959931753,2.943683524078641,0.9047596269796044,8.410524354510404
60,roll_1,HGB_local_surface_pressure,42,daylight,477,2.9263430298085,4.089247191598215,0.8269770487714245,11.683563404566328
60,roll_1,LSTM,17,all,956,1.641344021843152,3.0516768912557004,0.8976433764014842,8.719076832159145
60,roll_1,LSTM,17,daylight,477,3.1066152482983758,4.2987204718675684,0.8087966933861402,12.282058491050195
60,roll_1,LSTM,42,all,956,1.5834506465525016,2.9773638751721476,0.902567760973042,8.50675392906328
60,roll_1,LSTM,42,daylight,477,3.047422426883148,4.200539215623799,0.8174309841743097,12.001540616067995
60,roll_1,LSTM,2026,all,956,1.5539624900217934,2.851416957374623,0.9106364712783629,8.146905592498923
60,roll_1,LSTM,2026,daylight,477,2.739691347757267,3.9740331114408707,0.8365895033695688,11.354380318402487
60,roll_1,GRU,17,all,956,1.54967232636197,2.9080787802480668,0.9070496159781959,8.308796514994476
60,roll_1,GRU,17,daylight,477,2.9255032941435664,4.094217411023479,0.82655619642016,11.697764031495653
60,roll_1,GRU,42,all,956,1.5563253326317599,2.863069499685637,0.9099045965523034,8.180198570530393
60,roll_1,GRU,42,daylight,477,2.947916343263991,4.034034230418886,0.831617813228117,11.525812086911102
60,roll_1,GRU,2026,all,956,1.9260145743419688,2.9968061899415486,0.9012911328570791,8.562303399832997
60,roll_1,GRU,2026,daylight,477,2.849648154410695,4.0432426064534,0.8308482133307601,11.552121732723998
60,roll_2,persistence,0,all,956,2.41900144456067,4.06324599555048,0.8379101532214782,11.60927427300137
60,roll_2,persistence,0,daylight,518,4.313809281853282,5.496106526808813,0.6985385972481384,15.703161505168035
60,roll_2,HGB_local,42,all,956,1.3161280838352096,2.5977822527104433,0.9337455473177295,7.422235007744124
60,roll_2,HGB_local,42,daylight,518,2.397763396776088,3.5282076931143833,0.8757690754339658,10.080593408898238
60,roll_2,HGB_local_surface,42,all,956,1.1976689584545162,2.4019609739783974,0.9433576225793581,6.862745639938278
60,roll_2,HGB_local_surface,42,daylight,518,2.1439589614111196,3.260312325685243,0.8939184531430724,9.31517807338641
60,roll_2,HGB_local_surface_pressure,42,all,956,1.166976994680102,2.2738698980132086,0.9492377569086603,6.496771137180596
60,roll_2,HGB_local_surface_pressure,42,daylight,518,2.0657536307464675,3.0838426008392403,0.9050913405127546,8.810978859540686
60,roll_2,LSTM,17,all,956,1.4725481703316854,2.717252115099313,0.9275114436459923,7.763577471712322
60,roll_2,LSTM,17,daylight,518,2.36682746748682,3.645069557156576,0.8674031910489508,10.414484449018788
60,roll_2,LSTM,42,all,956,1.3890518033573807,2.698028756434071,0.928533464683599,7.7086535898116315
60,roll_2,LSTM,42,daylight,518,2.3724677245701926,3.623972128383508,0.8689336726779316,10.354206081095738
60,roll_2,LSTM,2026,all,956,1.3725892125044883,2.814327968797563,0.922239509186659,8.040937053707324
60,roll_2,LSTM,2026,daylight,518,2.4860736700287642,3.820103948463247,0.8543629767994275,10.914582709894992
60,roll_2,GRU,17,all,956,1.3727393102906043,2.64300209957864,0.9314188764249988,7.551434570224686
60,roll_2,GRU,17,daylight,518,2.3402592683178183,3.5692429117574713,0.8728625069331948,10.197836890735633
60,roll_2,GRU,42,all,956,1.8791165852516463,2.782131323456011,0.9240085324842795,7.9489466384457454
60,roll_2,GRU,42,daylight,518,2.2183529419458603,3.4133670980248003,0.8837247108743806,9.752477422928001
60,roll_2,GRU,2026,all,956,1.6263336906883248,2.8075520360917543,0.9226134993982094,8.021577245976442
60,roll_2,GRU,2026,daylight,518,2.4143384145968674,3.682003507195213,0.8647024825455115,10.52001002055775
60,roll_3,persistence,0,all,1289,2.4959304460822347,4.470432265137413,0.7482446644210784,12.772663614678324
60,roll_3,persistence,0,daylight,701,4.446532360912982,6.032710768519163,0.5739743836947958,17.23631648148332
60,roll_3,HGB_local,42,all,1289,1.7124194874859384,3.2964868745155402,0.8631066512948139,9.418533927187257
60,roll_3,HGB_local,42,daylight,701,3.105520604380852,4.461648936306184,0.7669755480899823,12.74756838944624
60,roll_3,HGB_local_surface,42,all,1289,1.56338255296605,3.119887556447806,0.877381067890354,8.913964446993731
60,roll_3,HGB_local_surface,42,daylight,701,2.7964267856511267,4.225914687895353,0.7909490449619893,12.074041965415294
60,roll_3,HGB_local_surface_pressure,42,all,1289,1.5544748523877832,3.1166126943264136,0.8776383523824707,8.904607698075466
60,roll_3,HGB_local_surface_pressure,42,daylight,701,2.79895928267601,4.216855851428097,0.7918443439859025,12.048159575508848
60,roll_3,LSTM,17,all,1289,1.8851303172011198,3.6648552037028965,0.8308027551556975,10.47101486772256
60,roll_3,LSTM,17,daylight,701,2.977211367379219,4.895653414804904,0.7194359420046519,13.987581185156868
60,roll_3,LSTM,42,all,1289,1.6124672669875693,3.2632926184571174,0.8658496893088196,9.323693195591764
60,roll_3,LSTM,42,daylight,701,2.8415490862095107,4.407624410132074,0.7725846032595832,12.593212600377354
60,roll_3,LSTM,2026,all,1289,1.6320615412030721,3.5120556438688277,0.8446173865118067,10.034444696768078
60,roll_3,LSTM,2026,daylight,701,2.8847143088296012,4.74450898346023,0.7364923354841446,13.555739952743515
60,roll_3,GRU,17,all,1289,1.5503635609966198,3.2688844702380178,0.8653895458559566,9.339669914965766
60,roll_3,GRU,17,daylight,701,2.689792323145109,4.410673089389918,0.7722698956910135,12.601923112542623
60,roll_3,GRU,42,all,1289,1.764783565012284,3.2631127692592266,0.8658644757002021,9.323179340740646
60,roll_3,GRU,42,daylight,701,2.780080095772737,4.354552568585665,0.7780282117606245,12.441578767387615
60,roll_3,GRU,2026,all,1289,1.587758987664164,3.233040132161789,0.8683254518088226,9.237257520462254
60,roll_3,GRU,2026,daylight,701,2.7213621087552884,4.350731255000047,0.778417621060251,12.430660728571564
