run,epoch,train_scaled_MSE,validation_RMSE_MW
roll_1_15min_LSTM_seed17,1,0.9801146356683028,1.7603518317540519
roll_1_15min_LSTM_seed17,2,0.9297331421360796,1.7330627565073797
roll_1_15min_LSTM_seed17,3,0.8894755513320568,1.709170703359708
roll_1_15min_LSTM_seed17,4,0.8562620297556947,1.6902920242773523
roll_1_15min_LSTM_seed17,5,0.833154368044635,1.6859541374948792
roll_1_15min_LSTM_seed17,6,0.8188621164092168,1.685592820634436
roll_1_15min_LSTM_seed17,7,0.80782646982957,1.6841813963040158
roll_1_15min_LSTM_seed17,8,0.7984590557694193,1.6843655740345531
roll_1_15min_LSTM_seed17,9,0.7893858094386726,1.6796343028281895
roll_1_15min_LSTM_seed17,10,0.7792654524779754,1.6783308248676354
roll_1_15min_LSTM_seed17,11,0.7673142826418403,1.6817862439548228
roll_1_15min_LSTM_seed17,12,0.7561878973867006,1.6921046391207997
roll_1_15min_LSTM_seed17,13,0.7457431722206143,1.681129958699184
roll_1_15min_LSTM_seed17,14,0.7424931808521873,1.6800360956986347
roll_1_15min_LSTM_seed17,15,0.7554913320039448,1.6845161836864737
roll_1_15min_LSTM_seed17,16,0.7425100510630772,1.6795399020299244
roll_1_15min_LSTM_seed17,17,0.7104875208576199,1.6818008142666365
roll_1_15min_LSTM_seed42,1,1.0218975844412197,1.7792432970135459
roll_1_15min_LSTM_seed42,2,0.9547379575518944,1.7527317774034776
roll_1_15min_LSTM_seed42,3,0.9088743919061746,1.7266553392306263
roll_1_15min_LSTM_seed42,4,0.8754154188852561,1.7032093809806073
roll_1_15min_LSTM_seed42,5,0.8511539310940847,1.68855401712072
roll_1_15min_LSTM_seed42,6,0.8320790190506078,1.681564023588561
roll_1_15min_LSTM_seed42,7,0.8194989550270533,1.6782139841879447
roll_1_15min_LSTM_seed42,8,0.8099363640644531,1.6755186882374598
roll_1_15min_LSTM_seed42,9,0.8015780035813569,1.6736533770509583
roll_1_15min_LSTM_seed42,10,0.7935782257874726,1.672723464432696
roll_1_15min_LSTM_seed42,11,0.7853783520338266,1.6746021958783406
roll_1_15min_LSTM_seed42,12,0.776617109443736,1.6781797935683775
roll_1_15min_LSTM_seed42,13,0.7715179429423471,1.6776472107495404
roll_1_15min_LSTM_seed42,14,0.7688950683001564,1.6820545564088363
roll_1_15min_LSTM_seed42,15,0.7759813988799991,1.6850927796147206
roll_1_15min_LSTM_seed42,16,0.7904058777188,1.6786275302686917
roll_1_15min_LSTM_seed42,17,0.7612733957074914,1.6876354797638196
roll_1_15min_LSTM_seed2026,1,0.959559027120652,1.7348651630746577
roll_1_15min_LSTM_seed2026,2,0.909917040211469,1.7101295616978474
roll_1_15min_LSTM_seed2026,3,0.8731337991742952,1.69421449221418
roll_1_15min_LSTM_seed2026,4,0.8433929695955172,1.6854913848747073
roll_1_15min_LSTM_seed2026,5,0.8225148637828074,1.6829197205541246
roll_1_15min_LSTM_seed2026,6,0.8095155973515289,1.682634973373727
roll_1_15min_LSTM_seed2026,7,0.8009273701682988,1.6828175907308607
roll_1_15min_LSTM_seed2026,8,0.7934512723584165,1.6819904498272191
roll_1_15min_LSTM_seed2026,9,0.7857630672574285,1.6814662470062873
roll_1_15min_LSTM_seed2026,10,0.7780484681277864,1.6821150460222485
roll_1_15min_LSTM_seed2026,11,0.7699642992061884,1.6796413116376012
roll_1_15min_LSTM_seed2026,12,0.7626863865536234,1.676856551863495
roll_1_15min_LSTM_seed2026,13,0.7598182560672403,1.6808249306166143
roll_1_15min_LSTM_seed2026,14,0.7513743979999652,1.6895881562453556
roll_1_15min_LSTM_seed2026,15,0.7604434308916451,1.6823984240331922
roll_1_15min_LSTM_seed2026,16,0.7709654811845135,1.6702623030288926
roll_1_15min_LSTM_seed2026,17,0.7481742617693025,1.6705067611597606
roll_1_15min_LSTM_seed2026,18,0.720981653968272,1.673803411990084
roll_1_15min_LSTM_seed2026,19,0.7134148239154323,1.6703717707096966
roll_1_15min_LSTM_seed2026,20,0.6971057672656862,1.6815685193827152
roll_1_15min_LSTM_seed2026,21,0.6896904165053416,1.682497877981369
roll_1_15min_LSTM_seed2026,22,0.6917236274115832,1.6760513665981709
roll_1_15min_LSTM_seed2026,23,0.6877394305911624,1.673590157200582
roll_1_15min_GRU_seed17,1,1.0137426778372483,1.7967102811464584
roll_1_15min_GRU_seed17,2,0.9360041761929206,1.7508650434592132
roll_1_15min_GRU_seed17,3,0.9025675539183713,1.7237251380791707
roll_1_15min_GRU_seed17,4,0.874807839632517,1.7059496140362382
roll_1_15min_GRU_seed17,5,0.8515167038752,1.6928808088313574
roll_1_15min_GRU_seed17,6,0.8308385140922389,1.6825018311414808
roll_1_15min_GRU_seed17,7,0.8136953661135333,1.674755966797108
roll_1_15min_GRU_seed17,8,0.8007451189674346,1.6697259923288417
roll_1_15min_GRU_seed17,9,0.789949582263767,1.6660552797589945
roll_1_15min_GRU_seed17,10,0.7795669559977556,1.6625203904371713
roll_1_15min_GRU_seed17,11,0.7682927330646679,1.660084549589272
roll_1_15min_GRU_seed17,12,0.7560752135539345,1.6597130364713775
roll_1_15min_GRU_seed17,13,0.7434791304955357,1.6633655875395674
roll_1_15min_GRU_seed17,14,0.7314742532245785,1.6664797156327023
roll_1_15min_GRU_seed17,15,0.7199623847629136,1.661764912639643
roll_1_15min_GRU_seed17,16,0.7070488290265504,1.655569066056764
roll_1_15min_GRU_seed17,17,0.6961786106892442,1.6601259556847412
roll_1_15min_GRU_seed17,18,0.700473190801829,1.6449001041828415
roll_1_15min_GRU_seed17,19,0.7631509626804576,1.6843928918605742
roll_1_15min_GRU_seed17,20,0.7220899493015005,1.670961908174637
roll_1_15min_GRU_seed17,21,0.6914462652434463,1.6330683661847656
roll_1_15min_GRU_seed17,22,0.6907166896863022,1.6366190154026778
roll_1_15min_GRU_seed17,23,0.6717586939332456,1.6658268912957246
roll_1_15min_GRU_seed17,24,0.641458679759792,1.6401093495919488
roll_1_15min_GRU_seed17,25,0.6349138177569337,1.6245786184646203
roll_1_15min_GRU_seed17,26,0.6320218467549515,1.6330564805593357
roll_1_15min_GRU_seed17,27,0.6559148472451005,1.6801982658237409
roll_1_15min_GRU_seed17,28,0.6260517249374014,1.6299533897580425
roll_1_15min_GRU_seed17,29,0.6481281028012273,1.6354353508284007
roll_1_15min_GRU_seed17,30,0.6261863118482505,1.6181266338915916
roll_1_15min_GRU_seed17,31,0.61191863418832,1.6651061534244311
roll_1_15min_GRU_seed17,32,0.5897906381591611,1.6462621005601146
roll_1_15min_GRU_seed17,33,0.6235521379933666,1.6343304180659175
roll_1_15min_GRU_seed17,34,0.6080209323872439,1.624871987462904
roll_1_15min_GRU_seed17,35,0.5907754438970736,1.6816207206206193
roll_1_15min_GRU_seed42,1,0.9998193375977428,1.795323144080905
roll_1_15min_GRU_seed42,2,0.9279426235539711,1.7487591943561112
roll_1_15min_GRU_seed42,3,0.8976208690689643,1.7265729779351677
roll_1_15min_GRU_seed42,4,0.8710525389082036,1.7136069094288313
roll_1_15min_GRU_seed42,5,0.8487383106399161,1.7035725326147402
roll_1_15min_GRU_seed42,6,0.8318835207023602,1.69584027621182
roll_1_15min_GRU_seed42,7,0.8202916400032005,1.6891353211184215
roll_1_15min_GRU_seed42,8,0.8118395315943218,1.6836680769502579
roll_1_15min_GRU_seed42,9,0.8043630344996809,1.6800766232381528
roll_1_15min_GRU_seed42,10,0.7968807805797108,1.6759879680612109
roll_1_15min_GRU_seed42,11,0.7888597999265802,1.6705246906080717
roll_1_15min_GRU_seed42,12,0.7797207378665445,1.6650415833985206
roll_1_15min_GRU_seed42,13,0.7690560236452562,1.6586661913214262
roll_1_15min_GRU_seed42,14,0.7571724868315434,1.6518267838335963
roll_1_15min_GRU_seed42,15,0.7439958652413567,1.6467260330183933
roll_1_15min_GRU_seed42,16,0.7300093130091665,1.643244966893887
roll_1_15min_GRU_seed42,17,0.7150920296185895,1.640909512058116
roll_1_15min_GRU_seed42,18,0.699424981686328,1.6455028320944012
roll_1_15min_GRU_seed42,19,0.6856940065619916,1.6548116828565858
roll_1_15min_GRU_seed42,20,0.6828022193510522,1.6277404856116804
roll_1_15min_GRU_seed42,21,0.7004348288784142,1.7067569161602094
roll_1_15min_GRU_seed42,22,0.6913785964310893,1.6684141469410856
roll_1_15min_GRU_seed42,23,0.681067485528195,1.646211692494155
roll_1_15min_GRU_seed42,24,0.662188488733672,1.6346212561218223
roll_1_15min_GRU_seed42,25,0.661892806078017,1.6936668734524758
roll_1_15min_GRU_seed42,26,0.661014226962801,1.6720818731408027
roll_1_15min_GRU_seed42,27,0.6546603713471156,1.6508638448552013
roll_1_15min_GRU_seed2026,1,0.9663995889878949,1.73936470503361
roll_1_15min_GRU_seed2026,2,0.9185486583695238,1.7264094553312146
roll_1_15min_GRU_seed2026,3,0.8845284782078585,1.7176608073266169
roll_1_15min_GRU_seed2026,4,0.856387139271628,1.711316476316387
roll_1_15min_GRU_seed2026,5,0.8346220820780225,1.7035121242917601
roll_1_15min_GRU_seed2026,6,0.819961849223023,1.700503081705823
roll_1_15min_GRU_seed2026,7,0.8105002306703373,1.6999872691022682
roll_1_15min_GRU_seed2026,8,0.8030005434022741,1.7016130292521716
roll_1_15min_GRU_seed2026,9,0.7962181365290876,1.7041236944853713
roll_1_15min_GRU_seed2026,10,0.789412381677975,1.708569946689429
roll_1_15min_GRU_seed2026,11,0.781764943348734,1.7109462721129192
roll_1_15min_GRU_seed2026,12,0.7727663832365984,1.7154980686797965
roll_1_15min_GRU_seed2026,13,0.7627075166415106,1.71974644220148
roll_1_15min_GRU_seed2026,14,0.752012396163424,1.7345086053765242
roll_2_15min_LSTM_seed17,1,0.9746352645294312,1.566489264884202
roll_2_15min_LSTM_seed17,2,0.9182005956899321,1.512252680616768
roll_2_15min_LSTM_seed17,3,0.8768794596108334,1.4693662272337298
roll_2_15min_LSTM_seed17,4,0.8494216095949401,1.4500900108508616
roll_2_15min_LSTM_seed17,5,0.8330302741107023,1.4332406942260976
roll_2_15min_LSTM_seed17,6,0.8216659931721214,1.4248144842617108
roll_2_15min_LSTM_seed17,7,0.8110128827501664,1.414904458985029
roll_2_15min_LSTM_seed17,8,0.8006281100278693,1.4062667002075708
roll_2_15min_LSTM_seed17,9,0.7868902841501437,1.4042125149687203
roll_2_15min_LSTM_seed17,10,0.7729818647070286,1.4149032047623544
roll_2_15min_LSTM_seed17,11,0.7617928456547657,1.3912259761784849
roll_2_15min_LSTM_seed17,12,0.7498777923296388,1.4176696724889655
roll_2_15min_LSTM_seed17,13,0.7587374160527836,1.38119511710029
roll_2_15min_LSTM_seed17,14,0.7758528005668442,1.526800638061212
roll_2_15min_LSTM_seed17,15,0.7790029741410959,1.3799727163738627
roll_2_15min_LSTM_seed17,16,0.7532277123095691,1.4504137152149066
roll_2_15min_LSTM_seed17,17,0.7133546715314465,1.47509063155748
roll_2_15min_LSTM_seed17,18,0.7021614518396708,1.4027484048477314
roll_2_15min_LSTM_seed17,19,0.7057453175849192,1.5178026002770377
roll_2_15min_LSTM_seed17,20,0.6743017883303388,1.4962598423009335
roll_2_15min_LSTM_seed17,21,0.6572266540682872,1.5142216501940586
roll_2_15min_LSTM_seed17,22,0.6615860211084605,1.4353186607262833
roll_2_15min_LSTM_seed42,1,1.018812666655282,1.6161732653930718
roll_2_15min_LSTM_seed42,2,0.9414163933464111,1.555734751566259
roll_2_15min_LSTM_seed42,3,0.8980221571970959,1.5001934158328316
roll_2_15min_LSTM_seed42,4,0.8686181928951608,1.4588418700144767
roll_2_15min_LSTM_seed42,5,0.8492924985706632,1.4350247458889025
roll_2_15min_LSTM_seed42,6,0.836642240861067,1.4208264766001082
roll_2_15min_LSTM_seed42,7,0.8272759269043238,1.410382476372518
roll_2_15min_LSTM_seed42,8,0.81865929369068,1.403570353911095
roll_2_15min_LSTM_seed42,9,0.8099106519263096,1.4005486873535737
roll_2_15min_LSTM_seed42,10,0.8005683936243849,1.4023330626898347
roll_2_15min_LSTM_seed42,11,0.7913920001259872,1.3909215302689932
roll_2_15min_LSTM_seed42,12,0.7809398771527036,1.3850891112959611
roll_2_15min_LSTM_seed42,13,0.7793376937877854,1.403681931552155
roll_2_15min_LSTM_seed42,14,0.7773604041003451,1.3819597829046968
roll_2_15min_LSTM_seed42,15,0.7847823834171622,1.3919239685592752
roll_2_15min_LSTM_seed42,16,0.7883334651632837,1.4678834331989044
roll_2_15min_LSTM_seed42,17,0.8213092807908448,1.3843902793073681
roll_2_15min_LSTM_seed42,18,0.7440068504987584,1.3717183508466027
roll_2_15min_LSTM_seed42,19,0.7324527363040357,1.394724501264193
roll_2_15min_LSTM_seed42,20,0.7271997949255103,1.3778655112012606
roll_2_15min_LSTM_seed42,21,0.7063547779667482,1.394630814630744
roll_2_15min_LSTM_seed42,22,0.7063964476086655,1.3804095304625157
roll_2_15min_LSTM_seed42,23,0.7321599465156783,1.427846176727198
roll_2_15min_LSTM_seed42,24,0.7523521706244688,1.4375563267066127
roll_2_15min_LSTM_seed42,25,0.7095811504099528,1.3743786773742979
roll_2_15min_LSTM_seed2026,1,0.9552026858048258,1.5246966993987605
roll_2_15min_LSTM_seed2026,2,0.9019988367752153,1.4686450082067382
roll_2_15min_LSTM_seed2026,3,0.8641029876322858,1.4251374277151176
roll_2_15min_LSTM_seed2026,4,0.8389564319880294,1.4089608192521355
roll_2_15min_LSTM_seed2026,5,0.8259193389608631,1.4002204861875271
roll_2_15min_LSTM_seed2026,6,0.8156424278159878,1.397923420389279
roll_2_15min_LSTM_seed2026,7,0.806319243152444,1.3953187634402489
roll_2_15min_LSTM_seed2026,8,0.7958070192562074,1.4012544744301225
roll_2_15min_LSTM_seed2026,9,0.7849286204155089,1.4001567850891266
roll_2_15min_LSTM_seed2026,10,0.7725038368352648,1.4025360236448945
roll_2_15min_LSTM_seed2026,11,0.7617314743860991,1.4266744256093915
roll_2_15min_LSTM_seed2026,12,0.7547137868908335,1.4272364548253755
roll_2_15min_LSTM_seed2026,13,0.7769183966143833,1.526643033857626
roll_2_15min_LSTM_seed2026,14,0.8024912493917059,1.4611100197889735
roll_2_15min_GRU_seed17,1,1.0047800255065062,1.7036905698497522
roll_2_15min_GRU_seed17,2,0.9300154901106921,1.593035878748011
roll_2_15min_GRU_seed17,3,0.8965061306518994,1.5244618184437129
roll_2_15min_GRU_seed17,4,0.8697720257777167,1.48131839236975
roll_2_15min_GRU_seed17,5,0.8471721844753093,1.455946506350483
roll_2_15min_GRU_seed17,6,0.8289549836003746,1.434757105491953
roll_2_15min_GRU_seed17,7,0.8146752143827194,1.4189448103567635
roll_2_15min_GRU_seed17,8,0.8022716203079975,1.4074135583372305
roll_2_15min_GRU_seed17,9,0.7902152833716167,1.397857273354988
roll_2_15min_GRU_seed17,10,0.7776831796626308,1.3895945826908678
roll_2_15min_GRU_seed17,11,0.7644021304069039,1.3838884208473625
roll_2_15min_GRU_seed17,12,0.7507373906411339,1.3814167473916827
roll_2_15min_GRU_seed17,13,0.7366311744224747,1.3837659025711146
roll_2_15min_GRU_seed17,14,0.7220880286795232,1.3884372913879264
roll_2_15min_GRU_seed17,15,0.7079682444648562,1.394135698926067
roll_2_15min_GRU_seed17,16,0.6946296660832344,1.3965616777052785
roll_2_15min_GRU_seed17,17,0.6836373586392264,1.3988720127776606
roll_2_15min_GRU_seed17,18,0.6730757133475893,1.3949981401831553
roll_2_15min_GRU_seed17,19,0.6739046781516631,1.434436375091672
roll_2_15min_GRU_seed42,1,0.994558312020566,1.5745154475210281
roll_2_15min_GRU_seed42,2,0.926605076857628,1.5272934766763546
roll_2_15min_GRU_seed42,3,0.8942844138287942,1.4995940771074032
roll_2_15min_GRU_seed42,4,0.867814258696734,1.4721751315723532
roll_2_15min_GRU_seed42,5,0.8474423725907378,1.4516635827940738
roll_2_15min_GRU_seed42,6,0.8339655121066132,1.4365417590527247
roll_2_15min_GRU_seed42,7,0.8242428240857737,1.4273763219851991
roll_2_15min_GRU_seed42,8,0.8146741587679518,1.4199185776592236
roll_2_15min_GRU_seed42,9,0.8039882534751044,1.4128987703122753
roll_2_15min_GRU_seed42,10,0.7913683391564441,1.405586877247651
roll_2_15min_GRU_seed42,11,0.7771796121454795,1.4001203690503927
roll_2_15min_GRU_seed42,12,0.761962795396588,1.3998485977220012
roll_2_15min_GRU_seed42,13,0.7490459214624441,1.4040831327583319
roll_2_15min_GRU_seed42,14,0.7409444107041414,1.4053922918312345
roll_2_15min_GRU_seed42,15,0.7455268145563304,1.427096153766886
roll_2_15min_GRU_seed42,16,0.7675620902861867,1.4802121741145224
roll_2_15min_GRU_seed42,17,0.7411106743852529,1.3991386949671902
roll_2_15min_GRU_seed42,18,0.7386818588561984,1.4120850047031008
roll_2_15min_GRU_seed42,19,0.7369809366176149,1.5553383860945031
roll_2_15min_GRU_seed42,20,0.7283010398724684,1.437697010336276
roll_2_15min_GRU_seed42,21,0.6824949048025094,1.424486363954293
roll_2_15min_GRU_seed42,22,0.6781050790285925,1.4003277556687164
roll_2_15min_GRU_seed42,23,0.6726274449085008,1.4648096811985873
roll_2_15min_GRU_seed42,24,0.6603377268217917,1.4264485098230768
roll_2_15min_GRU_seed2026,1,0.9629486301376242,1.5186440522615359
roll_2_15min_GRU_seed2026,2,0.9147463773673199,1.4919123772009106
roll_2_15min_GRU_seed2026,3,0.8796159780581561,1.4650629600440335
roll_2_15min_GRU_seed2026,4,0.8525067995744962,1.4420709183296359
roll_2_15min_GRU_seed2026,5,0.8362384507372845,1.4245490304458461
roll_2_15min_GRU_seed2026,6,0.8262700391145906,1.4195230501991567
roll_2_15min_GRU_seed2026,7,0.8184826000113008,1.414432349691573
roll_2_15min_GRU_seed2026,8,0.8102601090820816,1.4127085202140806
roll_2_15min_GRU_seed2026,9,0.8018186186975188,1.4086193774646996
roll_2_15min_GRU_seed2026,10,0.7919375018023889,1.40259308712826
roll_2_15min_GRU_seed2026,11,0.7812185411072681,1.4000909250819251
roll_2_15min_GRU_seed2026,12,0.7713323551672715,1.399138255962119
roll_2_15min_GRU_seed2026,13,0.7626612490645824,1.4008325894143803
roll_2_15min_GRU_seed2026,14,0.7520501825187366,1.409371252772723
roll_2_15min_GRU_seed2026,15,0.7396474656141186,1.4463560039034684
roll_2_15min_GRU_seed2026,16,0.738653124595175,1.4142005863369724
roll_2_15min_GRU_seed2026,17,0.7324287185863573,1.4741378972478982
roll_2_15min_GRU_seed2026,18,0.7486035236790125,1.4476198901699067
roll_2_15min_GRU_seed2026,19,0.7378909284189213,1.576807136234214
roll_3_15min_LSTM_seed17,1,0.9665068110202458,2.0935156877005805
roll_3_15min_LSTM_seed17,2,0.8994443256067727,2.045023692127148
roll_3_15min_LSTM_seed17,3,0.8568041444662304,2.016503859338929
roll_3_15min_LSTM_seed17,4,0.8319332532637013,2.0024133153218884
roll_3_15min_LSTM_seed17,5,0.8178561515495425,1.9934478129017998
roll_3_15min_LSTM_seed17,6,0.8060395924911008,1.9817022198262133
roll_3_15min_LSTM_seed17,7,0.7941339205104239,1.9727609209015287
roll_3_15min_LSTM_seed17,8,0.780529121255428,1.9702491870568195
roll_3_15min_LSTM_seed17,9,0.7630657074183435,1.970657555890633
roll_3_15min_LSTM_seed17,10,0.7460334031587462,1.9585783380676345
roll_3_15min_LSTM_seed17,11,0.7295265576738943,1.9877472479200662
roll_3_15min_LSTM_seed17,12,0.7314285224159651,1.9766119900385235
roll_3_15min_LSTM_seed17,13,0.75163912319467,1.9601333733746398
roll_3_15min_LSTM_seed17,14,0.7851849820909791,1.9289049489708172
roll_3_15min_LSTM_seed17,15,0.7174166394201319,1.909025285083608
roll_3_15min_LSTM_seed17,16,0.6840792006575251,1.9305726065104027
roll_3_15min_LSTM_seed17,17,0.6727272277693559,1.952535612100886
roll_3_15min_LSTM_seed17,18,0.6681353839275709,1.9355153321169216
roll_3_15min_LSTM_seed17,19,0.6731579889318703,1.9005475622783523
roll_3_15min_LSTM_seed17,20,0.6933573436262457,1.8743508057054525
roll_3_15min_LSTM_seed17,21,0.715178234655349,1.9149137667357208
roll_3_15min_LSTM_seed17,22,0.6634931164407618,1.9415692670575233
roll_3_15min_LSTM_seed17,23,0.6447536923706672,1.888416132521558
roll_3_15min_LSTM_seed17,24,0.6282286478568575,1.8733626957133702
roll_3_15min_LSTM_seed17,25,0.6378737695044042,1.911619374023689
roll_3_15min_LSTM_seed17,26,0.6392673134664183,1.9516739868245088
roll_3_15min_LSTM_seed17,27,0.6148439534095747,1.8952479472055872
roll_3_15min_LSTM_seed17,28,0.6013423587594714,1.8706055361053242
roll_3_15min_LSTM_seed17,29,0.6087012714608212,1.9111876240822046
roll_3_15min_LSTM_seed17,30,0.5862159997713371,1.947434816008392
roll_3_15min_LSTM_seed17,31,0.5698910403028306,1.9188528912170442
roll_3_15min_LSTM_seed17,32,0.5818834593759488,1.8724199457715354
roll_3_15min_LSTM_seed17,33,0.5437384506020111,1.8868165559694705
roll_3_15min_LSTM_seed17,34,0.5461028722186837,1.9191378657327154
roll_3_15min_LSTM_seed17,35,0.5340136829807273,1.9594041437590264
roll_3_15min_LSTM_seed42,1,1.0096679508546476,2.1355368881179504
roll_3_15min_LSTM_seed42,2,0.921807798205829,2.077958624529541
roll_3_15min_LSTM_seed42,3,0.8762615209999353,2.033459555048791
roll_3_15min_LSTM_seed42,4,0.8514091164501825,2.0147271475578203
roll_3_15min_LSTM_seed42,5,0.8341899780813927,2.0077545324039487
roll_3_15min_LSTM_seed42,6,0.8239466633115496,2.0026876023104214
roll_3_15min_LSTM_seed42,7,0.8132335535955094,1.9963256703093557
roll_3_15min_LSTM_seed42,8,0.8024654979588556,1.9890973878865181
roll_3_15min_LSTM_seed42,9,0.78979706492022,1.9801800570939998
roll_3_15min_LSTM_seed42,10,0.7735523976542631,1.976002851264757
roll_3_15min_LSTM_seed42,11,0.7567052717649965,1.9686475725602677
roll_3_15min_LSTM_seed42,12,0.7468890007541665,1.9488099593566888
roll_3_15min_LSTM_seed42,13,0.7295772995128006,1.933273387432649
roll_3_15min_LSTM_seed42,14,0.7286070891649439,1.9342179567367044
roll_3_15min_LSTM_seed42,15,0.7038493135494706,1.9641014374643753
roll_3_15min_LSTM_seed42,16,0.6890037500188279,1.9263593800256917
roll_3_15min_LSTM_seed42,17,0.6772123441204813,1.8860800084727054
roll_3_15min_LSTM_seed42,18,0.672398322290224,1.9136492148372515
roll_3_15min_LSTM_seed42,19,0.6796545116906981,1.9199989643734983
roll_3_15min_LSTM_seed42,20,0.6395396791241488,1.8989293915335521
roll_3_15min_LSTM_seed42,21,0.6331262862096068,1.8907988627503118
roll_3_15min_LSTM_seed42,22,0.6206894742381657,1.8754963462561458
roll_3_15min_LSTM_seed42,23,0.6142496012273382,1.962150425609671
roll_3_15min_LSTM_seed42,24,0.614982971053492,1.9155901404570712
roll_3_15min_LSTM_seed42,25,0.5856356200624685,1.9037765770456754
roll_3_15min_LSTM_seed42,26,0.5847795054281624,1.9191396578252984
roll_3_15min_LSTM_seed42,27,0.5647444163887506,1.8980568788308776
roll_3_15min_LSTM_seed42,28,0.6178330752553649,1.9012293662248887
roll_3_15min_LSTM_seed42,29,0.5568654549066021,1.9118159522678255
roll_3_15min_LSTM_seed2026,1,0.9424837763471402,2.074808957453596
roll_3_15min_LSTM_seed2026,2,0.8812983653026107,2.0279964423780266
roll_3_15min_LSTM_seed2026,3,0.8439901339226081,2.007088836180705
roll_3_15min_LSTM_seed2026,4,0.8234703862555413,2.0005228520309726
roll_3_15min_LSTM_seed2026,5,0.8124087538735928,1.9954868760573654
roll_3_15min_LSTM_seed2026,6,0.8013980577784903,1.9901953298076853
roll_3_15min_LSTM_seed2026,7,0.7878027907997998,1.98117632737654
roll_3_15min_LSTM_seed2026,8,0.77287906394351,1.9712800330950946
roll_3_15min_LSTM_seed2026,9,0.7555345566267152,1.9699892238156542
roll_3_15min_LSTM_seed2026,10,0.7429184675635443,1.974156437424943
roll_3_15min_LSTM_seed2026,11,0.7295111990086647,1.9492885114765335
roll_3_15min_LSTM_seed2026,12,0.7232678871802479,1.925486229048873
roll_3_15min_LSTM_seed2026,13,0.7300157689378189,1.921690816301085
roll_3_15min_LSTM_seed2026,14,0.7198656778564497,1.9472193209952369
roll_3_15min_LSTM_seed2026,15,0.7676621491931361,1.9544472418122714
roll_3_15min_LSTM_seed2026,16,0.7546039801570794,1.9168309451533905
roll_3_15min_LSTM_seed2026,17,0.7133411572465294,1.8997646827369872
roll_3_15min_LSTM_seed2026,18,0.6623751332664937,1.9001165959024384
roll_3_15min_LSTM_seed2026,19,0.6474486084816328,1.9060194497149048
roll_3_15min_LSTM_seed2026,20,0.6544061737959502,1.9094243197974075
roll_3_15min_LSTM_seed2026,21,0.6661329421561552,1.9087887791161289
roll_3_15min_LSTM_seed2026,22,0.6624771849332983,1.8560701590074538
roll_3_15min_LSTM_seed2026,23,0.656520591128347,1.8563608408840448
roll_3_15min_LSTM_seed2026,24,0.6137440776238676,1.8861539463617487
roll_3_15min_LSTM_seed2026,25,0.6053227052197244,1.8875012843118821
roll_3_15min_LSTM_seed2026,26,0.5907542313289865,1.9124540689285743
roll_3_15min_LSTM_seed2026,27,0.6111623483603118,1.8453829630556529
roll_3_15min_LSTM_seed2026,28,0.6108045003592828,1.8281220121512747
roll_3_15min_LSTM_seed2026,29,0.5977952633166481,1.8511926979237932
roll_3_15min_LSTM_seed2026,30,0.577578145530799,1.8985418287489368
roll_3_15min_LSTM_seed2026,31,0.558427525697324,1.8948687427445166
roll_3_15min_LSTM_seed2026,32,0.5702005279985468,1.8033469481629816
roll_3_15min_LSTM_seed2026,33,0.5666271646352228,1.8664011601540051
roll_3_15min_LSTM_seed2026,34,0.5336543712459627,1.8477627426070105
roll_3_15min_LSTM_seed2026,35,0.5217155028980844,1.886460669561666
roll_3_15min_GRU_seed17,1,0.9948987794704125,2.2004475513268718
roll_3_15min_GRU_seed17,2,0.9196686556244343,2.10708359468991
roll_3_15min_GRU_seed17,3,0.8801280734689788,2.0561123617924806
roll_3_15min_GRU_seed17,4,0.8522016358598892,2.0232684122696774
roll_3_15min_GRU_seed17,5,0.8276356620587566,2.0008373703551223
roll_3_15min_GRU_seed17,6,0.8089893922314432,1.9833004789346687
roll_3_15min_GRU_seed17,7,0.7942570708953803,1.9686591109377032
roll_3_15min_GRU_seed17,8,0.7792879435161796,1.9536851445752628
roll_3_15min_GRU_seed17,9,0.762936251015518,1.9382857485665748
roll_3_15min_GRU_seed17,10,0.7471873347038965,1.9252304704608474
roll_3_15min_GRU_seed17,11,0.7317670580235243,1.9120605563782545
roll_3_15min_GRU_seed17,12,0.7169625844972195,1.8952816297900874
roll_3_15min_GRU_seed17,13,0.7034361040703865,1.8830786208895802
roll_3_15min_GRU_seed17,14,0.6904974027735288,1.8711215361915823
roll_3_15min_GRU_seed17,15,0.6785628647659088,1.8589032493437174
roll_3_15min_GRU_seed17,16,0.6678366869757829,1.8561095811151476
roll_3_15min_GRU_seed17,17,0.6569291841090423,1.8563527764942638
roll_3_15min_GRU_seed17,18,0.6466692787283198,1.8615140588870376
roll_3_15min_GRU_seed17,19,0.6382376853839017,1.8712263031412701
roll_3_15min_GRU_seed17,20,0.6353225236195871,1.8875621391134536
roll_3_15min_GRU_seed17,21,0.6942848757223447,1.9600037002748836
roll_3_15min_GRU_seed17,22,0.7753508298263059,1.9541942341276453
roll_3_15min_GRU_seed17,23,0.7243171136747758,1.8843048748409434
roll_3_15min_GRU_seed42,1,0.9819864549737345,2.099249530588534
roll_3_15min_GRU_seed42,2,0.9154055016660578,2.061959855695982
roll_3_15min_GRU_seed42,3,0.8790761905196679,2.0406188670677348
roll_3_15min_GRU_seed42,4,0.8508942911719829,2.0220919325423488
roll_3_15min_GRU_seed42,5,0.8310380787425075,2.0110298029989875
roll_3_15min_GRU_seed42,6,0.8185863385295421,2.0029694316437188
roll_3_15min_GRU_seed42,7,0.8078927902343401,1.995309212927687
roll_3_15min_GRU_seed42,8,0.7953016821478234,1.984866187129102
roll_3_15min_GRU_seed42,9,0.7794735487506875,1.9703157104718436
roll_3_15min_GRU_seed42,10,0.7625854685379135,1.9545433734711597
roll_3_15min_GRU_seed42,11,0.7464479784496495,1.9474051259931615
roll_3_15min_GRU_seed42,12,0.7304724102416698,1.936760860277007
roll_3_15min_GRU_seed42,13,0.7169781621781111,1.9193370178999691
roll_3_15min_GRU_seed42,14,0.7062639182289534,1.903960018873839
roll_3_15min_GRU_seed42,15,0.6995910839537547,1.8946216382299506
roll_3_15min_GRU_seed42,16,0.6928240735720694,1.8932322154443695
roll_3_15min_GRU_seed42,17,0.6890338133034717,1.9018767223550848
roll_3_15min_GRU_seed42,18,0.6906418988101656,1.9077824685441314
roll_3_15min_GRU_seed42,19,0.6775474494597951,1.9067227876968174
roll_3_15min_GRU_seed42,20,0.6930804252624512,1.8986329406156826
roll_3_15min_GRU_seed42,21,0.6996858293055371,1.917602796095397
roll_3_15min_GRU_seed42,22,0.6941287216034651,1.8932957552498701
roll_3_15min_GRU_seed42,23,0.657094058094315,1.8729593253841925
roll_3_15min_GRU_seed42,24,0.6486607090650732,1.8731718643114268
roll_3_15min_GRU_seed42,25,0.6361747702335027,1.8743690261846853
roll_3_15min_GRU_seed42,26,0.6331632831057564,1.8779041283353233
roll_3_15min_GRU_seed42,27,0.636394660143439,1.9051348226689113
roll_3_15min_GRU_seed42,28,0.622852053798613,1.9265651902432672
roll_3_15min_GRU_seed42,29,0.6306484857403981,1.9073944817772748
roll_3_15min_GRU_seed42,30,0.6252724441767298,1.8900018683717852
roll_3_15min_GRU_seed2026,1,0.950821407784902,2.0779827309932792
roll_3_15min_GRU_seed2026,2,0.8964873682140466,2.043657572994588
roll_3_15min_GRU_seed2026,3,0.8587929902367067,2.0228952738154726
roll_3_15min_GRU_seed2026,4,0.8350186662735369,2.007629636113915
roll_3_15min_GRU_seed2026,5,0.8213926289902359,1.9960907964099335
roll_3_15min_GRU_seed2026,6,0.8105243849949758,1.9864791999367033
roll_3_15min_GRU_seed2026,7,0.7996101128133734,1.975315368503982
roll_3_15min_GRU_seed2026,8,0.7875300082585293,1.9622084474756518
roll_3_15min_GRU_seed2026,9,0.7735862997851272,1.946408884927697
roll_3_15min_GRU_seed2026,10,0.7601455276269266,1.9347996019350564
roll_3_15min_GRU_seed2026,11,0.7497977253564347,1.9122276086091068
roll_3_15min_GRU_seed2026,12,0.7379444337142436,1.8928118540526913
roll_3_15min_GRU_seed2026,13,0.7233417570172205,1.877256818928781
roll_3_15min_GRU_seed2026,14,0.7116108345482891,1.8772468586715028
roll_3_15min_GRU_seed2026,15,0.7030838504608119,1.8740835090610393
roll_3_15min_GRU_seed2026,16,0.6898770887204021,1.8615379427723626
roll_3_15min_GRU_seed2026,17,0.6770347889329567,1.8693894243411304
roll_3_15min_GRU_seed2026,18,0.6736958412850489,1.8743432863133977
roll_3_15min_GRU_seed2026,19,0.6728390429421945,1.8423579661632374
roll_3_15min_GRU_seed2026,20,0.6664131830950253,1.8431433791312404
roll_3_15min_GRU_seed2026,21,0.6782047113434213,1.85084296002047
roll_3_15min_GRU_seed2026,22,0.7036148364147481,1.8512066995159426
roll_3_15min_GRU_seed2026,23,0.7208157132185594,1.892109626754395
roll_3_15min_GRU_seed2026,24,0.7024511281025773,1.8717673666297807
roll_3_15min_GRU_seed2026,25,0.6575570619497143,1.8521392080639814
roll_3_15min_GRU_seed2026,26,0.6499967002756981,1.8221161464406221
roll_3_15min_GRU_seed2026,27,0.628192372916733,1.8308015175605423
roll_3_15min_GRU_seed2026,28,0.623281397780434,1.8381500023459993
roll_3_15min_GRU_seed2026,29,0.6173760366104805,1.847691514814174
roll_3_15min_GRU_seed2026,30,0.6132824476066742,1.8427455101931574
roll_3_15min_GRU_seed2026,31,0.6378669345127614,1.8620643065352045
roll_3_15min_GRU_seed2026,32,0.6784715369797423,1.9235817914428086
roll_3_15min_GRU_seed2026,33,0.6414930248846773,1.916920788989618
roll_1_60min_LSTM_seed17,1,0.9541301158567899,3.2467911405582988
roll_1_60min_LSTM_seed17,2,0.837596672868451,3.051084304947894
roll_1_60min_LSTM_seed17,3,0.7092389789343665,2.828419130799973
roll_1_60min_LSTM_seed17,4,0.5958030468966575,2.647587010742561
roll_1_60min_LSTM_seed17,5,0.5235993432663579,2.5402230141802526
roll_1_60min_LSTM_seed17,6,0.4754430895124577,2.5086569673949435
roll_1_60min_LSTM_seed17,7,0.44323220966012605,2.4882576140306654
roll_1_60min_LSTM_seed17,8,0.41873050269581874,2.4813970479239513
roll_1_60min_LSTM_seed17,9,0.39829206497994035,2.4830160305097837
roll_1_60min_LSTM_seed17,10,0.38097813236438705,2.484661204284288
roll_1_60min_LSTM_seed17,11,0.3658682774798603,2.4874311896242896
roll_1_60min_LSTM_seed17,12,0.35212649898563464,2.4977504838884435
roll_1_60min_LSTM_seed17,13,0.3398486885595213,2.5126830145445953
roll_1_60min_LSTM_seed17,14,0.3273435210835997,2.52860621525831
roll_1_60min_LSTM_seed17,15,0.31866409258092016,2.531505611063802
roll_1_60min_LSTM_seed42,1,0.9826082037683981,3.249270226868009
roll_1_60min_LSTM_seed42,2,0.8523472730918424,3.0937028146600776
roll_1_60min_LSTM_seed42,3,0.7261738918285848,2.912685452476522
roll_1_60min_LSTM_seed42,4,0.6192852959553783,2.712473230676896
roll_1_60min_LSTM_seed42,5,0.5497084082561555,2.581048594916994
roll_1_60min_LSTM_seed42,6,0.4976693721481986,2.517355156524646
roll_1_60min_LSTM_seed42,7,0.4655502529672865,2.481412924222541
roll_1_60min_LSTM_seed42,8,0.43855540797767173,2.462582183050236
roll_1_60min_LSTM_seed42,9,0.41458389099246795,2.460932424120572
roll_1_60min_LSTM_seed42,10,0.3946768478008124,2.4691870446709583
roll_1_60min_LSTM_seed42,11,0.37876916665628185,2.4851149108241852
roll_1_60min_LSTM_seed42,12,0.36433612218489375,2.4918330521779786
roll_1_60min_LSTM_seed42,13,0.360552548382985,2.507513339611641
roll_1_60min_LSTM_seed42,14,0.34814448121092717,2.511188362993584
roll_1_60min_LSTM_seed42,15,0.34861040143468286,2.503459611637888
roll_1_60min_LSTM_seed42,16,0.33328675483036235,2.5130272312764474
roll_1_60min_LSTM_seed2026,1,0.9087037503281615,3.06834315130865
roll_1_60min_LSTM_seed2026,2,0.7923535298292894,2.867831849326798
roll_1_60min_LSTM_seed2026,3,0.6710849783486371,2.6659167415371936
roll_1_60min_LSTM_seed2026,4,0.555646158518988,2.5553803999180076
roll_1_60min_LSTM_seed2026,5,0.48347364676605453,2.5017083559760764
roll_1_60min_LSTM_seed2026,6,0.4431087699727971,2.491585538969106
roll_1_60min_LSTM_seed2026,7,0.41512881695967624,2.5036060324558065
roll_1_60min_LSTM_seed2026,8,0.39419821282071865,2.510280591058967
roll_1_60min_LSTM_seed2026,9,0.37709996287061703,2.5121969866557587
roll_1_60min_LSTM_seed2026,10,0.36204072647975893,2.525621016480987
roll_1_60min_LSTM_seed2026,11,0.35010482977993673,2.5427074630095126
roll_1_60min_LSTM_seed2026,12,0.3442520249562343,2.545684923839961
roll_1_60min_LSTM_seed2026,13,0.3392147632449239,2.5022994039373425
roll_1_60min_GRU_seed17,1,0.9600341372261714,3.254255096426124
roll_1_60min_GRU_seed17,2,0.801972590630252,3.072995511819342
roll_1_60min_GRU_seed17,3,0.7002776834248712,2.8891988360737946
roll_1_60min_GRU_seed17,4,0.6192036027786368,2.726796054404097
roll_1_60min_GRU_seed17,5,0.5522728132564649,2.6136320558560917
roll_1_60min_GRU_seed17,6,0.49596724752218824,2.5405428509591763
roll_1_60min_GRU_seed17,7,0.45647424808119663,2.5166288433764064
roll_1_60min_GRU_seed17,8,0.43090717008473695,2.501662413486469
roll_1_60min_GRU_seed17,9,0.408887906994781,2.4856045695047535
roll_1_60min_GRU_seed17,10,0.38996282564398305,2.4844257896434043
roll_1_60min_GRU_seed17,11,0.3733728190416564,2.495593443839878
roll_1_60min_GRU_seed17,12,0.358330600127808,2.5122205860580378
roll_1_60min_GRU_seed17,13,0.34412135851703196,2.53083972146641
roll_1_60min_GRU_seed17,14,0.3300003042290349,2.5564121902103403
roll_1_60min_GRU_seed17,15,0.3169048480985738,2.580416871470682
roll_1_60min_GRU_seed17,16,0.30446472558176163,2.6061927760586068
roll_1_60min_GRU_seed17,17,0.2924217219917525,2.638965204779103
roll_1_60min_GRU_seed42,1,0.9571639405047933,3.255877617763399
roll_1_60min_GRU_seed42,2,0.7818127229836175,3.0334739530718458
roll_1_60min_GRU_seed42,3,0.6885334362211515,2.8759641703698207
roll_1_60min_GRU_seed42,4,0.6134728679146215,2.754810036558145
roll_1_60min_GRU_seed42,5,0.5523974274979208,2.6669235312903874
roll_1_60min_GRU_seed42,6,0.5020802811327751,2.6100565339243356
roll_1_60min_GRU_seed42,7,0.46835250091812347,2.580498549307367
roll_1_60min_GRU_seed42,8,0.4455440637355335,2.5546741317704607
roll_1_60min_GRU_seed42,9,0.42774498626442614,2.535967989466455
roll_1_60min_GRU_seed42,10,0.4128987724289287,2.526262250578027
roll_1_60min_GRU_seed42,11,0.3997368653587644,2.5246430938800835
roll_1_60min_GRU_seed42,12,0.38710909142852523,2.527234755214816
roll_1_60min_GRU_seed42,13,0.3747839477940522,2.5277448449946465
roll_1_60min_GRU_seed42,14,0.362629075596667,2.5242697992649203
roll_1_60min_GRU_seed42,15,0.3504965703082586,2.5239726429552856
roll_1_60min_GRU_seed42,16,0.3381676867974049,2.528666700847567
roll_1_60min_GRU_seed42,17,0.32540535041578933,2.5369637177294693
roll_1_60min_GRU_seed42,18,0.312464720099055,2.548703616462225
roll_1_60min_GRU_seed42,19,0.29947777830534084,2.5598441727303642
roll_1_60min_GRU_seed42,20,0.28704957686653315,2.580610527424438
roll_1_60min_GRU_seed42,21,0.2748578102439906,2.5935823289608297
roll_1_60min_GRU_seed42,22,0.2627929508370987,2.6185621064932354
roll_1_60min_GRU_seed2026,1,0.9147349932007199,3.0437103273037738
roll_1_60min_GRU_seed2026,2,0.7725430666630586,2.8632436160158647
roll_1_60min_GRU_seed2026,3,0.6741450537636661,2.7820395471400214
roll_1_60min_GRU_seed2026,4,0.5882875933228158,2.705687409925993
roll_1_60min_GRU_seed2026,5,0.5241132977643355,2.644907533749289
roll_1_60min_GRU_seed2026,6,0.4783152289392375,2.594984453697595
roll_1_60min_GRU_seed2026,7,0.4466738608342903,2.5816045991737284
roll_1_60min_GRU_seed2026,8,0.42520572742455276,2.5825888335038973
roll_1_60min_GRU_seed2026,9,0.4084736655696672,2.591609441931304
roll_1_60min_GRU_seed2026,10,0.39430001620311744,2.6063409684001355
roll_1_60min_GRU_seed2026,11,0.3817943200359588,2.6282512653939927
roll_1_60min_GRU_seed2026,12,0.37013047100788854,2.6542915991491
roll_1_60min_GRU_seed2026,13,0.3586234560863191,2.6776824763296716
roll_1_60min_GRU_seed2026,14,0.34660425232419123,2.6978945042437137
roll_2_60min_LSTM_seed17,1,0.9404622830796916,3.7388932104230377
roll_2_60min_LSTM_seed17,2,0.7938230391079009,3.423543071074275
roll_2_60min_LSTM_seed17,3,0.6435804439221281,3.109726522033367
roll_2_60min_LSTM_seed17,4,0.5431694456253034,2.8620160464312234
roll_2_60min_LSTM_seed17,5,0.49140672916809647,2.755585487376241
roll_2_60min_LSTM_seed17,6,0.4629229854700668,2.6968727175856895
roll_2_60min_LSTM_seed17,7,0.44040699488158214,2.6322317585255584
roll_2_60min_LSTM_seed17,8,0.4219871899542639,2.59024301991621
roll_2_60min_LSTM_seed17,9,0.40566645239903476,2.494980503378826
roll_2_60min_LSTM_seed17,10,0.393288409746606,2.47888576282114
roll_2_60min_LSTM_seed17,11,0.3949723306564494,2.43934923011029
roll_2_60min_LSTM_seed17,12,0.3839701073921694,2.5482409245518327
roll_2_60min_LSTM_seed17,13,0.39544665968298587,2.377812730711083
roll_2_60min_LSTM_seed17,14,0.3746879202716983,2.396607646768284
roll_2_60min_LSTM_seed17,15,0.34511732944408763,2.3360766253649987
roll_2_60min_LSTM_seed17,16,0.33710526751189634,2.5488096106761597
roll_2_60min_LSTM_seed17,17,0.3496503797246851,2.353248732287527
roll_2_60min_LSTM_seed17,18,0.337315488471535,2.332007498856517
roll_2_60min_LSTM_seed17,19,0.3183420448109793,2.4609080757296606
roll_2_60min_LSTM_seed17,20,0.31778588238746985,2.415462560613554
roll_2_60min_LSTM_seed17,21,0.287568571480329,2.4568493865082774
roll_2_60min_LSTM_seed17,22,0.27684664330092906,2.405297411783761
roll_2_60min_LSTM_seed17,23,0.27680009336447653,2.4539687681058213
roll_2_60min_LSTM_seed17,24,0.2689864790021232,2.4103860499620433
roll_2_60min_LSTM_seed17,25,0.2617295526817047,2.5806390345637022
roll_2_60min_LSTM_seed42,1,0.9719863529518288,3.8629732156822385
roll_2_60min_LSTM_seed42,2,0.8097420953682801,3.5270540124562553
roll_2_60min_LSTM_seed42,3,0.6645322018465131,3.1496676418597747
roll_2_60min_LSTM_seed42,4,0.5761307250833989,2.8650804264275935
roll_2_60min_LSTM_seed42,5,0.5200720511682487,2.676004023951149
roll_2_60min_LSTM_seed42,6,0.4861955944064974,2.563777044873695
roll_2_60min_LSTM_seed42,7,0.46140301941792966,2.4935214444411793
roll_2_60min_LSTM_seed42,8,0.4399303023583691,2.4261773001799942
roll_2_60min_LSTM_seed42,9,0.42036141354655177,2.3732175105139484
roll_2_60min_LSTM_seed42,10,0.4035766184560907,2.3448820841652602
roll_2_60min_LSTM_seed42,11,0.3880751235167765,2.329705193163829
roll_2_60min_LSTM_seed42,12,0.3727202708613036,2.324187720638488
roll_2_60min_LSTM_seed42,13,0.359277328941207,2.3002017236804835
roll_2_60min_LSTM_seed42,14,0.3596964887255903,2.35265585521288
roll_2_60min_LSTM_seed42,15,0.3850279733579378,2.29215845007968
roll_2_60min_LSTM_seed42,16,0.3504491903777544,2.408694108386748
roll_2_60min_LSTM_seed42,17,0.3664128326606294,2.3132146125267776
roll_2_60min_LSTM_seed42,18,0.35374263149967167,2.2776082822101804
roll_2_60min_LSTM_seed42,19,0.33604287965632396,2.3664068565989482
roll_2_60min_LSTM_seed42,20,0.33817649737421557,2.2716607228780723
roll_2_60min_LSTM_seed42,21,0.30693821103304436,2.256179359810186
roll_2_60min_LSTM_seed42,22,0.28348608511816725,2.228094702930874
roll_2_60min_LSTM_seed42,23,0.2735905667829753,2.25049892188619
roll_2_60min_LSTM_seed42,24,0.2664977147665856,2.2237278823078643
roll_2_60min_LSTM_seed42,25,0.2681290042147706,2.2537946769710246
roll_2_60min_LSTM_seed42,26,0.2760638656405394,2.3899517615097765
roll_2_60min_LSTM_seed42,27,0.28692182492305174,2.256149896264155
roll_2_60min_LSTM_seed42,28,0.2515644610199802,2.2438075316538106
roll_2_60min_LSTM_seed42,29,0.27369098946954734,2.430040963220536
roll_2_60min_LSTM_seed42,30,0.2615717266379782,2.2614978615934667
roll_2_60min_LSTM_seed42,31,0.22427501032059313,2.2429432540493424
roll_2_60min_LSTM_seed2026,1,0.8969741171886406,3.5541820025649016
roll_2_60min_LSTM_seed2026,2,0.7486629109004463,3.086730904169379
roll_2_60min_LSTM_seed2026,3,0.6017606166947833,2.6803471538878303
roll_2_60min_LSTM_seed2026,4,0.5059652709374128,2.4801480206119946
roll_2_60min_LSTM_seed2026,5,0.4640682959920619,2.41698615705612
roll_2_60min_LSTM_seed2026,6,0.43734045043085096,2.397870895612772
roll_2_60min_LSTM_seed2026,7,0.41796038557207355,2.392311539822063
roll_2_60min_LSTM_seed2026,8,0.40020719011099426,2.3572406994755384
roll_2_60min_LSTM_seed2026,9,0.38502462474101223,2.3347078092328117
roll_2_60min_LSTM_seed2026,10,0.375743081856013,2.306559292134266
roll_2_60min_LSTM_seed2026,11,0.36893802268894127,2.3588174941260647
roll_2_60min_LSTM_seed2026,12,0.37288316718914777,2.4316015371809296
roll_2_60min_LSTM_seed2026,13,0.37728849948267557,2.318640015915259
roll_2_60min_LSTM_seed2026,14,0.3440035464349071,2.283661554329355
roll_2_60min_LSTM_seed2026,15,0.33118547285374667,2.3145925503312172
roll_2_60min_LSTM_seed2026,16,0.32618903278652495,2.422007425324091
roll_2_60min_LSTM_seed2026,17,0.3218182999352053,2.26450031809112
roll_2_60min_LSTM_seed2026,18,0.30953785780623705,2.5262353540845495
roll_2_60min_LSTM_seed2026,19,0.3275726981223336,2.2887570598529456
roll_2_60min_LSTM_seed2026,20,0.3194351270720159,2.2521532393826824
roll_2_60min_LSTM_seed2026,21,0.2820099220134882,2.248807841879054
roll_2_60min_LSTM_seed2026,22,0.274983914344552,2.5401434769030344
roll_2_60min_LSTM_seed2026,23,0.3113125169777066,2.2699636534869305
roll_2_60min_LSTM_seed2026,24,0.28369344193267626,2.2525585220620736
roll_2_60min_LSTM_seed2026,25,0.24894248210403086,2.253709599867086
roll_2_60min_LSTM_seed2026,26,0.24728352662478129,2.4833810613664964
roll_2_60min_LSTM_seed2026,27,0.27871129406835127,2.2756732722279494
roll_2_60min_LSTM_seed2026,28,0.2646715899194194,2.27005651916869
roll_2_60min_GRU_seed17,1,0.9415045771472761,4.0437055326686435
roll_2_60min_GRU_seed17,2,0.7693801070737535,3.6688175662017124
roll_2_60min_GRU_seed17,3,0.6647884482455014,3.259263344346717
roll_2_60min_GRU_seed17,4,0.5813051110468024,2.927445411371631
roll_2_60min_GRU_seed17,5,0.5169479663576336,2.7089341344812685
roll_2_60min_GRU_seed17,6,0.4756782413289671,2.5855377833358806
roll_2_60min_GRU_seed17,7,0.44990290627223095,2.520506989472671
roll_2_60min_GRU_seed17,8,0.4296296911828607,2.4710851188065703
roll_2_60min_GRU_seed17,9,0.4108053860712182,2.425202838234615
roll_2_60min_GRU_seed17,10,0.39352650443531756,2.3841039164484887
roll_2_60min_GRU_seed17,11,0.3779250822288944,2.347213125331184
roll_2_60min_GRU_seed17,12,0.36338132280133045,2.3193301779627475
roll_2_60min_GRU_seed17,13,0.34972795780099514,2.3033563279828706
roll_2_60min_GRU_seed17,14,0.33711963834660424,2.3013042000912427
roll_2_60min_GRU_seed17,15,0.32636672078123286,2.3092351468733767
roll_2_60min_GRU_seed17,16,0.31726676707063467,2.302457557062934
roll_2_60min_GRU_seed17,17,0.3112275941081773,2.33181127976918
roll_2_60min_GRU_seed17,18,0.3194452053121034,2.320154818907803
roll_2_60min_GRU_seed17,19,0.3286955997144078,2.3686257077985355
roll_2_60min_GRU_seed17,20,0.342279540223758,2.3341027049825316
roll_2_60min_GRU_seed17,21,0.29949953578609495,2.3404124053638915
roll_2_60min_GRU_seed42,1,0.938510319256413,3.6398327520560017
roll_2_60min_GRU_seed42,2,0.7565387494692285,3.3971654991821874
roll_2_60min_GRU_seed42,3,0.6590990834379588,3.1942940506142294
roll_2_60min_GRU_seed42,4,0.5820046251811216,2.9844946126354124
roll_2_60min_GRU_seed42,5,0.5205950265813113,2.800269471316599
roll_2_60min_GRU_seed42,6,0.4844600767141706,2.6729331147560362
roll_2_60min_GRU_seed42,7,0.4621124428950773,2.5898600678305557
roll_2_60min_GRU_seed42,8,0.4443131150798354,2.5319131588018338
roll_2_60min_GRU_seed42,9,0.4290719406976413,2.4861148178905492
roll_2_60min_GRU_seed42,10,0.41538709454245204,2.4458465340457987
roll_2_60min_GRU_seed42,11,0.40178754945288164,2.41258241729142
roll_2_60min_GRU_seed42,12,0.38800014533992233,2.3880926447693653
roll_2_60min_GRU_seed42,13,0.37392129986636075,2.372588817828518
roll_2_60min_GRU_seed42,14,0.359875001826934,2.3682277275126515
roll_2_60min_GRU_seed42,15,0.3463250108742399,2.3777325124524618
roll_2_60min_GRU_seed42,16,0.33270324967468773,2.3723639106876795
roll_2_60min_GRU_seed42,17,0.31811110396328685,2.362433672990072
roll_2_60min_GRU_seed42,18,0.3052701599991039,2.355674766121379
roll_2_60min_GRU_seed42,19,0.30073326949230517,2.3465926613086134
roll_2_60min_GRU_seed42,20,0.2917242077664016,2.3113960792191848
roll_2_60min_GRU_seed42,21,0.2935022246680047,2.6353182397595045
roll_2_60min_GRU_seed42,22,0.3127763832848835,2.3444425604550116
roll_2_60min_GRU_seed42,23,0.307145215205529,2.330402616091099
roll_2_60min_GRU_seed42,24,0.3034551817268378,2.4052013080900903
roll_2_60min_GRU_seed42,25,0.2675582559546668,2.386537489330608
roll_2_60min_GRU_seed42,26,0.2815486731135041,2.4613189230403916
roll_2_60min_GRU_seed42,27,0.2587119252535573,2.440630252724797
roll_2_60min_GRU_seed2026,1,0.8995304901163037,3.3629434568640915
roll_2_60min_GRU_seed2026,2,0.7469704112032922,3.1228369457093645
roll_2_60min_GRU_seed2026,3,0.6343908556613904,2.91018995440855
roll_2_60min_GRU_seed2026,4,0.549843304501736,2.7260464367371253
roll_2_60min_GRU_seed2026,5,0.49575314397364173,2.577383243909004
roll_2_60min_GRU_seed2026,6,0.46458908717471464,2.5144490016324563
roll_2_60min_GRU_seed2026,7,0.44187532256110323,2.4591234618955156
roll_2_60min_GRU_seed2026,8,0.42521817643694587,2.418982663763645
roll_2_60min_GRU_seed2026,9,0.4112458011429203,2.3880086803961205
roll_2_60min_GRU_seed2026,10,0.396997248070992,2.3687715485350958
roll_2_60min_GRU_seed2026,11,0.3845046527975781,2.3533059450884144
roll_2_60min_GRU_seed2026,12,0.37261403650996244,2.337103419055521
roll_2_60min_GRU_seed2026,13,0.3613195292780697,2.3193504200771144
roll_2_60min_GRU_seed2026,14,0.3488634573986776,2.3123690627838682
roll_2_60min_GRU_seed2026,15,0.33646846767192334,2.311885853014627
roll_2_60min_GRU_seed2026,16,0.32418924014787837,2.329488315977426
roll_2_60min_GRU_seed2026,17,0.3129830809783805,2.3446659511871024
roll_2_60min_GRU_seed2026,18,0.30367979290763575,2.342816142576957
roll_2_60min_GRU_seed2026,19,0.29528906830775814,2.3383127580936236
roll_2_60min_GRU_seed2026,20,0.28497647962506617,2.353756046732023
roll_2_60min_GRU_seed2026,21,0.2721396040052529,2.5144482804079704
roll_2_60min_GRU_seed2026,22,0.26529121207465556,2.529272558052397
roll_3_60min_LSTM_seed17,1,0.9233884351601589,3.6584799561217207
roll_3_60min_LSTM_seed17,2,0.7356722539358702,3.2073472932564613
roll_3_60min_LSTM_seed17,3,0.5727053323747263,2.8208068478194934
roll_3_60min_LSTM_seed17,4,0.5005555540467272,2.6846952830340824
roll_3_60min_LSTM_seed17,5,0.4538824756845651,2.622827031450337
roll_3_60min_LSTM_seed17,6,0.42854949615504073,2.587727830007062
roll_3_60min_LSTM_seed17,7,0.40668107922926605,2.556936141421171
roll_3_60min_LSTM_seed17,8,0.38673653277170433,2.53825309250066
roll_3_60min_LSTM_seed17,9,0.3693265285419849,2.5300356702577558
roll_3_60min_LSTM_seed17,10,0.3539373026330224,2.5366276319245764
roll_3_60min_LSTM_seed17,11,0.34039297890420506,2.585198606967896
roll_3_60min_LSTM_seed17,12,0.3361861180104419,2.554839450923144
roll_3_60min_LSTM_seed17,13,0.3176810614517029,2.549219017806939
roll_3_60min_LSTM_seed17,14,0.30200804799450387,2.603319095782148
roll_3_60min_LSTM_seed17,15,0.3069704467759926,2.551683602327994
roll_3_60min_LSTM_seed17,16,0.28060056889741447,2.557048301322571
roll_3_60min_LSTM_seed42,1,0.9524996758973656,3.7921741297971323
roll_3_60min_LSTM_seed42,2,0.7537250919945332,3.3562379699281095
roll_3_60min_LSTM_seed42,3,0.6033786605306592,2.9761677164664686
roll_3_60min_LSTM_seed42,4,0.5418107126533837,2.8196676272633923
roll_3_60min_LSTM_seed42,5,0.48792622522826706,2.728244455138247
roll_3_60min_LSTM_seed42,6,0.4639589406483378,2.709317689550631
roll_3_60min_LSTM_seed42,7,0.4364253953219263,2.657445178064386
roll_3_60min_LSTM_seed42,8,0.4140627621701005,2.626699957452143
roll_3_60min_LSTM_seed42,9,0.39589927044283474,2.5871710804725314
roll_3_60min_LSTM_seed42,10,0.3779941112139089,2.5469658774859822
roll_3_60min_LSTM_seed42,11,0.36296638379440527,2.5498004761407844
roll_3_60min_LSTM_seed42,12,0.3517798297221777,2.5091275277538867
roll_3_60min_LSTM_seed42,13,0.3370637026555298,2.535167289627721
roll_3_60min_LSTM_seed42,14,0.3237282657041995,2.4739740524855067
roll_3_60min_LSTM_seed42,15,0.3193597075469254,2.582832186255275
roll_3_60min_LSTM_seed42,16,0.3203173337171779,2.403220727831477
roll_3_60min_LSTM_seed42,17,0.3007426572995508,2.47926252987671
roll_3_60min_LSTM_seed42,18,0.33246778503119256,2.5209530524086396
roll_3_60min_LSTM_seed42,19,0.3250016690016247,2.6113662974914247
roll_3_60min_LSTM_seed42,20,0.30990108065792643,2.6013212077355967
roll_3_60min_LSTM_seed42,21,0.2836767392480403,2.452821635098755
roll_3_60min_LSTM_seed42,22,0.2804210019209389,2.3672521070779236
roll_3_60min_LSTM_seed42,23,0.32334712336022886,2.4920049982393047
roll_3_60min_LSTM_seed42,24,0.2730739650614249,2.526210548681862
roll_3_60min_LSTM_seed42,25,0.2598469971842395,2.4907483572856517
roll_3_60min_LSTM_seed42,26,0.2585237896630942,2.3425180661766563
roll_3_60min_LSTM_seed42,27,0.2578194901851212,2.4129584100815533
roll_3_60min_LSTM_seed42,28,0.2344891315983162,2.467075650350315
roll_3_60min_LSTM_seed42,29,0.2150496115733736,2.5551559031351743
roll_3_60min_LSTM_seed42,30,0.21626603204704062,2.464022935596628
roll_3_60min_LSTM_seed42,31,0.22216157885976132,2.471758945236783
roll_3_60min_LSTM_seed42,32,0.23913021639441132,2.33062601130751
roll_3_60min_LSTM_seed42,33,0.22305391756808152,2.409824899117852
roll_3_60min_LSTM_seed42,34,0.202346038713185,2.5053311903432545
roll_3_60min_LSTM_seed42,35,0.19248242848639363,2.6229887167740458
roll_3_60min_LSTM_seed2026,1,0.8713462019249467,3.508274572552902
roll_3_60min_LSTM_seed2026,2,0.6822592282665302,2.9844356477668854
roll_3_60min_LSTM_seed2026,3,0.5350818934151187,2.669491645020153
roll_3_60min_LSTM_seed2026,4,0.4670594692937206,2.619150285184983
roll_3_60min_LSTM_seed2026,5,0.4372801983521438,2.5904068852955495
roll_3_60min_LSTM_seed2026,6,0.41833177064449306,2.5802538184681643
roll_3_60min_LSTM_seed2026,7,0.39786209721597715,2.562467113005472
roll_3_60min_LSTM_seed2026,8,0.38399044658973985,2.550857620357102
roll_3_60min_LSTM_seed2026,9,0.3732028037444933,2.5448440841509425
roll_3_60min_LSTM_seed2026,10,0.3693021713862536,2.52088721191086
roll_3_60min_LSTM_seed2026,11,0.3508913830819495,2.5238773367318195
roll_3_60min_LSTM_seed2026,12,0.34451945574029785,2.452333353213624
roll_3_60min_LSTM_seed2026,13,0.33863991263723076,2.5187836213990478
roll_3_60min_LSTM_seed2026,14,0.3471270533449602,2.5492777578612027
roll_3_60min_LSTM_seed2026,15,0.31691475147112763,2.5135109825032753
roll_3_60min_LSTM_seed2026,16,0.31786036530016176,2.5147641144519275
roll_3_60min_LSTM_seed2026,17,0.2963623776104531,2.546600601518321
roll_3_60min_LSTM_seed2026,18,0.29251128032548235,2.4316696948478542
roll_3_60min_LSTM_seed2026,19,0.2883676784133506,2.4880274186261473
roll_3_60min_LSTM_seed2026,20,0.2901162393102012,2.5789600626161144
roll_3_60min_LSTM_seed2026,21,0.26582105286710694,2.558910475619328
roll_3_60min_LSTM_seed2026,22,0.2685293854723076,2.536437179005046
roll_3_60min_LSTM_seed2026,23,0.25480938824470545,2.483450501613715
roll_3_60min_LSTM_seed2026,24,0.24270980123597963,2.536554083176762
roll_3_60min_LSTM_seed2026,25,0.2443659909692511,2.5139105325186852
roll_3_60min_GRU_seed17,1,0.9228618393567178,4.0115436491843495
roll_3_60min_GRU_seed17,2,0.733578190030736,3.5527711580306653
roll_3_60min_GRU_seed17,3,0.6130932891005775,3.0913187302192746
roll_3_60min_GRU_seed17,4,0.5338595613350647,2.836490985096343
roll_3_60min_GRU_seed17,5,0.47929596749506265,2.729092452926625
roll_3_60min_GRU_seed17,6,0.4480581593593788,2.646362468799542
roll_3_60min_GRU_seed17,7,0.42631387578339575,2.5777225820718597
roll_3_60min_GRU_seed17,8,0.4072188229538333,2.5224270100358095
roll_3_60min_GRU_seed17,9,0.3894731946118249,2.4772113788276355
roll_3_60min_GRU_seed17,10,0.37313542675746797,2.4387741637606752
roll_3_60min_GRU_seed17,11,0.35797159092276876,2.407105113060213
roll_3_60min_GRU_seed17,12,0.34340217252621835,2.379497208673535
roll_3_60min_GRU_seed17,13,0.32956789349292936,2.3596987031870005
roll_3_60min_GRU_seed17,14,0.31657424993973415,2.348521218418597
roll_3_60min_GRU_seed17,15,0.30387564905087094,2.3460305866423883
roll_3_60min_GRU_seed17,16,0.292045516451677,2.3447569072537635
roll_3_60min_GRU_seed17,17,0.2814521640408247,2.3709373561063747
roll_3_60min_GRU_seed17,18,0.2715809792869348,2.4084663938695736
roll_3_60min_GRU_seed17,19,0.26313873102212304,2.4256370960334825
roll_3_60min_GRU_seed17,20,0.25786765096066794,2.470733462252168
roll_3_60min_GRU_seed17,21,0.2637450717098281,2.5373196860491323
roll_3_60min_GRU_seed17,22,0.2878185811909842,2.5515526978110836
roll_3_60min_GRU_seed17,23,0.32919288618329995,2.3912512137715884
roll_3_60min_GRU_seed42,1,0.9082219492360951,3.5652306079619325
roll_3_60min_GRU_seed42,2,0.7228684922466692,3.2462029697670225
roll_3_60min_GRU_seed42,3,0.617033461793692,3.0019872700765102
roll_3_60min_GRU_seed42,4,0.5354227349914906,2.808457001593451
roll_3_60min_GRU_seed42,5,0.4851825687909374,2.6928267415753875
roll_3_60min_GRU_seed42,6,0.45844317109662663,2.6389118392111994
roll_3_60min_GRU_seed42,7,0.4388629257774995,2.6041133742437106
roll_3_60min_GRU_seed42,8,0.4212798568519531,2.576874420687499
roll_3_60min_GRU_seed42,9,0.40479797220872493,2.5496569558382567
roll_3_60min_GRU_seed42,10,0.389870746658267,2.5230522629701797
roll_3_60min_GRU_seed42,11,0.37497687974974986,2.496417032392677
roll_3_60min_GRU_seed42,12,0.3588980550009434,2.4669451845842234
roll_3_60min_GRU_seed42,13,0.3416587609504777,2.444911430588525
roll_3_60min_GRU_seed42,14,0.32423130082977625,2.434613708119466
roll_3_60min_GRU_seed42,15,0.3080148249209966,2.4303233682077314
roll_3_60min_GRU_seed42,16,0.2937131540167644,2.4291131401498
roll_3_60min_GRU_seed42,17,0.28032051578877626,2.421145666653192
roll_3_60min_GRU_seed42,18,0.2681400088195414,2.401575725437125
roll_3_60min_GRU_seed42,19,0.2573035208058054,2.406245322662987
roll_3_60min_GRU_seed42,20,0.24777730835061904,2.412349528023226
roll_3_60min_GRU_seed42,21,0.2395794813311594,2.417642469840869
roll_3_60min_GRU_seed42,22,0.2332825050214004,2.463549206202211
roll_3_60min_GRU_seed42,23,0.22607723292607587,2.5213172987562915
roll_3_60min_GRU_seed42,24,0.22003726818094074,2.5430153582303108
roll_3_60min_GRU_seed42,25,0.21828611319682,2.415190880198193
roll_3_60min_GRU_seed2026,1,0.8667252538388881,3.407224241301651
roll_3_60min_GRU_seed2026,2,0.6948440545892485,3.0337427204002907
roll_3_60min_GRU_seed2026,3,0.5780493658342025,2.8110045113143505
roll_3_60min_GRU_seed2026,4,0.5030826719461134,2.7039992653455927
roll_3_60min_GRU_seed2026,5,0.4626711074779456,2.6260983541559653
roll_3_60min_GRU_seed2026,6,0.43920560747162457,2.5665055758145305
roll_3_60min_GRU_seed2026,7,0.42119268083017275,2.5242688744257307
roll_3_60min_GRU_seed2026,8,0.4039219529754614,2.4957184427077523
roll_3_60min_GRU_seed2026,9,0.38978692551869953,2.4696578446486783
roll_3_60min_GRU_seed2026,10,0.37659771058112185,2.445053582704994
roll_3_60min_GRU_seed2026,11,0.36413777710264117,2.4154665211306665
roll_3_60min_GRU_seed2026,12,0.3515101050318972,2.3793633932224045
roll_3_60min_GRU_seed2026,13,0.3372591294731188,2.3576729761073834
roll_3_60min_GRU_seed2026,14,0.3232091107756349,2.346933945975463
roll_3_60min_GRU_seed2026,15,0.31046996910333946,2.3181587772193324
roll_3_60min_GRU_seed2026,16,0.30023838550197135,2.2885000378132783
roll_3_60min_GRU_seed2026,17,0.28872504082138395,2.2763436234626733
roll_3_60min_GRU_seed2026,18,0.2773464444851802,2.295653957325109
roll_3_60min_GRU_seed2026,19,0.2661297515543091,2.28823312291855
roll_3_60min_GRU_seed2026,20,0.2582938329949877,2.307990707677937
roll_3_60min_GRU_seed2026,21,0.2536566431407332,2.3161482455155746
roll_3_60min_GRU_seed2026,22,0.24807286857118507,2.3552905151063994
roll_3_60min_GRU_seed2026,23,0.24368581596283528,2.3548404641574705
roll_3_60min_GRU_seed2026,24,0.23523169111578823,2.372602824944927
